/*C2*/SET SCHEMA PUBLIC
DROP VIEW trace_log IF EXISTS CASCADE
DROP VIEW histograms_log IF EXISTS CASCADE
DROP VIEW datasets_log IF EXISTS CASCADE
DROP VIEW statistics_log IF EXISTS CASCADE
DROP VIEW agent_type_statechart_stats_log IF EXISTS CASCADE
DROP VIEW agent_statechart_stats_log IF EXISTS CASCADE
DROP VIEW agent_statechart_states_log IF EXISTS CASCADE
DROP VIEW statechart_transitions_log IF EXISTS CASCADE
DROP VIEW fluid_utilization_log IF EXISTS CASCADE
DROP VIEW fluid_rates_log IF EXISTS CASCADE
DROP VIEW fluid_storages_log IF EXISTS CASCADE
DROP VIEW fluid_units_log IF EXISTS CASCADE
DROP VIEW resource_unit_utilization_log IF EXISTS CASCADE
DROP VIEW resource_pool_utilization_log IF EXISTS CASCADE
DROP VIEW resource_pool_task_stats_log IF EXISTS CASCADE
DROP VIEW resource_unit_task_stats_log IF EXISTS CASCADE
DROP VIEW resource_unit_states_log IF EXISTS CASCADE
DROP VIEW flowchart_stats_time_in_state_log IF EXISTS CASCADE
DROP VIEW flowchart_process_states_log IF EXISTS CASCADE
DROP VIEW flowchart_entries_log IF EXISTS CASCADE
DROP VIEW events_log IF EXISTS CASCADE
DROP VIEW agent_messages_log IF EXISTS CASCADE
DROP VIEW agent_movement_stats_log IF EXISTS CASCADE
DROP VIEW agent_movement_log IF EXISTS CASCADE
DROP VIEW library_block_parameters_log IF EXISTS CASCADE
DROP VIEW agent_parameters_log IF EXISTS CASCADE
DROP VIEW library_blocks_log IF EXISTS CASCADE
DROP VIEW agents_log IF EXISTS CASCADE
DROP TABLE fluid_utilization_raw_log IF EXISTS CASCADE
DROP TABLE fluid_rates_raw_log IF EXISTS CASCADE
DROP TABLE fluid_storages_raw_log IF EXISTS CASCADE
DROP TABLE fluid_units_raw_log IF EXISTS CASCADE
DROP TABLE resource_unit_utilization_raw_log IF EXISTS CASCADE
DROP TABLE resource_pool_utilization_raw_log IF EXISTS CASCADE
DROP TABLE resource_unit_states_raw_log IF EXISTS CASCADE
DROP TABLE histograms_raw_log IF EXISTS CASCADE
DROP TABLE datasets_raw_log IF EXISTS CASCADE
DROP TABLE statistics_raw_log IF EXISTS CASCADE
DROP TABLE flowchart_process_states_raw_log IF EXISTS CASCADE
DROP TABLE flowchart_entries_raw_log IF EXISTS CASCADE
DROP TABLE agent_messages_raw_log IF EXISTS CASCADE
DROP TABLE agent_movement_raw_log IF EXISTS CASCADE
DROP TABLE events_raw_log IF EXISTS CASCADE
DROP TABLE statechart_transitions_raw_log IF EXISTS CASCADE
DROP TABLE statechart_states_raw_log IF EXISTS CASCADE
DROP TABLE trace_raw_log IF EXISTS CASCADE
DROP TABLE agent_elements_raw_log IF EXISTS CASCADE
DROP TABLE agent_type_statecharts_raw_log IF EXISTS CASCADE
DROP TABLE agent_type_elements_raw_log IF EXISTS CASCADE
DROP TABLE agent_parameters_raw_log IF EXISTS CASCADE
DROP TABLE destroyed_agents_raw_log IF EXISTS CASCADE
DROP TABLE agents_raw_log IF EXISTS CASCADE
DROP TABLE agent_types_raw_log IF EXISTS CASCADE
DROP FUNCTION al_format_agent_name_log IF EXISTS CASCADE
DROP FUNCTION al_format_agent_type_name_log IF EXISTS CASCADE
DELETE FROM AL_DB_OBJECTS WHERE NAME='al_format_agent_type_name_log' AND TYPE='FUNCTION' AND USAGE='LOG'
DELETE FROM AL_DB_OBJECTS WHERE NAME='al_format_agent_name_log' AND TYPE='FUNCTION' AND USAGE='LOG'
DELETE FROM AL_DB_OBJECTS WHERE NAME='agent_types_raw_log' AND TYPE='TABLE' AND USAGE='LOG'
DELETE FROM AL_DB_OBJECTS WHERE NAME='agents_raw_log' AND TYPE='TABLE' AND USAGE='LOG'
DELETE FROM AL_DB_OBJECTS WHERE NAME='destroyed_agents_raw_log' AND TYPE='TABLE' AND USAGE='LOG'
DELETE FROM AL_DB_OBJECTS WHERE NAME='agent_parameters_raw_log' AND TYPE='TABLE' AND USAGE='LOG'
DELETE FROM AL_DB_OBJECTS WHERE NAME='agent_type_elements_raw_log' AND TYPE='TABLE' AND USAGE='LOG'
DELETE FROM AL_DB_OBJECTS WHERE NAME='agent_type_statecharts_raw_log' AND TYPE='TABLE' AND USAGE='LOG'
DELETE FROM AL_DB_OBJECTS WHERE NAME='agent_elements_raw_log' AND TYPE='TABLE' AND USAGE='LOG'
DELETE FROM AL_DB_OBJECTS WHERE NAME='trace_raw_log' AND TYPE='TABLE' AND USAGE='LOG'
DELETE FROM AL_DB_OBJECTS WHERE NAME='statechart_states_raw_log' AND TYPE='TABLE' AND USAGE='LOG'
DELETE FROM AL_DB_OBJECTS WHERE NAME='statechart_transitions_raw_log' AND TYPE='TABLE' AND USAGE='LOG'
DELETE FROM AL_DB_OBJECTS WHERE NAME='events_raw_log' AND TYPE='TABLE' AND USAGE='LOG'
DELETE FROM AL_DB_OBJECTS WHERE NAME='agent_movement_raw_log' AND TYPE='TABLE' AND USAGE='LOG'
DELETE FROM AL_DB_OBJECTS WHERE NAME='agent_messages_raw_log' AND TYPE='TABLE' AND USAGE='LOG'
DELETE FROM AL_DB_OBJECTS WHERE NAME='flowchart_entries_raw_log' AND TYPE='TABLE' AND USAGE='LOG'
DELETE FROM AL_DB_OBJECTS WHERE NAME='flowchart_process_states_raw_log' AND TYPE='TABLE' AND USAGE='LOG'
DELETE FROM AL_DB_OBJECTS WHERE NAME='statistics_raw_log' AND TYPE='TABLE' AND USAGE='LOG'
DELETE FROM AL_DB_OBJECTS WHERE NAME='datasets_raw_log' AND TYPE='TABLE' AND USAGE='LOG'
DELETE FROM AL_DB_OBJECTS WHERE NAME='histograms_raw_log' AND TYPE='TABLE' AND USAGE='LOG'
DELETE FROM AL_DB_OBJECTS WHERE NAME='resource_unit_states_raw_log' AND TYPE='TABLE' AND USAGE='LOG'
DELETE FROM AL_DB_OBJECTS WHERE NAME='resource_pool_utilization_raw_log' AND TYPE='TABLE' AND USAGE='LOG'
DELETE FROM AL_DB_OBJECTS WHERE NAME='resource_unit_utilization_raw_log' AND TYPE='TABLE' AND USAGE='LOG'
DELETE FROM AL_DB_OBJECTS WHERE NAME='fluid_units_raw_log' AND TYPE='TABLE' AND USAGE='LOG'
DELETE FROM AL_DB_OBJECTS WHERE NAME='fluid_storages_raw_log' AND TYPE='TABLE' AND USAGE='LOG'
DELETE FROM AL_DB_OBJECTS WHERE NAME='fluid_rates_raw_log' AND TYPE='TABLE' AND USAGE='LOG'
DELETE FROM AL_DB_OBJECTS WHERE NAME='fluid_utilization_raw_log' AND TYPE='TABLE' AND USAGE='LOG'
DELETE FROM AL_DB_OBJECTS WHERE NAME='agents_log' AND TYPE='VIEW' AND USAGE='LOG'
DELETE FROM AL_DB_OBJECTS WHERE NAME='library_blocks_log' AND TYPE='VIEW' AND USAGE='LOG'
DELETE FROM AL_DB_OBJECTS WHERE NAME='agent_parameters_log' AND TYPE='VIEW' AND USAGE='LOG'
DELETE FROM AL_DB_OBJECTS WHERE NAME='library_block_parameters_log' AND TYPE='VIEW' AND USAGE='LOG'
DELETE FROM AL_DB_OBJECTS WHERE NAME='agent_movement_log' AND TYPE='VIEW' AND USAGE='LOG'
DELETE FROM AL_DB_OBJECTS WHERE NAME='agent_movement_stats_log' AND TYPE='VIEW' AND USAGE='LOG'
DELETE FROM AL_DB_OBJECTS WHERE NAME='agent_messages_log' AND TYPE='VIEW' AND USAGE='LOG'
DELETE FROM AL_DB_OBJECTS WHERE NAME='events_log' AND TYPE='VIEW' AND USAGE='LOG'
DELETE FROM AL_DB_OBJECTS WHERE NAME='flowchart_entries_log' AND TYPE='VIEW' AND USAGE='LOG'
DELETE FROM AL_DB_OBJECTS WHERE NAME='flowchart_process_states_log' AND TYPE='VIEW' AND USAGE='LOG'
DELETE FROM AL_DB_OBJECTS WHERE NAME='flowchart_stats_time_in_state_log' AND TYPE='VIEW' AND USAGE='LOG'
DELETE FROM AL_DB_OBJECTS WHERE NAME='resource_unit_states_log' AND TYPE='VIEW' AND USAGE='LOG'
DELETE FROM AL_DB_OBJECTS WHERE NAME='resource_unit_task_stats_log' AND TYPE='VIEW' AND USAGE='LOG'
DELETE FROM AL_DB_OBJECTS WHERE NAME='resource_pool_task_stats_log' AND TYPE='VIEW' AND USAGE='LOG'
DELETE FROM AL_DB_OBJECTS WHERE NAME='resource_pool_utilization_log' AND TYPE='VIEW' AND USAGE='LOG'
DELETE FROM AL_DB_OBJECTS WHERE NAME='resource_unit_utilization_log' AND TYPE='VIEW' AND USAGE='LOG'
DELETE FROM AL_DB_OBJECTS WHERE NAME='fluid_units_log' AND TYPE='VIEW' AND USAGE='LOG'
DELETE FROM AL_DB_OBJECTS WHERE NAME='fluid_storages_log' AND TYPE='VIEW' AND USAGE='LOG'
DELETE FROM AL_DB_OBJECTS WHERE NAME='fluid_rates_log' AND TYPE='VIEW' AND USAGE='LOG'
DELETE FROM AL_DB_OBJECTS WHERE NAME='fluid_utilization_log' AND TYPE='VIEW' AND USAGE='LOG'
DELETE FROM AL_DB_OBJECTS WHERE NAME='statechart_transitions_log' AND TYPE='VIEW' AND USAGE='LOG'
DELETE FROM AL_DB_OBJECTS WHERE NAME='agent_statechart_states_log' AND TYPE='VIEW' AND USAGE='LOG'
DELETE FROM AL_DB_OBJECTS WHERE NAME='agent_statechart_stats_log' AND TYPE='VIEW' AND USAGE='LOG'
DELETE FROM AL_DB_OBJECTS WHERE NAME='agent_type_statechart_stats_log' AND TYPE='VIEW' AND USAGE='LOG'
DELETE FROM AL_DB_OBJECTS WHERE NAME='statistics_log' AND TYPE='VIEW' AND USAGE='LOG'
DELETE FROM AL_DB_OBJECTS WHERE NAME='datasets_log' AND TYPE='VIEW' AND USAGE='LOG'
DELETE FROM AL_DB_OBJECTS WHERE NAME='histograms_log' AND TYPE='VIEW' AND USAGE='LOG'
DELETE FROM AL_DB_OBJECTS WHERE NAME='trace_log' AND TYPE='VIEW' AND USAGE='LOG'
COMMIT
CREATE FUNCTION al_format_agent_type_name_log (agentType LONGVARCHAR) RETURNS LONGVARCHAR\u000aBEGIN ATOMIC\u000a\u0009DECLARE dotIndex INT;\u000a\u0009SET dotIndex = LOCATE ('.', REVERSE (agentType));\u000a\u0009IF dotIndex = 0 THEN\u000a\u0009\u0009RETURN agentType;\u000a\u0009END IF;\u000a\u0009RETURN REVERSE (SUBSTRING (REVERSE (agentType), 0, dotIndex));\u000aEND
INSERT INTO AL_DB_OBJECTS VALUES('al_format_agent_type_name_log','FUNCTION','LOG')
COMMIT
CREATE FUNCTION al_format_agent_name_log (name LONGVARCHAR, id INT) RETURNS LONGVARCHAR\u000aBEGIN ATOMIC\u000a\u0009DECLARE index INT;\u000a\u0009DECLARE result LONGVARCHAR;\u000a\u0009SET result = name;\u000a\u0009SET index = LOCATE ('root.', name);\u000a\u0009IF index = 1 THEN\u000a\u0009\u0009SET result = SUBSTRING (result, LENGTH('root.') + 1, LENGTH(result));\u000a\u0009END IF;\u000a\u0009SET index = LOCATE('[', result);\u0009IF index > 0 THEN\u000a\u0009\u0009SET result = CONCAT (result, ' : ', id);\u000a\u0009END IF;\u000a\u0009RETURN result;\u000aEND
INSERT INTO AL_DB_OBJECTS VALUES('al_format_agent_name_log','FUNCTION','LOG')
COMMIT
CREATE CACHED TABLE IF NOT EXISTS agent_types_raw_log (ID INT PRIMARY KEY, NAME VARCHAR(255), COUNTER INT GENERATED BY DEFAULT AS IDENTITY UNIQUE)
INSERT INTO AL_DB_OBJECTS VALUES('agent_types_raw_log','TABLE','LOG')
COMMIT
CREATE CACHED TABLE IF NOT EXISTS agents_raw_log (ID INT PRIMARY KEY, AGENT_TYPE_ID INT, NAME VARCHAR(255), DATE TIMESTAMP, COUNTER INT GENERATED BY DEFAULT AS IDENTITY UNIQUE,  CONSTRAINT AGENT_TYPE_REF FOREIGN KEY (AGENT_TYPE_ID) REFERENCES agent_types_raw_log(Id))
INSERT INTO AL_DB_OBJECTS VALUES('agents_raw_log','TABLE','LOG')
COMMIT
CREATE CACHED TABLE IF NOT EXISTS destroyed_agents_raw_log (AGENT_ID INT, DATE TIMESTAMP, COUNTER INT GENERATED BY DEFAULT AS IDENTITY UNIQUE,  CONSTRAINT DESTROYED_AGENT_REF FOREIGN KEY (AGENT_ID) REFERENCES agents_raw_log(Id) )
INSERT INTO AL_DB_OBJECTS VALUES('destroyed_agents_raw_log','TABLE','LOG')
COMMIT
CREATE CACHED TABLE IF NOT EXISTS agent_parameters_raw_log (AGENT_ID INT, PARAMETER_NAME VARCHAR(255), PARAMETER_VALUE LONGVARCHAR, COUNTER INT GENERATED BY DEFAULT AS IDENTITY UNIQUE, CONSTRAINT AGENT_PARAMETERS_AGENT_REF FOREIGN KEY (AGENT_ID) REFERENCES agents_raw_log(Id) )
INSERT INTO AL_DB_OBJECTS VALUES('agent_parameters_raw_log','TABLE','LOG')
COMMIT
CREATE CACHED TABLE IF NOT EXISTS agent_type_elements_raw_log (ID INT PRIMARY KEY, AGENT_TYPE_ID INT, NAME VARCHAR(255), COUNTER INT GENERATED BY DEFAULT AS IDENTITY UNIQUE, CONSTRAINT ELEMENT_TO_AGENT_TYPE_REF FOREIGN KEY (AGENT_TYPE_ID) REFERENCES agent_types_raw_log(Id))
INSERT INTO AL_DB_OBJECTS VALUES('agent_type_elements_raw_log','TABLE','LOG')
COMMIT
CREATE CACHED TABLE IF NOT EXISTS agent_type_statecharts_raw_log (STATECHART_ID INT, ELEMENT_ID INT, COUNTER INT GENERATED BY DEFAULT AS IDENTITY UNIQUE, CONSTRAINT STATECHARTS_STATECHART_TO_ELEMENT_REF FOREIGN KEY (STATECHART_ID) REFERENCES agent_type_elements_raw_log(Id),CONSTRAINT STATECHARTS_ELEMENT_TO_ELEMENT_REF FOREIGN KEY (ELEMENT_ID) REFERENCES agent_type_elements_raw_log(Id))
INSERT INTO AL_DB_OBJECTS VALUES('agent_type_statecharts_raw_log','TABLE','LOG')
COMMIT
CREATE CACHED TABLE IF NOT EXISTS agent_elements_raw_log (ID INT PRIMARY KEY, AGENT_ID INT, NAME VARCHAR(255), COUNTER INT GENERATED BY DEFAULT AS IDENTITY UNIQUE, CONSTRAINT ELEMENT_TO_AGENT_REF FOREIGN KEY (AGENT_ID) REFERENCES agents_raw_log(Id))
INSERT INTO AL_DB_OBJECTS VALUES('agent_elements_raw_log','TABLE','LOG')
COMMIT
CREATE CACHED TABLE IF NOT EXISTS trace_raw_log (COUNTER INT GENERATED BY DEFAULT AS IDENTITY UNIQUE,  AGENT_ID INT, DATE TIMESTAMP, MESSAGE_TEXT LONGVARCHAR, CONSTRAINT TRACE_LOG_AGENT_REF FOREIGN KEY (AGENT_ID) REFERENCES agents_raw_log(Id))
INSERT INTO AL_DB_OBJECTS VALUES('trace_raw_log','TABLE','LOG')
COMMIT
CREATE CACHED TABLE IF NOT EXISTS statechart_states_raw_log (AGENT_ID INT, STATE_ID INT, ENTRY_DATE TIMESTAMP, EXIT_DATE TIMESTAMP, COUNTER INT GENERATED BY DEFAULT AS IDENTITY UNIQUE, CONSTRAINT STATECHART_STATES_AGENT_REF FOREIGN KEY (AGENT_ID) REFERENCES agents_raw_log(ID),CONSTRAINT STATECHART_STATES_STATE_REF FOREIGN KEY (STATE_ID) REFERENCES agent_type_elements_raw_log(ID))
INSERT INTO AL_DB_OBJECTS VALUES('statechart_states_raw_log','TABLE','LOG')
COMMIT
CREATE CACHED TABLE IF NOT EXISTS statechart_transitions_raw_log (AGENT_ID INT, TRANSITION_ID INT, FROM_STATE_ID INT, DATE TIMESTAMP, COUNTER INT GENERATED BY DEFAULT AS IDENTITY UNIQUE, CONSTRAINT STATECHART_AGENT_REF FOREIGN KEY (AGENT_ID) REFERENCES agents_raw_log(ID),CONSTRAINT TRANSITION_REF FOREIGN KEY (TRANSITION_ID) REFERENCES agent_type_elements_raw_log(ID),CONSTRAINT FROM_STATE_REF FOREIGN KEY (FROM_STATE_ID) REFERENCES agent_type_elements_raw_log(ID))
INSERT INTO AL_DB_OBJECTS VALUES('statechart_transitions_raw_log','TABLE','LOG')
COMMIT
CREATE CACHED TABLE IF NOT EXISTS events_raw_log (EVENT_ID INT, DATE TIMESTAMP, COUNTER INT GENERATED BY DEFAULT AS IDENTITY UNIQUE, CONSTRAINT EVENT_REF FOREIGN KEY (EVENT_ID) REFERENCES agent_type_elements_raw_log(ID))
INSERT INTO AL_DB_OBJECTS VALUES('events_raw_log','TABLE','LOG')
COMMIT
CREATE CACHED TABLE IF NOT EXISTS agent_movement_raw_log (AGENT_ID INT, SPEED FLOAT, START_DATE TIMESTAMP, STOP_DATE TIMESTAMP, COUNTER INT GENERATED BY DEFAULT AS IDENTITY UNIQUE, CONSTRAINT MOVEMENT_AGENT_REF FOREIGN KEY (AGENT_ID) REFERENCES agents_raw_log(ID))
INSERT INTO AL_DB_OBJECTS VALUES('agent_movement_raw_log','TABLE','LOG')
COMMIT
CREATE CACHED TABLE IF NOT EXISTS agent_messages_raw_log (AGENT_ID INT, SENDER_ID INT, MESSAGE LONGVARCHAR, DATE TIMESTAMP, COUNTER INT GENERATED BY DEFAULT AS IDENTITY UNIQUE,  CONSTRAINT MESSAGES_AGENT_REF FOREIGN KEY (AGENT_ID) REFERENCES agents_raw_log(ID),CONSTRAINT MESSAGES_SENDER_AGENT_REF FOREIGN KEY (SENDER_ID) REFERENCES agents_raw_log(ID))
INSERT INTO AL_DB_OBJECTS VALUES('agent_messages_raw_log','TABLE','LOG')
COMMIT
CREATE CACHED TABLE IF NOT EXISTS flowchart_entries_raw_log (COUNTER INT GENERATED BY DEFAULT AS IDENTITY UNIQUE,  AGENT_ID INT, BLOCK_ID INT, ENTRY_DATE TIMESTAMP, CONSTRAINT FLOWCHART_ENTRIES_ENTITY_AGENT_REF FOREIGN KEY (AGENT_ID) REFERENCES agents_raw_log(ID),CONSTRAINT FLOWCHART_ENTRIES_BLOCK_AGENT_REF FOREIGN KEY (BLOCK_ID) REFERENCES agents_raw_log(ID))
INSERT INTO AL_DB_OBJECTS VALUES('flowchart_entries_raw_log','TABLE','LOG')
COMMIT
CREATE CACHED TABLE IF NOT EXISTS flowchart_process_states_raw_log (AGENT_ID INT, BLOCK_ID INT, ACTIVITY_TYPE VARCHAR(20), START_DATE TIMESTAMP, STOP_DATE TIMESTAMP,  COUNTER INT GENERATED BY DEFAULT AS IDENTITY UNIQUE, CONSTRAINT FLOWCHART_PROCESS_STATES_ENTITY_AGENT_REF FOREIGN KEY (AGENT_ID) REFERENCES agents_raw_log(ID),CONSTRAINT FLOWCHART_PROCESS_STATES_BLOCK_AGENT_REF FOREIGN KEY (BLOCK_ID) REFERENCES agents_raw_log(ID))
INSERT INTO AL_DB_OBJECTS VALUES('flowchart_process_states_raw_log','TABLE','LOG')
COMMIT
CREATE CACHED TABLE IF NOT EXISTS statistics_raw_log (AGENT_ID INT, NAME VARCHAR(255), MEAN FLOAT, DEVIATION FLOAT, MINIMUM FLOAT, MAXIMUM FLOAT, MEAN_CONFIDENCE FLOAT, NUMBER INT, COUNTER INT GENERATED BY DEFAULT AS IDENTITY UNIQUE, CONSTRAINT STATISTICS_AGENT_REF FOREIGN KEY (AGENT_ID) REFERENCES agents_raw_log(ID))
INSERT INTO AL_DB_OBJECTS VALUES('statistics_raw_log','TABLE','LOG')
COMMIT
CREATE CACHED TABLE IF NOT EXISTS datasets_raw_log (ELEMENT_ID INT, INDEX INT, X FLOAT, Y FLOAT, COUNTER INT GENERATED BY DEFAULT AS IDENTITY UNIQUE, CONSTRAINT DATASETS_ELEMENT_REF FOREIGN KEY (ELEMENT_ID) REFERENCES agent_elements_raw_log(ID))
INSERT INTO AL_DB_OBJECTS VALUES('datasets_raw_log','TABLE','LOG')
COMMIT
CREATE CACHED TABLE IF NOT EXISTS histograms_raw_log (ELEMENT_ID INT, START FLOAT, END FLOAT, PDF FLOAT, CDF FLOAT, COUNTER INT GENERATED BY DEFAULT AS IDENTITY UNIQUE, CONSTRAINT HISTOGRAMS_ELEMENT_REF FOREIGN KEY (ELEMENT_ID) REFERENCES agent_elements_raw_log(ID))
INSERT INTO AL_DB_OBJECTS VALUES('histograms_raw_log','TABLE','LOG')
COMMIT
CREATE CACHED TABLE IF NOT EXISTS resource_unit_states_raw_log (UNIT_ID INT, POOL_ID INT, USAGE_STATE VARCHAR(20), TASK_TYPE VARCHAR(20), AGENT_ID INT, TASK_ID INT, START_DATE TIMESTAMP, STOP_DATE TIMESTAMP, COUNTER INT GENERATED BY DEFAULT AS IDENTITY UNIQUE, CONSTRAINT RESOURCE_UNIT_STATES_UNIT_AGENT_REF FOREIGN KEY (UNIT_ID) REFERENCES agents_raw_log(ID),CONSTRAINT RESOURCE_UNIT_STATES_POOL_AGENT_REF FOREIGN KEY (POOL_ID) REFERENCES agents_raw_log(ID),CONSTRAINT RESOURCE_UNIT_STATES_AGENT_AGENT_REF FOREIGN KEY (AGENT_ID) REFERENCES agents_raw_log(ID),CONSTRAINT RESOURCE_UNIT_STATES_TASK_AGENT_REF FOREIGN KEY (TASK_ID) REFERENCES agents_raw_log(ID))
INSERT INTO AL_DB_OBJECTS VALUES('resource_unit_states_raw_log','TABLE','LOG')
COMMIT
CREATE CACHED TABLE IF NOT EXISTS resource_pool_utilization_raw_log (POOL_ID INT, UTILIZATION FLOAT, SIZE INT, COUNTER INT GENERATED BY DEFAULT AS IDENTITY UNIQUE, CONSTRAINT RESOURCE_POOL_UTILIZATION_POOL_AGENT_REF FOREIGN KEY (POOL_ID) REFERENCES agents_raw_log(ID))
INSERT INTO AL_DB_OBJECTS VALUES('resource_pool_utilization_raw_log','TABLE','LOG')
COMMIT
CREATE CACHED TABLE IF NOT EXISTS resource_unit_utilization_raw_log (UNIT_ID INT, POOL_ID INT, UTILIZATION FLOAT, COUNTER INT GENERATED BY DEFAULT AS IDENTITY UNIQUE, CONSTRAINT RESOURCE_UNIT_UTILIZATION_UNIT_AGENT_REF FOREIGN KEY (UNIT_ID) REFERENCES agents_raw_log(ID),CONSTRAINT RESOURCE_UNIT_UTILIZATION_POOL_AGENT_REF FOREIGN KEY (POOL_ID) REFERENCES agents_raw_log(ID))
INSERT INTO AL_DB_OBJECTS VALUES('resource_unit_utilization_raw_log','TABLE','LOG')
COMMIT
CREATE CACHED TABLE IF NOT EXISTS fluid_units_raw_log (BLOCK_ID INT, AMOUNT_UNITS VARCHAR(20), RATE_UNITS VARCHAR(20), COUNTER INT GENERATED BY DEFAULT AS IDENTITY UNIQUE, CONSTRAINT FLUID_UNITS_BLOCK_AGENT_REF FOREIGN KEY (BLOCK_ID) REFERENCES agents_raw_log(ID))
INSERT INTO AL_DB_OBJECTS VALUES('fluid_units_raw_log','TABLE','LOG')
COMMIT
CREATE CACHED TABLE IF NOT EXISTS fluid_storages_raw_log (BLOCK_ID INT, MINIMUM FLOAT, MAXIMUM FLOAT, AVERAGE FLOAT, COUNTER INT GENERATED BY DEFAULT AS IDENTITY UNIQUE, CONSTRAINT FLUID_STORAGES_BLOCK_AGENT_REF FOREIGN KEY (BLOCK_ID) REFERENCES agents_raw_log(ID))
INSERT INTO AL_DB_OBJECTS VALUES('fluid_storages_raw_log','TABLE','LOG')
COMMIT
CREATE CACHED TABLE IF NOT EXISTS fluid_rates_raw_log (BLOCK_ID INT, PORT VARCHAR(20), TOTAL FLOAT, MINIMUM FLOAT, MAXIMUM FLOAT, AVERAGE FLOAT, COUNTER INT GENERATED BY DEFAULT AS IDENTITY UNIQUE, CONSTRAINT FLUID_RATES_BLOCK_AGENT_REF FOREIGN KEY (BLOCK_ID) REFERENCES agents_raw_log(ID))
INSERT INTO AL_DB_OBJECTS VALUES('fluid_rates_raw_log','TABLE','LOG')
COMMIT
CREATE CACHED TABLE IF NOT EXISTS fluid_utilization_raw_log (BLOCK_ID INT, UTILIZATION FLOAT, COUNTER INT GENERATED BY DEFAULT AS IDENTITY UNIQUE, CONSTRAINT FLUID_UTILIZATION_BLOCK_AGENT_REF FOREIGN KEY (BLOCK_ID) REFERENCES agents_raw_log(ID))
INSERT INTO AL_DB_OBJECTS VALUES('fluid_utilization_raw_log','TABLE','LOG')
COMMIT
CREATE VIEW agents_log AS SELECT al_format_agent_type_name_log(agent_types.NAME) type, al_format_agent_name_log(agents.NAME, agents.ID) name, agents.DATE BirthDate, destroyed_agents.DATE DeathDate FROM agent_types_raw_log agent_types INNER JOIN agents_raw_log agents ON agent_types.ID = agents.AGENT_TYPE_ID LEFT JOIN destroyed_agents_raw_log destroyed_agents ON agents.ID = destroyed_agents.AGENT_ID WHERE agent_types.NAME NOT LIKE 'com.anylogic.libraries.%' ORDER BY type, name
INSERT INTO AL_DB_OBJECTS VALUES('agents_log','VIEW','LOG')
COMMIT
CREATE VIEW library_blocks_log AS SELECT al_format_agent_type_name_log(agent_types.NAME) type, al_format_agent_name_log(agents.NAME, agents.ID) name, agents.DATE BirthDate, destroyed_agents.DATE DeathDate FROM agent_types_raw_log agent_types INNER JOIN agents_raw_log agents ON agent_types.ID = agents.AGENT_TYPE_ID LEFT JOIN destroyed_agents_raw_log destroyed_agents ON agents.ID = destroyed_agents.AGENT_ID WHERE agent_types.NAME LIKE 'com.anylogic.libraries.%' ORDER BY type, name
INSERT INTO AL_DB_OBJECTS VALUES('library_blocks_log','VIEW','LOG')
COMMIT
CREATE VIEW agent_parameters_log AS SELECT al_format_agent_type_name_log(agent_types.NAME) agent_type, al_format_agent_name_log(agents.NAME, agents.ID) agent, parameters.PARAMETER_NAME parameter_name, parameters.PARAMETER_VALUE parameter_value FROM agent_parameters_raw_log parameters INNER JOIN agents_raw_log agents ON parameters.AGENT_ID = agents.ID INNER JOIN agent_types_raw_log agent_types ON agents.AGENT_TYPE_ID = agent_types.ID WHERE agent_types.NAME NOT LIKE 'com.anylogic.libraries.%' ORDER BY agent_type, agent
INSERT INTO AL_DB_OBJECTS VALUES('agent_parameters_log','VIEW','LOG')
COMMIT
CREATE VIEW library_block_parameters_log AS SELECT al_format_agent_type_name_log(agent_types.NAME) block_type, al_format_agent_name_log(agents.NAME, agents.ID) block, parameters.PARAMETER_NAME parameter_name, parameters.PARAMETER_VALUE parameter_value FROM agent_parameters_raw_log parameters INNER JOIN agents_raw_log agents ON parameters.AGENT_ID = agents.ID INNER JOIN agent_types_raw_log agent_types ON agents.AGENT_TYPE_ID = agent_types.ID WHERE agent_types.NAME LIKE 'com.anylogic.libraries.%' ORDER BY block_type, block
INSERT INTO AL_DB_OBJECTS VALUES('library_block_parameters_log','VIEW','LOG')
COMMIT
CREATE VIEW agent_movement_log AS SELECT al_format_agent_type_name_log(agent_types.NAME) type, al_format_agent_name_log(agents.NAME, agents.ID) agent, agent_movement.SPEED speed, agent_movement.START_DATE start_date, agent_movement.STOP_DATE stop_date FROM agent_movement_raw_log agent_movement INNER JOIN agents_raw_log agents ON agent_movement.AGENT_ID = agents.ID INNER JOIN agent_types_raw_log agent_types ON agents.AGENT_TYPE_ID = agent_types.ID ORDER BY start_date
INSERT INTO AL_DB_OBJECTS VALUES('agent_movement_log','VIEW','LOG')
COMMIT
CREATE VIEW agent_movement_stats_log AS SELECT al_format_agent_type_name_log(agent_types.NAME) type, al_format_agent_name_log(agents.NAME, agents.ID) agent, agent_movement.total_meters total_meters, agent_movement.total_seconds total_seconds, agent_movement.avg_speed_mps avg_speed_mps FROM (   SELECT     AGENT_ID,     SUM(CAST( DATEDIFF('millisecond', START_DATE, STOP_DATE) AS DOUBLE ) * SPEED) / 1000 total_meters,     SUM(CAST( DATEDIFF('millisecond', START_DATE, STOP_DATE) AS DOUBLE )) / 1000 total_seconds,     SUM(CAST( DATEDIFF('millisecond', START_DATE, STOP_DATE) AS DOUBLE ) * SPEED)       / SUM(CAST( DATEDIFF('millisecond', START_DATE, STOP_DATE) AS DOUBLE )) avg_speed_mps   FROM agent_movement_raw_log   GROUP BY AGENT_ID) agent_movement INNER JOIN agents_raw_log agents ON agent_movement.AGENT_ID = agents.ID INNER JOIN agent_types_raw_log agent_types ON agents.AGENT_TYPE_ID = agent_types.ID ORDER BY type, agent
INSERT INTO AL_DB_OBJECTS VALUES('agent_movement_stats_log','VIEW','LOG')
COMMIT
CREATE VIEW agent_messages_log AS SELECT am.MESSAGE message, al_format_agent_name_log(a1.NAME, a1.ID) recipient, al_format_agent_type_name_log(at1.NAME) recipient_type, al_format_agent_name_log(a2.NAME, a2.ID) sender, al_format_agent_type_name_log(at2.NAME) sender_type, am.DATE date, am.COUNTER counter FROM agent_messages_raw_log am INNER JOIN agents_raw_log a1 ON am.AGENT_ID = a1.ID INNER JOIN agent_types_raw_log at1 ON a1.AGENT_TYPE_ID = at1.ID LEFT JOIN agents_raw_log a2 ON am.SENDER_ID = a2.ID LEFT JOIN agent_types_raw_log at2 ON a2.AGENT_TYPE_ID = at2.ID ORDER BY am.COUNTER
INSERT INTO AL_DB_OBJECTS VALUES('agent_messages_log','VIEW','LOG')
COMMIT
CREATE VIEW events_log AS SELECT agent_type_elements.NAME event_name, events.DATE date, al_format_agent_type_name_log(agent_types.NAME) agent_type, al_format_agent_name_log(agents.NAME, agents.ID) agent FROM events_raw_log events INNER JOIN agent_type_elements_raw_log agent_type_elements ON events.EVENT_ID = agent_type_elements.ID INNER JOIN agents_raw_log agents ON agent_type_elements.AGENT_TYPE_ID = agents.ID INNER JOIN agent_types_raw_log agent_types ON agent_type_elements.AGENT_TYPE_ID = agent_types.ID ORDER BY events.DATE
INSERT INTO AL_DB_OBJECTS VALUES('events_log','VIEW','LOG')
COMMIT
CREATE VIEW flowchart_entries_log AS SELECT \u0009flowchart_entries.COUNTER counter, \u0009al_format_agent_type_name_log(agent_types.NAME) agent_type, \u0009al_format_agent_name_log(agents.NAME, agents.ID) agent, \u0009al_format_agent_type_name_log(block_types.NAME) block_type, \u0009al_format_agent_name_log(blocks.NAME, blocks.ID) block, \u0009flowchart_entries.ENTRY_DATE entry_date FROM flowchart_entries_raw_log flowchart_entries INNER JOIN agents_raw_log agents ON flowchart_entries.AGENT_ID = agents.ID INNER JOIN agent_types_raw_log agent_types ON agents.AGENT_TYPE_ID = agent_types.ID LEFT JOIN agents_raw_log blocks ON flowchart_entries.BLOCK_ID = blocks.ID LEFT JOIN agent_types_raw_log block_types ON blocks.AGENT_TYPE_ID = block_types.ID ORDER BY flowchart_entries.ENTRY_DATE
INSERT INTO AL_DB_OBJECTS VALUES('flowchart_entries_log','VIEW','LOG')
COMMIT
CREATE VIEW flowchart_process_states_log AS SELECT al_format_agent_type_name_log(agent_types.NAME) agent_type, al_format_agent_name_log(agents.NAME, agents.ID) agent, al_format_agent_type_name_log(block_types.NAME) block_type, al_format_agent_name_log(blocks.NAME, blocks.ID) block, flowchart_process_states.ACTIVITY_TYPE activity_type, flowchart_process_states.START_DATE start_date, flowchart_process_states.STOP_DATE stop_date FROM flowchart_process_states_raw_log flowchart_process_states INNER JOIN agents_raw_log agents ON flowchart_process_states.AGENT_ID = agents.ID INNER JOIN agent_types_raw_log agent_types ON agents.AGENT_TYPE_ID = agent_types.ID INNER JOIN agents_raw_log blocks ON flowchart_process_states.BLOCK_ID = blocks.ID INNER JOIN agent_types_raw_log block_types ON blocks.AGENT_TYPE_ID = block_types.ID ORDER BY flowchart_process_states.START_DATE
INSERT INTO AL_DB_OBJECTS VALUES('flowchart_process_states_log','VIEW','LOG')
COMMIT
CREATE VIEW flowchart_stats_time_in_state_log AS SELECT al_format_agent_type_name_log(block_types.NAME) block_type, al_format_agent_name_log(blocks.NAME, blocks.ID) block, flowchart_process_states.activity_type activity_type, flowchart_process_states.mean_seconds mean_seconds, flowchart_process_states.total_seconds total_seconds, flowchart_process_states.min_seconds min_seconds, flowchart_process_states.max_seconds max_seconds, flowchart_process_states.n_agents n_agents FROM (   SELECT     BLOCK_ID block_id,     ACTIVITY_TYPE activity_type,     AVG(CAST( DATEDIFF('millisecond', START_DATE, STOP_DATE) AS DOUBLE )) / 1000 mean_seconds,     SUM(CAST( DATEDIFF('millisecond', START_DATE, STOP_DATE) AS DOUBLE )) / 1000 total_seconds,     MIN(CAST( DATEDIFF('millisecond', START_DATE, STOP_DATE) AS DOUBLE )) / 1000 min_seconds,     MAX(CAST( DATEDIFF('millisecond', START_DATE, STOP_DATE) AS DOUBLE )) / 1000 max_seconds,     COUNT( DISTINCT AGENT_ID ) n_agents   FROM flowchart_process_states_raw_log flowchart_process_states   GROUP BY BLOCK_ID, ACTIVITY_TYPE) flowchart_process_states INNER JOIN agents_raw_log blocks ON flowchart_process_states.BLOCK_ID = blocks.ID INNER JOIN agent_types_raw_log block_types ON blocks.AGENT_TYPE_ID = block_types.ID ORDER BY block_type, block, activity_type
INSERT INTO AL_DB_OBJECTS VALUES('flowchart_stats_time_in_state_log','VIEW','LOG')
COMMIT
CREATE VIEW resource_unit_states_log AS SELECT al_format_agent_type_name_log(unit_types.NAME) unit_type, al_format_agent_name_log(units.NAME, units.ID) unit, al_format_agent_name_log(pools.NAME, pools.ID) resource_pool, resource_unit_states.USAGE_STATE usage_state, CASE WHEN resource_unit_states.TASK_TYPE = 'TASK_CUSTOM' THEN al_format_agent_name_log(tasks.NAME, tasks.ID) ELSE resource_unit_states.TASK_TYPE END task, al_format_agent_type_name_log(agent_types.NAME) agent_type, al_format_agent_name_log(agents.NAME, agents.ID) agent, resource_unit_states.START_DATE start_date, resource_unit_states.STOP_DATE stop_date FROM resource_unit_states_raw_log resource_unit_states INNER JOIN agents_raw_log units ON resource_unit_states.UNIT_ID = units.ID INNER JOIN agent_types_raw_log unit_types ON units.AGENT_TYPE_ID = unit_types.ID INNER JOIN agents_raw_log pools ON resource_unit_states.POOL_ID = pools.ID LEFT JOIN agents_raw_log agents ON resource_unit_states.AGENT_ID = agents.ID LEFT JOIN agent_types_raw_log agent_types ON agents.AGENT_TYPE_ID = agent_types.ID LEFT JOIN agents_raw_log tasks ON resource_unit_states.TASK_ID = tasks.ID ORDER BY resource_unit_states.START_DATE
INSERT INTO AL_DB_OBJECTS VALUES('resource_unit_states_log','VIEW','LOG')
COMMIT
CREATE VIEW resource_unit_task_stats_log AS SELECT al_format_agent_type_name_log(unit_types.NAME) unit_type, al_format_agent_name_log(pools.NAME, pools.ID) resource_pool, al_format_agent_name_log(units.NAME, units.ID) unit, CASE WHEN resource_unit_states.TASK_TYPE = 'TASK_CUSTOM' THEN al_format_agent_name_log(tasks.NAME, tasks.ID) ELSE resource_unit_states.TASK_TYPE END task, resource_unit_states.mean_seconds mean_seconds, resource_unit_states.total_seconds total_seconds, resource_unit_states.n_tasks n_tasks FROM (   SELECT     UNIT_ID unit_id,     POOL_ID pool_id,     TASK_TYPE task_type,     TASK_ID task_id,     AVG(CAST( DATEDIFF('millisecond', START_DATE, STOP_DATE) AS DOUBLE )) / 1000 mean_seconds,     SUM(CAST( DATEDIFF('millisecond', START_DATE, STOP_DATE) AS DOUBLE )) / 1000 total_seconds,     COUNT(START_DATE) n_tasks   FROM resource_unit_states_raw_log   GROUP BY UNIT_ID, POOL_ID, TASK_TYPE, TASK_ID ) resource_unit_states INNER JOIN agents_raw_log units ON resource_unit_states.UNIT_ID = units.ID INNER JOIN agent_types_raw_log unit_types ON units.AGENT_TYPE_ID = unit_types.ID INNER JOIN agents_raw_log pools ON resource_unit_states.POOL_ID = pools.ID LEFT JOIN agents_raw_log tasks ON resource_unit_states.TASK_ID = tasks.ID ORDER BY unit_type, resource_pool, unit, resource_unit_states.TASK_TYPE, tasks.NAME
INSERT INTO AL_DB_OBJECTS VALUES('resource_unit_task_stats_log','VIEW','LOG')
COMMIT
CREATE VIEW resource_pool_task_stats_log AS SELECT al_format_agent_type_name_log(unit_types.NAME) unit_type, al_format_agent_name_log(pools.NAME, pools.ID) resource_pool, CASE WHEN resource_unit_states.TASK_TYPE = 'TASK_CUSTOM' THEN tasks.NAME ELSE resource_unit_states.TASK_TYPE END task, resource_unit_states.mean_seconds mean_seconds, resource_unit_states.total_seconds total_seconds, resource_unit_states.n_tasks n_tasks FROM (   SELECT     u.AGENT_TYPE_ID unit_type_id,     s.POOL_ID pool_id,     s.TASK_TYPE task_type,     s.TASK_ID task_id,     AVG(CAST( DATEDIFF('millisecond', s.START_DATE, s.STOP_DATE) AS DOUBLE )) / 1000 mean_seconds,     SUM(CAST( DATEDIFF('millisecond', s.START_DATE, s.STOP_DATE) AS DOUBLE )) / 1000 total_seconds,     COUNT(s.START_DATE) n_tasks   FROM resource_unit_states_raw_log s   INNER JOIN agents_raw_log u ON s.UNIT_ID = u.ID   GROUP BY u.AGENT_TYPE_ID, s.POOL_ID, s.TASK_TYPE, s.TASK_ID ) resource_unit_states INNER JOIN agent_types_raw_log unit_types ON resource_unit_states.unit_type_id = unit_types.ID INNER JOIN agents_raw_log pools ON resource_unit_states.POOL_ID = pools.ID LEFT JOIN agents_raw_log tasks ON resource_unit_states.TASK_ID = tasks.ID ORDER BY unit_type, resource_pool, resource_unit_states.TASK_TYPE, tasks.NAME
INSERT INTO AL_DB_OBJECTS VALUES('resource_pool_task_stats_log','VIEW','LOG')
COMMIT
CREATE VIEW resource_pool_utilization_log AS SELECT al_format_agent_name_log(pools.NAME, pools.ID) resource_pool, resource_pool_utilization.UTILIZATION utilization, resource_pool_utilization.SIZE size FROM resource_pool_utilization_raw_log resource_pool_utilization INNER JOIN agents_raw_log pools ON resource_pool_utilization.POOL_ID = pools.ID ORDER BY resource_pool
INSERT INTO AL_DB_OBJECTS VALUES('resource_pool_utilization_log','VIEW','LOG')
COMMIT
CREATE VIEW resource_unit_utilization_log AS SELECT al_format_agent_type_name_log(unit_types.NAME) unit_type, al_format_agent_name_log(pools.NAME, pools.ID) resource_pool, al_format_agent_name_log(units.NAME, units.ID) unit, resource_unit_utilization.UTILIZATION utilization FROM resource_unit_utilization_raw_log resource_unit_utilization INNER JOIN agents_raw_log units ON resource_unit_utilization.UNIT_ID = units.ID INNER JOIN agent_types_raw_log unit_types ON units.AGENT_TYPE_ID = unit_types.ID INNER JOIN agents_raw_log pools ON resource_unit_utilization.POOL_ID = pools.ID ORDER BY unit_type, resource_pool
INSERT INTO AL_DB_OBJECTS VALUES('resource_unit_utilization_log','VIEW','LOG')
COMMIT
CREATE VIEW fluid_units_log AS SELECT al_format_agent_type_name_log(block_types.NAME) block_type, al_format_agent_name_log(blocks.NAME, blocks.ID) block, units.AMOUNT_UNITS amount_units, units.RATE_UNITS rate_units FROM fluid_units_raw_log units INNER JOIN agents_raw_log blocks ON units.BLOCK_ID = blocks.ID INNER JOIN agent_types_raw_log block_types ON blocks.AGENT_TYPE_ID = block_types.ID ORDER BY block_type, block
INSERT INTO AL_DB_OBJECTS VALUES('fluid_units_log','VIEW','LOG')
COMMIT
CREATE VIEW fluid_storages_log AS SELECT al_format_agent_type_name_log(block_types.NAME) block_type, al_format_agent_name_log(blocks.NAME, blocks.ID) block, storages.MINIMUM minimum, storages.MAXIMUM maximum, storages.AVERAGE average FROM fluid_storages_raw_log storages INNER JOIN agents_raw_log blocks ON storages.BLOCK_ID = blocks.ID INNER JOIN agent_types_raw_log block_types ON blocks.AGENT_TYPE_ID = block_types.ID ORDER BY block_type, block
INSERT INTO AL_DB_OBJECTS VALUES('fluid_storages_log','VIEW','LOG')
COMMIT
CREATE VIEW fluid_rates_log AS SELECT al_format_agent_type_name_log(block_types.NAME) block_type, al_format_agent_name_log(blocks.NAME, blocks.ID) block, rates.PORT port, rates.TOTAL total_amount,rates.MINIMUM minimum_rate, rates.MAXIMUM maximum_rate, rates.AVERAGE average_rate FROM fluid_rates_raw_log rates INNER JOIN agents_raw_log blocks ON rates.BLOCK_ID = blocks.ID INNER JOIN agent_types_raw_log block_types ON blocks.AGENT_TYPE_ID = block_types.ID ORDER BY block_type, block
INSERT INTO AL_DB_OBJECTS VALUES('fluid_rates_log','VIEW','LOG')
COMMIT
CREATE VIEW fluid_utilization_log AS SELECT al_format_agent_type_name_log(block_types.NAME) block_type, al_format_agent_name_log(blocks.NAME, blocks.ID) block, utilization.UTILIZATION utilization FROM fluid_utilization_raw_log utilization INNER JOIN agents_raw_log blocks ON utilization.BLOCK_ID = blocks.ID INNER JOIN agent_types_raw_log block_types ON blocks.AGENT_TYPE_ID = block_types.ID ORDER BY block_type, block
INSERT INTO AL_DB_OBJECTS VALUES('fluid_utilization_log','VIEW','LOG')
COMMIT
CREATE VIEW statechart_transitions_log AS SELECT al_format_agent_type_name_log(agent_types.NAME) agent_type, al_format_agent_name_log(agents.NAME, agents.ID) agent, transitions.NAME transition, states.NAME from_state, statechart_transitions.DATE date FROM statechart_transitions_raw_log statechart_transitions INNER JOIN agents_raw_log agents ON statechart_transitions.AGENT_ID = agents.ID INNER JOIN agent_types_raw_log agent_types ON agents.AGENT_TYPE_ID = agent_types.ID LEFT JOIN agent_type_elements_raw_log transitions ON statechart_transitions.TRANSITION_ID = transitions.ID INNER JOIN agent_type_elements_raw_log states ON statechart_transitions.FROM_STATE_ID = states.ID ORDER BY statechart_transitions.DATE
INSERT INTO AL_DB_OBJECTS VALUES('statechart_transitions_log','VIEW','LOG')
COMMIT
CREATE VIEW agent_statechart_states_log AS SELECT al_format_agent_type_name_log(agent_types.NAME) agent_type, al_format_agent_name_log(agents.NAME, agents.ID) agent, elements_statecharts.NAME statechart, elements_states.NAME state, statechart_states.ENTRY_DATE entry_date, statechart_states.EXIT_DATE exit_date FROM statechart_states_raw_log statechart_states INNER JOIN agents_raw_log agents ON statechart_states.AGENT_ID = agents.ID INNER JOIN agent_types_raw_log agent_types ON agents.AGENT_TYPE_ID = agent_types.ID INNER JOIN agent_type_statecharts_raw_log agent_type_statecharts ON agent_type_statecharts.ELEMENT_ID = statechart_states.STATE_ID INNER JOIN agent_type_elements_raw_log elements_statecharts ON agent_type_statecharts.STATECHART_ID = elements_statecharts.ID INNER JOIN agent_type_elements_raw_log elements_states ON statechart_states.STATE_ID = elements_states.ID ORDER BY agent_type, agent, statechart, statechart_states.ENTRY_DATE
INSERT INTO AL_DB_OBJECTS VALUES('agent_statechart_states_log','VIEW','LOG')
COMMIT
CREATE VIEW agent_statechart_stats_log AS SELECT al_format_agent_type_name_log(agent_types.NAME) agent_type, al_format_agent_name_log(agents.NAME, agents.ID) agent, elements_statecharts.NAME statechart, elements_states.NAME state, statechart_states.mean_seconds mean_seconds, statechart_states.total_seconds total_seconds, statechart_states.n_entries n_entries FROM (   SELECT     AGENT_ID agent_id,     STATE_ID state_id,     AVG(CAST( DATEDIFF('millisecond', ENTRY_DATE, EXIT_DATE) AS DOUBLE )) / 1000 mean_seconds,     SUM(CAST( DATEDIFF('millisecond', ENTRY_DATE, EXIT_DATE) AS DOUBLE )) / 1000 total_seconds,     COUNT(ENTRY_DATE) n_entries   FROM statechart_states_raw_log   GROUP BY AGENT_ID, STATE_ID ) statechart_states INNER JOIN agents_raw_log agents ON statechart_states.AGENT_ID = agents.ID INNER JOIN agent_types_raw_log agent_types ON agents.AGENT_TYPE_ID = agent_types.ID INNER JOIN agent_type_statecharts_raw_log agent_type_statecharts ON agent_type_statecharts.ELEMENT_ID = statechart_states.STATE_ID INNER JOIN agent_type_elements_raw_log elements_statecharts ON agent_type_statecharts.STATECHART_ID = elements_statecharts.ID INNER JOIN agent_type_elements_raw_log elements_states ON statechart_states.STATE_ID = elements_states.ID ORDER BY agent_type, agent, statechart, state
INSERT INTO AL_DB_OBJECTS VALUES('agent_statechart_stats_log','VIEW','LOG')
COMMIT
CREATE VIEW agent_type_statechart_stats_log AS SELECT al_format_agent_type_name_log(agent_types.NAME) agent_type, elements_statecharts.NAME statechart, elements_states.NAME state, statechart_states.mean_seconds mean_seconds, statechart_states.total_seconds total_seconds, statechart_states.min_seconds min_seconds, statechart_states.max_seconds max_seconds, statechart_states.n_entries n_entries FROM (   SELECT     a.AGENT_TYPE_ID agent_type_id,     s.STATE_ID state_id,     AVG(CAST( DATEDIFF('millisecond', s.ENTRY_DATE, s.EXIT_DATE) AS DOUBLE )) / 1000 mean_seconds,     SUM(CAST( DATEDIFF('millisecond', s.ENTRY_DATE, s.EXIT_DATE) AS DOUBLE )) / 1000 total_seconds,     MIN(CAST( DATEDIFF('millisecond', s.ENTRY_DATE, s.EXIT_DATE) AS DOUBLE )) / 1000 min_seconds,     MAX(CAST( DATEDIFF('millisecond', s.ENTRY_DATE, s.EXIT_DATE) AS DOUBLE )) / 1000 max_seconds,     COUNT(s.ENTRY_DATE) n_entries   FROM statechart_states_raw_log s   INNER JOIN agents_raw_log a ON s.AGENT_ID = a.ID   GROUP BY a.AGENT_TYPE_ID, s.STATE_ID ) statechart_states INNER JOIN agent_types_raw_log agent_types ON statechart_states.agent_type_id = agent_types.ID INNER JOIN agent_type_statecharts_raw_log agent_type_statecharts ON agent_type_statecharts.ELEMENT_ID = statechart_states.STATE_ID INNER JOIN agent_type_elements_raw_log elements_statecharts ON agent_type_statecharts.STATECHART_ID = elements_statecharts.ID INNER JOIN agent_type_elements_raw_log elements_states ON statechart_states.STATE_ID = elements_states.ID ORDER BY agent_type, statechart, state
INSERT INTO AL_DB_OBJECTS VALUES('agent_type_statechart_stats_log','VIEW','LOG')
COMMIT
CREATE VIEW statistics_log AS SELECT al_format_agent_type_name_log(agent_types.NAME) agent_type, al_format_agent_name_log(agents.NAME, agents.ID) agent, statistics.NAME name, statistics.MEAN mean, statistics.DEVIATION deviation, statistics.MINIMUM minimum, statistics.MAXIMUM maximum, statistics.MEAN_CONFIDENCE mean_confidence, statistics.NUMBER number FROM statistics_raw_log statistics LEFT JOIN agents_raw_log agents ON statistics.AGENT_ID = agents.ID LEFT JOIN agent_types_raw_log agent_types ON agents.AGENT_TYPE_ID = agent_types.ID ORDER BY agent_type, agent, statistics.NAME
INSERT INTO AL_DB_OBJECTS VALUES('statistics_log','VIEW','LOG')
COMMIT
CREATE VIEW datasets_log AS SELECT al_format_agent_type_name_log(agent_types.NAME) agent_type, al_format_agent_name_log(agents.NAME, agents.ID) agent, agent_elements.NAME name, datasets.INDEX index, datasets.X x, datasets.Y y FROM datasets_raw_log datasets LEFT JOIN agent_elements_raw_log agent_elements ON datasets.ELEMENT_ID = agent_elements.ID LEFT JOIN agents_raw_log agents ON agent_elements.AGENT_ID = agents.ID LEFT JOIN agent_types_raw_log agent_types ON agents.AGENT_TYPE_ID = agent_types.ID ORDER BY agent_type, agent, agent_elements.NAME, datasets.INDEX
INSERT INTO AL_DB_OBJECTS VALUES('datasets_log','VIEW','LOG')
COMMIT
CREATE VIEW histograms_log AS SELECT al_format_agent_type_name_log(agent_types.NAME) agent_type, al_format_agent_name_log(agents.NAME, agents.ID) agent, agent_elements.NAME name, histograms.START start, histograms.END end, histograms.PDF pdf, histograms.CDF cdf FROM histograms_raw_log histograms LEFT JOIN agent_elements_raw_log agent_elements ON histograms.ELEMENT_ID = agent_elements.ID LEFT JOIN agents_raw_log agents ON agent_elements.AGENT_ID = agents.ID LEFT JOIN agent_types_raw_log agent_types ON agents.AGENT_TYPE_ID = agent_types.ID ORDER BY agent_type, agent, agent_elements.NAME, histograms.START
INSERT INTO AL_DB_OBJECTS VALUES('histograms_log','VIEW','LOG')
COMMIT
CREATE VIEW trace_log AS SELECT trace.MESSAGE_TEXT message_text, trace.DATE date, trace.COUNTER counter, al_format_agent_type_name_log(agent_types.NAME) agent_type, al_format_agent_name_log(agents.NAME, agents.ID) agent FROM trace_raw_log trace LEFT JOIN agents_raw_log agents ON trace.AGENT_ID = agents.ID LEFT JOIN agent_types_raw_log agent_types ON agents.AGENT_TYPE_ID = agent_types.ID ORDER BY trace.COUNTER
INSERT INTO AL_DB_OBJECTS VALUES('trace_log','VIEW','LOG')
COMMIT
DROP VIEW trace_log IF EXISTS CASCADE
DROP VIEW histograms_log IF EXISTS CASCADE
DROP VIEW datasets_log IF EXISTS CASCADE
DROP VIEW statistics_log IF EXISTS CASCADE
DROP VIEW agent_type_statechart_stats_log IF EXISTS CASCADE
DROP VIEW agent_statechart_stats_log IF EXISTS CASCADE
DROP VIEW agent_statechart_states_log IF EXISTS CASCADE
DROP VIEW statechart_transitions_log IF EXISTS CASCADE
DROP VIEW fluid_utilization_log IF EXISTS CASCADE
DROP VIEW fluid_rates_log IF EXISTS CASCADE
DROP VIEW fluid_storages_log IF EXISTS CASCADE
DROP VIEW fluid_units_log IF EXISTS CASCADE
DROP VIEW resource_unit_utilization_log IF EXISTS CASCADE
DROP VIEW resource_pool_utilization_log IF EXISTS CASCADE
DROP VIEW resource_pool_task_stats_log IF EXISTS CASCADE
DROP VIEW resource_unit_task_stats_log IF EXISTS CASCADE
DROP VIEW resource_unit_states_log IF EXISTS CASCADE
DROP VIEW flowchart_stats_time_in_state_log IF EXISTS CASCADE
DROP VIEW flowchart_process_states_log IF EXISTS CASCADE
DROP VIEW flowchart_entries_log IF EXISTS CASCADE
DROP VIEW events_log IF EXISTS CASCADE
DROP VIEW agent_messages_log IF EXISTS CASCADE
DROP VIEW agent_movement_stats_log IF EXISTS CASCADE
DROP VIEW agent_movement_log IF EXISTS CASCADE
DROP VIEW library_block_parameters_log IF EXISTS CASCADE
DROP VIEW agent_parameters_log IF EXISTS CASCADE
DROP VIEW library_blocks_log IF EXISTS CASCADE
DROP VIEW agents_log IF EXISTS CASCADE
DROP TABLE fluid_utilization_raw_log IF EXISTS CASCADE
DROP TABLE fluid_rates_raw_log IF EXISTS CASCADE
DROP TABLE fluid_storages_raw_log IF EXISTS CASCADE
DROP TABLE fluid_units_raw_log IF EXISTS CASCADE
DROP TABLE resource_unit_utilization_raw_log IF EXISTS CASCADE
DROP TABLE resource_pool_utilization_raw_log IF EXISTS CASCADE
DROP TABLE resource_unit_states_raw_log IF EXISTS CASCADE
DROP TABLE histograms_raw_log IF EXISTS CASCADE
DROP TABLE datasets_raw_log IF EXISTS CASCADE
DROP TABLE statistics_raw_log IF EXISTS CASCADE
DROP TABLE flowchart_process_states_raw_log IF EXISTS CASCADE
DROP TABLE flowchart_entries_raw_log IF EXISTS CASCADE
DROP TABLE agent_messages_raw_log IF EXISTS CASCADE
DROP TABLE agent_movement_raw_log IF EXISTS CASCADE
DROP TABLE events_raw_log IF EXISTS CASCADE
DROP TABLE statechart_transitions_raw_log IF EXISTS CASCADE
DROP TABLE statechart_states_raw_log IF EXISTS CASCADE
DROP TABLE trace_raw_log IF EXISTS CASCADE
DROP TABLE agent_elements_raw_log IF EXISTS CASCADE
DROP TABLE agent_type_statecharts_raw_log IF EXISTS CASCADE
DROP TABLE agent_type_elements_raw_log IF EXISTS CASCADE
DROP TABLE agent_parameters_raw_log IF EXISTS CASCADE
DROP TABLE destroyed_agents_raw_log IF EXISTS CASCADE
DROP TABLE agents_raw_log IF EXISTS CASCADE
DROP TABLE agent_types_raw_log IF EXISTS CASCADE
DROP FUNCTION al_format_agent_name_log IF EXISTS CASCADE
DROP FUNCTION al_format_agent_type_name_log IF EXISTS CASCADE
DELETE FROM AL_DB_OBJECTS WHERE NAME='al_format_agent_type_name_log' AND TYPE='FUNCTION' AND USAGE='LOG'
DELETE FROM AL_DB_OBJECTS WHERE NAME='al_format_agent_name_log' AND TYPE='FUNCTION' AND USAGE='LOG'
DELETE FROM AL_DB_OBJECTS WHERE NAME='agent_types_raw_log' AND TYPE='TABLE' AND USAGE='LOG'
DELETE FROM AL_DB_OBJECTS WHERE NAME='agents_raw_log' AND TYPE='TABLE' AND USAGE='LOG'
DELETE FROM AL_DB_OBJECTS WHERE NAME='destroyed_agents_raw_log' AND TYPE='TABLE' AND USAGE='LOG'
DELETE FROM AL_DB_OBJECTS WHERE NAME='agent_parameters_raw_log' AND TYPE='TABLE' AND USAGE='LOG'
DELETE FROM AL_DB_OBJECTS WHERE NAME='agent_type_elements_raw_log' AND TYPE='TABLE' AND USAGE='LOG'
DELETE FROM AL_DB_OBJECTS WHERE NAME='agent_type_statecharts_raw_log' AND TYPE='TABLE' AND USAGE='LOG'
DELETE FROM AL_DB_OBJECTS WHERE NAME='agent_elements_raw_log' AND TYPE='TABLE' AND USAGE='LOG'
DELETE FROM AL_DB_OBJECTS WHERE NAME='trace_raw_log' AND TYPE='TABLE' AND USAGE='LOG'
DELETE FROM AL_DB_OBJECTS WHERE NAME='statechart_states_raw_log' AND TYPE='TABLE' AND USAGE='LOG'
DELETE FROM AL_DB_OBJECTS WHERE NAME='statechart_transitions_raw_log' AND TYPE='TABLE' AND USAGE='LOG'
DELETE FROM AL_DB_OBJECTS WHERE NAME='events_raw_log' AND TYPE='TABLE' AND USAGE='LOG'
DELETE FROM AL_DB_OBJECTS WHERE NAME='agent_movement_raw_log' AND TYPE='TABLE' AND USAGE='LOG'
DELETE FROM AL_DB_OBJECTS WHERE NAME='agent_messages_raw_log' AND TYPE='TABLE' AND USAGE='LOG'
DELETE FROM AL_DB_OBJECTS WHERE NAME='flowchart_entries_raw_log' AND TYPE='TABLE' AND USAGE='LOG'
DELETE FROM AL_DB_OBJECTS WHERE NAME='flowchart_process_states_raw_log' AND TYPE='TABLE' AND USAGE='LOG'
DELETE FROM AL_DB_OBJECTS WHERE NAME='statistics_raw_log' AND TYPE='TABLE' AND USAGE='LOG'
DELETE FROM AL_DB_OBJECTS WHERE NAME='datasets_raw_log' AND TYPE='TABLE' AND USAGE='LOG'
DELETE FROM AL_DB_OBJECTS WHERE NAME='histograms_raw_log' AND TYPE='TABLE' AND USAGE='LOG'
DELETE FROM AL_DB_OBJECTS WHERE NAME='resource_unit_states_raw_log' AND TYPE='TABLE' AND USAGE='LOG'
DELETE FROM AL_DB_OBJECTS WHERE NAME='resource_pool_utilization_raw_log' AND TYPE='TABLE' AND USAGE='LOG'
DELETE FROM AL_DB_OBJECTS WHERE NAME='resource_unit_utilization_raw_log' AND TYPE='TABLE' AND USAGE='LOG'
DELETE FROM AL_DB_OBJECTS WHERE NAME='fluid_units_raw_log' AND TYPE='TABLE' AND USAGE='LOG'
DELETE FROM AL_DB_OBJECTS WHERE NAME='fluid_storages_raw_log' AND TYPE='TABLE' AND USAGE='LOG'
DELETE FROM AL_DB_OBJECTS WHERE NAME='fluid_rates_raw_log' AND TYPE='TABLE' AND USAGE='LOG'
DELETE FROM AL_DB_OBJECTS WHERE NAME='fluid_utilization_raw_log' AND TYPE='TABLE' AND USAGE='LOG'
DELETE FROM AL_DB_OBJECTS WHERE NAME='agents_log' AND TYPE='VIEW' AND USAGE='LOG'
DELETE FROM AL_DB_OBJECTS WHERE NAME='library_blocks_log' AND TYPE='VIEW' AND USAGE='LOG'
DELETE FROM AL_DB_OBJECTS WHERE NAME='agent_parameters_log' AND TYPE='VIEW' AND USAGE='LOG'
DELETE FROM AL_DB_OBJECTS WHERE NAME='library_block_parameters_log' AND TYPE='VIEW' AND USAGE='LOG'
DELETE FROM AL_DB_OBJECTS WHERE NAME='agent_movement_log' AND TYPE='VIEW' AND USAGE='LOG'
DELETE FROM AL_DB_OBJECTS WHERE NAME='agent_movement_stats_log' AND TYPE='VIEW' AND USAGE='LOG'
DELETE FROM AL_DB_OBJECTS WHERE NAME='agent_messages_log' AND TYPE='VIEW' AND USAGE='LOG'
DELETE FROM AL_DB_OBJECTS WHERE NAME='events_log' AND TYPE='VIEW' AND USAGE='LOG'
DELETE FROM AL_DB_OBJECTS WHERE NAME='flowchart_entries_log' AND TYPE='VIEW' AND USAGE='LOG'
DELETE FROM AL_DB_OBJECTS WHERE NAME='flowchart_process_states_log' AND TYPE='VIEW' AND USAGE='LOG'
DELETE FROM AL_DB_OBJECTS WHERE NAME='flowchart_stats_time_in_state_log' AND TYPE='VIEW' AND USAGE='LOG'
DELETE FROM AL_DB_OBJECTS WHERE NAME='resource_unit_states_log' AND TYPE='VIEW' AND USAGE='LOG'
DELETE FROM AL_DB_OBJECTS WHERE NAME='resource_unit_task_stats_log' AND TYPE='VIEW' AND USAGE='LOG'
DELETE FROM AL_DB_OBJECTS WHERE NAME='resource_pool_task_stats_log' AND TYPE='VIEW' AND USAGE='LOG'
DELETE FROM AL_DB_OBJECTS WHERE NAME='resource_pool_utilization_log' AND TYPE='VIEW' AND USAGE='LOG'
DELETE FROM AL_DB_OBJECTS WHERE NAME='resource_unit_utilization_log' AND TYPE='VIEW' AND USAGE='LOG'
DELETE FROM AL_DB_OBJECTS WHERE NAME='fluid_units_log' AND TYPE='VIEW' AND USAGE='LOG'
DELETE FROM AL_DB_OBJECTS WHERE NAME='fluid_storages_log' AND TYPE='VIEW' AND USAGE='LOG'
DELETE FROM AL_DB_OBJECTS WHERE NAME='fluid_rates_log' AND TYPE='VIEW' AND USAGE='LOG'
DELETE FROM AL_DB_OBJECTS WHERE NAME='fluid_utilization_log' AND TYPE='VIEW' AND USAGE='LOG'
DELETE FROM AL_DB_OBJECTS WHERE NAME='statechart_transitions_log' AND TYPE='VIEW' AND USAGE='LOG'
DELETE FROM AL_DB_OBJECTS WHERE NAME='agent_statechart_states_log' AND TYPE='VIEW' AND USAGE='LOG'
DELETE FROM AL_DB_OBJECTS WHERE NAME='agent_statechart_stats_log' AND TYPE='VIEW' AND USAGE='LOG'
DELETE FROM AL_DB_OBJECTS WHERE NAME='agent_type_statechart_stats_log' AND TYPE='VIEW' AND USAGE='LOG'
DELETE FROM AL_DB_OBJECTS WHERE NAME='statistics_log' AND TYPE='VIEW' AND USAGE='LOG'
DELETE FROM AL_DB_OBJECTS WHERE NAME='datasets_log' AND TYPE='VIEW' AND USAGE='LOG'
DELETE FROM AL_DB_OBJECTS WHERE NAME='histograms_log' AND TYPE='VIEW' AND USAGE='LOG'
DELETE FROM AL_DB_OBJECTS WHERE NAME='trace_log' AND TYPE='VIEW' AND USAGE='LOG'
COMMIT
CREATE FUNCTION al_format_agent_type_name_log (agentType LONGVARCHAR) RETURNS LONGVARCHAR\u000aBEGIN ATOMIC\u000a\u0009DECLARE dotIndex INT;\u000a\u0009SET dotIndex = LOCATE ('.', REVERSE (agentType));\u000a\u0009IF dotIndex = 0 THEN\u000a\u0009\u0009RETURN agentType;\u000a\u0009END IF;\u000a\u0009RETURN REVERSE (SUBSTRING (REVERSE (agentType), 0, dotIndex));\u000aEND
INSERT INTO AL_DB_OBJECTS VALUES('al_format_agent_type_name_log','FUNCTION','LOG')
COMMIT
CREATE FUNCTION al_format_agent_name_log (name LONGVARCHAR, id INT) RETURNS LONGVARCHAR\u000aBEGIN ATOMIC\u000a\u0009DECLARE index INT;\u000a\u0009DECLARE result LONGVARCHAR;\u000a\u0009SET result = name;\u000a\u0009SET index = LOCATE ('root.', name);\u000a\u0009IF index = 1 THEN\u000a\u0009\u0009SET result = SUBSTRING (result, LENGTH('root.') + 1, LENGTH(result));\u000a\u0009END IF;\u000a\u0009SET index = LOCATE('[', result);\u0009IF index > 0 THEN\u000a\u0009\u0009SET result = CONCAT (result, ' : ', id);\u000a\u0009END IF;\u000a\u0009RETURN result;\u000aEND
INSERT INTO AL_DB_OBJECTS VALUES('al_format_agent_name_log','FUNCTION','LOG')
COMMIT
CREATE CACHED TABLE IF NOT EXISTS agent_types_raw_log (ID INT PRIMARY KEY, NAME VARCHAR(255), COUNTER INT GENERATED BY DEFAULT AS IDENTITY UNIQUE)
INSERT INTO AL_DB_OBJECTS VALUES('agent_types_raw_log','TABLE','LOG')
COMMIT
CREATE CACHED TABLE IF NOT EXISTS agents_raw_log (ID INT PRIMARY KEY, AGENT_TYPE_ID INT, NAME VARCHAR(255), DATE TIMESTAMP, COUNTER INT GENERATED BY DEFAULT AS IDENTITY UNIQUE,  CONSTRAINT AGENT_TYPE_REF FOREIGN KEY (AGENT_TYPE_ID) REFERENCES agent_types_raw_log(Id))
INSERT INTO AL_DB_OBJECTS VALUES('agents_raw_log','TABLE','LOG')
COMMIT
CREATE CACHED TABLE IF NOT EXISTS destroyed_agents_raw_log (AGENT_ID INT, DATE TIMESTAMP, COUNTER INT GENERATED BY DEFAULT AS IDENTITY UNIQUE,  CONSTRAINT DESTROYED_AGENT_REF FOREIGN KEY (AGENT_ID) REFERENCES agents_raw_log(Id) )
INSERT INTO AL_DB_OBJECTS VALUES('destroyed_agents_raw_log','TABLE','LOG')
COMMIT
CREATE CACHED TABLE IF NOT EXISTS agent_parameters_raw_log (AGENT_ID INT, PARAMETER_NAME VARCHAR(255), PARAMETER_VALUE LONGVARCHAR, COUNTER INT GENERATED BY DEFAULT AS IDENTITY UNIQUE, CONSTRAINT AGENT_PARAMETERS_AGENT_REF FOREIGN KEY (AGENT_ID) REFERENCES agents_raw_log(Id) )
INSERT INTO AL_DB_OBJECTS VALUES('agent_parameters_raw_log','TABLE','LOG')
COMMIT
CREATE CACHED TABLE IF NOT EXISTS agent_type_elements_raw_log (ID INT PRIMARY KEY, AGENT_TYPE_ID INT, NAME VARCHAR(255), COUNTER INT GENERATED BY DEFAULT AS IDENTITY UNIQUE, CONSTRAINT ELEMENT_TO_AGENT_TYPE_REF FOREIGN KEY (AGENT_TYPE_ID) REFERENCES agent_types_raw_log(Id))
INSERT INTO AL_DB_OBJECTS VALUES('agent_type_elements_raw_log','TABLE','LOG')
COMMIT
CREATE CACHED TABLE IF NOT EXISTS agent_type_statecharts_raw_log (STATECHART_ID INT, ELEMENT_ID INT, COUNTER INT GENERATED BY DEFAULT AS IDENTITY UNIQUE, CONSTRAINT STATECHARTS_STATECHART_TO_ELEMENT_REF FOREIGN KEY (STATECHART_ID) REFERENCES agent_type_elements_raw_log(Id),CONSTRAINT STATECHARTS_ELEMENT_TO_ELEMENT_REF FOREIGN KEY (ELEMENT_ID) REFERENCES agent_type_elements_raw_log(Id))
INSERT INTO AL_DB_OBJECTS VALUES('agent_type_statecharts_raw_log','TABLE','LOG')
COMMIT
CREATE CACHED TABLE IF NOT EXISTS agent_elements_raw_log (ID INT PRIMARY KEY, AGENT_ID INT, NAME VARCHAR(255), COUNTER INT GENERATED BY DEFAULT AS IDENTITY UNIQUE, CONSTRAINT ELEMENT_TO_AGENT_REF FOREIGN KEY (AGENT_ID) REFERENCES agents_raw_log(Id))
INSERT INTO AL_DB_OBJECTS VALUES('agent_elements_raw_log','TABLE','LOG')
COMMIT
CREATE CACHED TABLE IF NOT EXISTS trace_raw_log (COUNTER INT GENERATED BY DEFAULT AS IDENTITY UNIQUE,  AGENT_ID INT, DATE TIMESTAMP, MESSAGE_TEXT LONGVARCHAR, CONSTRAINT TRACE_LOG_AGENT_REF FOREIGN KEY (AGENT_ID) REFERENCES agents_raw_log(Id))
INSERT INTO AL_DB_OBJECTS VALUES('trace_raw_log','TABLE','LOG')
COMMIT
CREATE CACHED TABLE IF NOT EXISTS statechart_states_raw_log (AGENT_ID INT, STATE_ID INT, ENTRY_DATE TIMESTAMP, EXIT_DATE TIMESTAMP, COUNTER INT GENERATED BY DEFAULT AS IDENTITY UNIQUE, CONSTRAINT STATECHART_STATES_AGENT_REF FOREIGN KEY (AGENT_ID) REFERENCES agents_raw_log(ID),CONSTRAINT STATECHART_STATES_STATE_REF FOREIGN KEY (STATE_ID) REFERENCES agent_type_elements_raw_log(ID))
INSERT INTO AL_DB_OBJECTS VALUES('statechart_states_raw_log','TABLE','LOG')
COMMIT
CREATE CACHED TABLE IF NOT EXISTS statechart_transitions_raw_log (AGENT_ID INT, TRANSITION_ID INT, FROM_STATE_ID INT, DATE TIMESTAMP, COUNTER INT GENERATED BY DEFAULT AS IDENTITY UNIQUE, CONSTRAINT STATECHART_AGENT_REF FOREIGN KEY (AGENT_ID) REFERENCES agents_raw_log(ID),CONSTRAINT TRANSITION_REF FOREIGN KEY (TRANSITION_ID) REFERENCES agent_type_elements_raw_log(ID),CONSTRAINT FROM_STATE_REF FOREIGN KEY (FROM_STATE_ID) REFERENCES agent_type_elements_raw_log(ID))
INSERT INTO AL_DB_OBJECTS VALUES('statechart_transitions_raw_log','TABLE','LOG')
COMMIT
CREATE CACHED TABLE IF NOT EXISTS events_raw_log (EVENT_ID INT, DATE TIMESTAMP, COUNTER INT GENERATED BY DEFAULT AS IDENTITY UNIQUE, CONSTRAINT EVENT_REF FOREIGN KEY (EVENT_ID) REFERENCES agent_type_elements_raw_log(ID))
INSERT INTO AL_DB_OBJECTS VALUES('events_raw_log','TABLE','LOG')
COMMIT
CREATE CACHED TABLE IF NOT EXISTS agent_movement_raw_log (AGENT_ID INT, SPEED FLOAT, START_DATE TIMESTAMP, STOP_DATE TIMESTAMP, COUNTER INT GENERATED BY DEFAULT AS IDENTITY UNIQUE, CONSTRAINT MOVEMENT_AGENT_REF FOREIGN KEY (AGENT_ID) REFERENCES agents_raw_log(ID))
INSERT INTO AL_DB_OBJECTS VALUES('agent_movement_raw_log','TABLE','LOG')
COMMIT
CREATE CACHED TABLE IF NOT EXISTS agent_messages_raw_log (AGENT_ID INT, SENDER_ID INT, MESSAGE LONGVARCHAR, DATE TIMESTAMP, COUNTER INT GENERATED BY DEFAULT AS IDENTITY UNIQUE,  CONSTRAINT MESSAGES_AGENT_REF FOREIGN KEY (AGENT_ID) REFERENCES agents_raw_log(ID),CONSTRAINT MESSAGES_SENDER_AGENT_REF FOREIGN KEY (SENDER_ID) REFERENCES agents_raw_log(ID))
INSERT INTO AL_DB_OBJECTS VALUES('agent_messages_raw_log','TABLE','LOG')
COMMIT
CREATE CACHED TABLE IF NOT EXISTS flowchart_entries_raw_log (COUNTER INT GENERATED BY DEFAULT AS IDENTITY UNIQUE,  AGENT_ID INT, BLOCK_ID INT, ENTRY_DATE TIMESTAMP, CONSTRAINT FLOWCHART_ENTRIES_ENTITY_AGENT_REF FOREIGN KEY (AGENT_ID) REFERENCES agents_raw_log(ID),CONSTRAINT FLOWCHART_ENTRIES_BLOCK_AGENT_REF FOREIGN KEY (BLOCK_ID) REFERENCES agents_raw_log(ID))
INSERT INTO AL_DB_OBJECTS VALUES('flowchart_entries_raw_log','TABLE','LOG')
COMMIT
CREATE CACHED TABLE IF NOT EXISTS flowchart_process_states_raw_log (AGENT_ID INT, BLOCK_ID INT, ACTIVITY_TYPE VARCHAR(20), START_DATE TIMESTAMP, STOP_DATE TIMESTAMP,  COUNTER INT GENERATED BY DEFAULT AS IDENTITY UNIQUE, CONSTRAINT FLOWCHART_PROCESS_STATES_ENTITY_AGENT_REF FOREIGN KEY (AGENT_ID) REFERENCES agents_raw_log(ID),CONSTRAINT FLOWCHART_PROCESS_STATES_BLOCK_AGENT_REF FOREIGN KEY (BLOCK_ID) REFERENCES agents_raw_log(ID))
INSERT INTO AL_DB_OBJECTS VALUES('flowchart_process_states_raw_log','TABLE','LOG')
COMMIT
CREATE CACHED TABLE IF NOT EXISTS statistics_raw_log (AGENT_ID INT, NAME VARCHAR(255), MEAN FLOAT, DEVIATION FLOAT, MINIMUM FLOAT, MAXIMUM FLOAT, MEAN_CONFIDENCE FLOAT, NUMBER INT, COUNTER INT GENERATED BY DEFAULT AS IDENTITY UNIQUE, CONSTRAINT STATISTICS_AGENT_REF FOREIGN KEY (AGENT_ID) REFERENCES agents_raw_log(ID))
INSERT INTO AL_DB_OBJECTS VALUES('statistics_raw_log','TABLE','LOG')
COMMIT
CREATE CACHED TABLE IF NOT EXISTS datasets_raw_log (ELEMENT_ID INT, INDEX INT, X FLOAT, Y FLOAT, COUNTER INT GENERATED BY DEFAULT AS IDENTITY UNIQUE, CONSTRAINT DATASETS_ELEMENT_REF FOREIGN KEY (ELEMENT_ID) REFERENCES agent_elements_raw_log(ID))
INSERT INTO AL_DB_OBJECTS VALUES('datasets_raw_log','TABLE','LOG')
COMMIT
CREATE CACHED TABLE IF NOT EXISTS histograms_raw_log (ELEMENT_ID INT, START FLOAT, END FLOAT, PDF FLOAT, CDF FLOAT, COUNTER INT GENERATED BY DEFAULT AS IDENTITY UNIQUE, CONSTRAINT HISTOGRAMS_ELEMENT_REF FOREIGN KEY (ELEMENT_ID) REFERENCES agent_elements_raw_log(ID))
INSERT INTO AL_DB_OBJECTS VALUES('histograms_raw_log','TABLE','LOG')
COMMIT
CREATE CACHED TABLE IF NOT EXISTS resource_unit_states_raw_log (UNIT_ID INT, POOL_ID INT, USAGE_STATE VARCHAR(20), TASK_TYPE VARCHAR(20), AGENT_ID INT, TASK_ID INT, START_DATE TIMESTAMP, STOP_DATE TIMESTAMP, COUNTER INT GENERATED BY DEFAULT AS IDENTITY UNIQUE, CONSTRAINT RESOURCE_UNIT_STATES_UNIT_AGENT_REF FOREIGN KEY (UNIT_ID) REFERENCES agents_raw_log(ID),CONSTRAINT RESOURCE_UNIT_STATES_POOL_AGENT_REF FOREIGN KEY (POOL_ID) REFERENCES agents_raw_log(ID),CONSTRAINT RESOURCE_UNIT_STATES_AGENT_AGENT_REF FOREIGN KEY (AGENT_ID) REFERENCES agents_raw_log(ID),CONSTRAINT RESOURCE_UNIT_STATES_TASK_AGENT_REF FOREIGN KEY (TASK_ID) REFERENCES agents_raw_log(ID))
INSERT INTO AL_DB_OBJECTS VALUES('resource_unit_states_raw_log','TABLE','LOG')
COMMIT
CREATE CACHED TABLE IF NOT EXISTS resource_pool_utilization_raw_log (POOL_ID INT, UTILIZATION FLOAT, SIZE INT, COUNTER INT GENERATED BY DEFAULT AS IDENTITY UNIQUE, CONSTRAINT RESOURCE_POOL_UTILIZATION_POOL_AGENT_REF FOREIGN KEY (POOL_ID) REFERENCES agents_raw_log(ID))
INSERT INTO AL_DB_OBJECTS VALUES('resource_pool_utilization_raw_log','TABLE','LOG')
COMMIT
CREATE CACHED TABLE IF NOT EXISTS resource_unit_utilization_raw_log (UNIT_ID INT, POOL_ID INT, UTILIZATION FLOAT, COUNTER INT GENERATED BY DEFAULT AS IDENTITY UNIQUE, CONSTRAINT RESOURCE_UNIT_UTILIZATION_UNIT_AGENT_REF FOREIGN KEY (UNIT_ID) REFERENCES agents_raw_log(ID),CONSTRAINT RESOURCE_UNIT_UTILIZATION_POOL_AGENT_REF FOREIGN KEY (POOL_ID) REFERENCES agents_raw_log(ID))
INSERT INTO AL_DB_OBJECTS VALUES('resource_unit_utilization_raw_log','TABLE','LOG')
COMMIT
CREATE CACHED TABLE IF NOT EXISTS fluid_units_raw_log (BLOCK_ID INT, AMOUNT_UNITS VARCHAR(20), RATE_UNITS VARCHAR(20), COUNTER INT GENERATED BY DEFAULT AS IDENTITY UNIQUE, CONSTRAINT FLUID_UNITS_BLOCK_AGENT_REF FOREIGN KEY (BLOCK_ID) REFERENCES agents_raw_log(ID))
INSERT INTO AL_DB_OBJECTS VALUES('fluid_units_raw_log','TABLE','LOG')
COMMIT
CREATE CACHED TABLE IF NOT EXISTS fluid_storages_raw_log (BLOCK_ID INT, MINIMUM FLOAT, MAXIMUM FLOAT, AVERAGE FLOAT, COUNTER INT GENERATED BY DEFAULT AS IDENTITY UNIQUE, CONSTRAINT FLUID_STORAGES_BLOCK_AGENT_REF FOREIGN KEY (BLOCK_ID) REFERENCES agents_raw_log(ID))
INSERT INTO AL_DB_OBJECTS VALUES('fluid_storages_raw_log','TABLE','LOG')
COMMIT
CREATE CACHED TABLE IF NOT EXISTS fluid_rates_raw_log (BLOCK_ID INT, PORT VARCHAR(20), TOTAL FLOAT, MINIMUM FLOAT, MAXIMUM FLOAT, AVERAGE FLOAT, COUNTER INT GENERATED BY DEFAULT AS IDENTITY UNIQUE, CONSTRAINT FLUID_RATES_BLOCK_AGENT_REF FOREIGN KEY (BLOCK_ID) REFERENCES agents_raw_log(ID))
INSERT INTO AL_DB_OBJECTS VALUES('fluid_rates_raw_log','TABLE','LOG')
COMMIT
CREATE CACHED TABLE IF NOT EXISTS fluid_utilization_raw_log (BLOCK_ID INT, UTILIZATION FLOAT, COUNTER INT GENERATED BY DEFAULT AS IDENTITY UNIQUE, CONSTRAINT FLUID_UTILIZATION_BLOCK_AGENT_REF FOREIGN KEY (BLOCK_ID) REFERENCES agents_raw_log(ID))
INSERT INTO AL_DB_OBJECTS VALUES('fluid_utilization_raw_log','TABLE','LOG')
COMMIT
CREATE VIEW agents_log AS SELECT al_format_agent_type_name_log(agent_types.NAME) type, al_format_agent_name_log(agents.NAME, agents.ID) name, agents.DATE BirthDate, destroyed_agents.DATE DeathDate FROM agent_types_raw_log agent_types INNER JOIN agents_raw_log agents ON agent_types.ID = agents.AGENT_TYPE_ID LEFT JOIN destroyed_agents_raw_log destroyed_agents ON agents.ID = destroyed_agents.AGENT_ID WHERE agent_types.NAME NOT LIKE 'com.anylogic.libraries.%' ORDER BY type, name
INSERT INTO AL_DB_OBJECTS VALUES('agents_log','VIEW','LOG')
COMMIT
CREATE VIEW library_blocks_log AS SELECT al_format_agent_type_name_log(agent_types.NAME) type, al_format_agent_name_log(agents.NAME, agents.ID) name, agents.DATE BirthDate, destroyed_agents.DATE DeathDate FROM agent_types_raw_log agent_types INNER JOIN agents_raw_log agents ON agent_types.ID = agents.AGENT_TYPE_ID LEFT JOIN destroyed_agents_raw_log destroyed_agents ON agents.ID = destroyed_agents.AGENT_ID WHERE agent_types.NAME LIKE 'com.anylogic.libraries.%' ORDER BY type, name
INSERT INTO AL_DB_OBJECTS VALUES('library_blocks_log','VIEW','LOG')
COMMIT
CREATE VIEW agent_parameters_log AS SELECT al_format_agent_type_name_log(agent_types.NAME) agent_type, al_format_agent_name_log(agents.NAME, agents.ID) agent, parameters.PARAMETER_NAME parameter_name, parameters.PARAMETER_VALUE parameter_value FROM agent_parameters_raw_log parameters INNER JOIN agents_raw_log agents ON parameters.AGENT_ID = agents.ID INNER JOIN agent_types_raw_log agent_types ON agents.AGENT_TYPE_ID = agent_types.ID WHERE agent_types.NAME NOT LIKE 'com.anylogic.libraries.%' ORDER BY agent_type, agent
INSERT INTO AL_DB_OBJECTS VALUES('agent_parameters_log','VIEW','LOG')
COMMIT
CREATE VIEW library_block_parameters_log AS SELECT al_format_agent_type_name_log(agent_types.NAME) block_type, al_format_agent_name_log(agents.NAME, agents.ID) block, parameters.PARAMETER_NAME parameter_name, parameters.PARAMETER_VALUE parameter_value FROM agent_parameters_raw_log parameters INNER JOIN agents_raw_log agents ON parameters.AGENT_ID = agents.ID INNER JOIN agent_types_raw_log agent_types ON agents.AGENT_TYPE_ID = agent_types.ID WHERE agent_types.NAME LIKE 'com.anylogic.libraries.%' ORDER BY block_type, block
INSERT INTO AL_DB_OBJECTS VALUES('library_block_parameters_log','VIEW','LOG')
COMMIT
CREATE VIEW agent_movement_log AS SELECT al_format_agent_type_name_log(agent_types.NAME) type, al_format_agent_name_log(agents.NAME, agents.ID) agent, agent_movement.SPEED speed, agent_movement.START_DATE start_date, agent_movement.STOP_DATE stop_date FROM agent_movement_raw_log agent_movement INNER JOIN agents_raw_log agents ON agent_movement.AGENT_ID = agents.ID INNER JOIN agent_types_raw_log agent_types ON agents.AGENT_TYPE_ID = agent_types.ID ORDER BY start_date
INSERT INTO AL_DB_OBJECTS VALUES('agent_movement_log','VIEW','LOG')
COMMIT
CREATE VIEW agent_movement_stats_log AS SELECT al_format_agent_type_name_log(agent_types.NAME) type, al_format_agent_name_log(agents.NAME, agents.ID) agent, agent_movement.total_meters total_meters, agent_movement.total_seconds total_seconds, agent_movement.avg_speed_mps avg_speed_mps FROM (   SELECT     AGENT_ID,     SUM(CAST( DATEDIFF('millisecond', START_DATE, STOP_DATE) AS DOUBLE ) * SPEED) / 1000 total_meters,     SUM(CAST( DATEDIFF('millisecond', START_DATE, STOP_DATE) AS DOUBLE )) / 1000 total_seconds,     SUM(CAST( DATEDIFF('millisecond', START_DATE, STOP_DATE) AS DOUBLE ) * SPEED)       / SUM(CAST( DATEDIFF('millisecond', START_DATE, STOP_DATE) AS DOUBLE )) avg_speed_mps   FROM agent_movement_raw_log   GROUP BY AGENT_ID) agent_movement INNER JOIN agents_raw_log agents ON agent_movement.AGENT_ID = agents.ID INNER JOIN agent_types_raw_log agent_types ON agents.AGENT_TYPE_ID = agent_types.ID ORDER BY type, agent
INSERT INTO AL_DB_OBJECTS VALUES('agent_movement_stats_log','VIEW','LOG')
COMMIT
CREATE VIEW agent_messages_log AS SELECT am.MESSAGE message, al_format_agent_name_log(a1.NAME, a1.ID) recipient, al_format_agent_type_name_log(at1.NAME) recipient_type, al_format_agent_name_log(a2.NAME, a2.ID) sender, al_format_agent_type_name_log(at2.NAME) sender_type, am.DATE date, am.COUNTER counter FROM agent_messages_raw_log am INNER JOIN agents_raw_log a1 ON am.AGENT_ID = a1.ID INNER JOIN agent_types_raw_log at1 ON a1.AGENT_TYPE_ID = at1.ID LEFT JOIN agents_raw_log a2 ON am.SENDER_ID = a2.ID LEFT JOIN agent_types_raw_log at2 ON a2.AGENT_TYPE_ID = at2.ID ORDER BY am.COUNTER
INSERT INTO AL_DB_OBJECTS VALUES('agent_messages_log','VIEW','LOG')
COMMIT
CREATE VIEW events_log AS SELECT agent_type_elements.NAME event_name, events.DATE date, al_format_agent_type_name_log(agent_types.NAME) agent_type, al_format_agent_name_log(agents.NAME, agents.ID) agent FROM events_raw_log events INNER JOIN agent_type_elements_raw_log agent_type_elements ON events.EVENT_ID = agent_type_elements.ID INNER JOIN agents_raw_log agents ON agent_type_elements.AGENT_TYPE_ID = agents.ID INNER JOIN agent_types_raw_log agent_types ON agent_type_elements.AGENT_TYPE_ID = agent_types.ID ORDER BY events.DATE
INSERT INTO AL_DB_OBJECTS VALUES('events_log','VIEW','LOG')
COMMIT
CREATE VIEW flowchart_entries_log AS SELECT \u0009flowchart_entries.COUNTER counter, \u0009al_format_agent_type_name_log(agent_types.NAME) agent_type, \u0009al_format_agent_name_log(agents.NAME, agents.ID) agent, \u0009al_format_agent_type_name_log(block_types.NAME) block_type, \u0009al_format_agent_name_log(blocks.NAME, blocks.ID) block, \u0009flowchart_entries.ENTRY_DATE entry_date FROM flowchart_entries_raw_log flowchart_entries INNER JOIN agents_raw_log agents ON flowchart_entries.AGENT_ID = agents.ID INNER JOIN agent_types_raw_log agent_types ON agents.AGENT_TYPE_ID = agent_types.ID LEFT JOIN agents_raw_log blocks ON flowchart_entries.BLOCK_ID = blocks.ID LEFT JOIN agent_types_raw_log block_types ON blocks.AGENT_TYPE_ID = block_types.ID ORDER BY flowchart_entries.ENTRY_DATE
INSERT INTO AL_DB_OBJECTS VALUES('flowchart_entries_log','VIEW','LOG')
COMMIT
CREATE VIEW flowchart_process_states_log AS SELECT al_format_agent_type_name_log(agent_types.NAME) agent_type, al_format_agent_name_log(agents.NAME, agents.ID) agent, al_format_agent_type_name_log(block_types.NAME) block_type, al_format_agent_name_log(blocks.NAME, blocks.ID) block, flowchart_process_states.ACTIVITY_TYPE activity_type, flowchart_process_states.START_DATE start_date, flowchart_process_states.STOP_DATE stop_date FROM flowchart_process_states_raw_log flowchart_process_states INNER JOIN agents_raw_log agents ON flowchart_process_states.AGENT_ID = agents.ID INNER JOIN agent_types_raw_log agent_types ON agents.AGENT_TYPE_ID = agent_types.ID INNER JOIN agents_raw_log blocks ON flowchart_process_states.BLOCK_ID = blocks.ID INNER JOIN agent_types_raw_log block_types ON blocks.AGENT_TYPE_ID = block_types.ID ORDER BY flowchart_process_states.START_DATE
INSERT INTO AL_DB_OBJECTS VALUES('flowchart_process_states_log','VIEW','LOG')
COMMIT
CREATE VIEW flowchart_stats_time_in_state_log AS SELECT al_format_agent_type_name_log(block_types.NAME) block_type, al_format_agent_name_log(blocks.NAME, blocks.ID) block, flowchart_process_states.activity_type activity_type, flowchart_process_states.mean_seconds mean_seconds, flowchart_process_states.total_seconds total_seconds, flowchart_process_states.min_seconds min_seconds, flowchart_process_states.max_seconds max_seconds, flowchart_process_states.n_agents n_agents FROM (   SELECT     BLOCK_ID block_id,     ACTIVITY_TYPE activity_type,     AVG(CAST( DATEDIFF('millisecond', START_DATE, STOP_DATE) AS DOUBLE )) / 1000 mean_seconds,     SUM(CAST( DATEDIFF('millisecond', START_DATE, STOP_DATE) AS DOUBLE )) / 1000 total_seconds,     MIN(CAST( DATEDIFF('millisecond', START_DATE, STOP_DATE) AS DOUBLE )) / 1000 min_seconds,     MAX(CAST( DATEDIFF('millisecond', START_DATE, STOP_DATE) AS DOUBLE )) / 1000 max_seconds,     COUNT( DISTINCT AGENT_ID ) n_agents   FROM flowchart_process_states_raw_log flowchart_process_states   GROUP BY BLOCK_ID, ACTIVITY_TYPE) flowchart_process_states INNER JOIN agents_raw_log blocks ON flowchart_process_states.BLOCK_ID = blocks.ID INNER JOIN agent_types_raw_log block_types ON blocks.AGENT_TYPE_ID = block_types.ID ORDER BY block_type, block, activity_type
INSERT INTO AL_DB_OBJECTS VALUES('flowchart_stats_time_in_state_log','VIEW','LOG')
COMMIT
CREATE VIEW resource_unit_states_log AS SELECT al_format_agent_type_name_log(unit_types.NAME) unit_type, al_format_agent_name_log(units.NAME, units.ID) unit, al_format_agent_name_log(pools.NAME, pools.ID) resource_pool, resource_unit_states.USAGE_STATE usage_state, CASE WHEN resource_unit_states.TASK_TYPE = 'TASK_CUSTOM' THEN al_format_agent_name_log(tasks.NAME, tasks.ID) ELSE resource_unit_states.TASK_TYPE END task, al_format_agent_type_name_log(agent_types.NAME) agent_type, al_format_agent_name_log(agents.NAME, agents.ID) agent, resource_unit_states.START_DATE start_date, resource_unit_states.STOP_DATE stop_date FROM resource_unit_states_raw_log resource_unit_states INNER JOIN agents_raw_log units ON resource_unit_states.UNIT_ID = units.ID INNER JOIN agent_types_raw_log unit_types ON units.AGENT_TYPE_ID = unit_types.ID INNER JOIN agents_raw_log pools ON resource_unit_states.POOL_ID = pools.ID LEFT JOIN agents_raw_log agents ON resource_unit_states.AGENT_ID = agents.ID LEFT JOIN agent_types_raw_log agent_types ON agents.AGENT_TYPE_ID = agent_types.ID LEFT JOIN agents_raw_log tasks ON resource_unit_states.TASK_ID = tasks.ID ORDER BY resource_unit_states.START_DATE
INSERT INTO AL_DB_OBJECTS VALUES('resource_unit_states_log','VIEW','LOG')
COMMIT
CREATE VIEW resource_unit_task_stats_log AS SELECT al_format_agent_type_name_log(unit_types.NAME) unit_type, al_format_agent_name_log(pools.NAME, pools.ID) resource_pool, al_format_agent_name_log(units.NAME, units.ID) unit, CASE WHEN resource_unit_states.TASK_TYPE = 'TASK_CUSTOM' THEN al_format_agent_name_log(tasks.NAME, tasks.ID) ELSE resource_unit_states.TASK_TYPE END task, resource_unit_states.mean_seconds mean_seconds, resource_unit_states.total_seconds total_seconds, resource_unit_states.n_tasks n_tasks FROM (   SELECT     UNIT_ID unit_id,     POOL_ID pool_id,     TASK_TYPE task_type,     TASK_ID task_id,     AVG(CAST( DATEDIFF('millisecond', START_DATE, STOP_DATE) AS DOUBLE )) / 1000 mean_seconds,     SUM(CAST( DATEDIFF('millisecond', START_DATE, STOP_DATE) AS DOUBLE )) / 1000 total_seconds,     COUNT(START_DATE) n_tasks   FROM resource_unit_states_raw_log   GROUP BY UNIT_ID, POOL_ID, TASK_TYPE, TASK_ID ) resource_unit_states INNER JOIN agents_raw_log units ON resource_unit_states.UNIT_ID = units.ID INNER JOIN agent_types_raw_log unit_types ON units.AGENT_TYPE_ID = unit_types.ID INNER JOIN agents_raw_log pools ON resource_unit_states.POOL_ID = pools.ID LEFT JOIN agents_raw_log tasks ON resource_unit_states.TASK_ID = tasks.ID ORDER BY unit_type, resource_pool, unit, resource_unit_states.TASK_TYPE, tasks.NAME
INSERT INTO AL_DB_OBJECTS VALUES('resource_unit_task_stats_log','VIEW','LOG')
COMMIT
CREATE VIEW resource_pool_task_stats_log AS SELECT al_format_agent_type_name_log(unit_types.NAME) unit_type, al_format_agent_name_log(pools.NAME, pools.ID) resource_pool, CASE WHEN resource_unit_states.TASK_TYPE = 'TASK_CUSTOM' THEN tasks.NAME ELSE resource_unit_states.TASK_TYPE END task, resource_unit_states.mean_seconds mean_seconds, resource_unit_states.total_seconds total_seconds, resource_unit_states.n_tasks n_tasks FROM (   SELECT     u.AGENT_TYPE_ID unit_type_id,     s.POOL_ID pool_id,     s.TASK_TYPE task_type,     s.TASK_ID task_id,     AVG(CAST( DATEDIFF('millisecond', s.START_DATE, s.STOP_DATE) AS DOUBLE )) / 1000 mean_seconds,     SUM(CAST( DATEDIFF('millisecond', s.START_DATE, s.STOP_DATE) AS DOUBLE )) / 1000 total_seconds,     COUNT(s.START_DATE) n_tasks   FROM resource_unit_states_raw_log s   INNER JOIN agents_raw_log u ON s.UNIT_ID = u.ID   GROUP BY u.AGENT_TYPE_ID, s.POOL_ID, s.TASK_TYPE, s.TASK_ID ) resource_unit_states INNER JOIN agent_types_raw_log unit_types ON resource_unit_states.unit_type_id = unit_types.ID INNER JOIN agents_raw_log pools ON resource_unit_states.POOL_ID = pools.ID LEFT JOIN agents_raw_log tasks ON resource_unit_states.TASK_ID = tasks.ID ORDER BY unit_type, resource_pool, resource_unit_states.TASK_TYPE, tasks.NAME
INSERT INTO AL_DB_OBJECTS VALUES('resource_pool_task_stats_log','VIEW','LOG')
COMMIT
CREATE VIEW resource_pool_utilization_log AS SELECT al_format_agent_name_log(pools.NAME, pools.ID) resource_pool, resource_pool_utilization.UTILIZATION utilization, resource_pool_utilization.SIZE size FROM resource_pool_utilization_raw_log resource_pool_utilization INNER JOIN agents_raw_log pools ON resource_pool_utilization.POOL_ID = pools.ID ORDER BY resource_pool
INSERT INTO AL_DB_OBJECTS VALUES('resource_pool_utilization_log','VIEW','LOG')
COMMIT
CREATE VIEW resource_unit_utilization_log AS SELECT al_format_agent_type_name_log(unit_types.NAME) unit_type, al_format_agent_name_log(pools.NAME, pools.ID) resource_pool, al_format_agent_name_log(units.NAME, units.ID) unit, resource_unit_utilization.UTILIZATION utilization FROM resource_unit_utilization_raw_log resource_unit_utilization INNER JOIN agents_raw_log units ON resource_unit_utilization.UNIT_ID = units.ID INNER JOIN agent_types_raw_log unit_types ON units.AGENT_TYPE_ID = unit_types.ID INNER JOIN agents_raw_log pools ON resource_unit_utilization.POOL_ID = pools.ID ORDER BY unit_type, resource_pool
INSERT INTO AL_DB_OBJECTS VALUES('resource_unit_utilization_log','VIEW','LOG')
COMMIT
CREATE VIEW fluid_units_log AS SELECT al_format_agent_type_name_log(block_types.NAME) block_type, al_format_agent_name_log(blocks.NAME, blocks.ID) block, units.AMOUNT_UNITS amount_units, units.RATE_UNITS rate_units FROM fluid_units_raw_log units INNER JOIN agents_raw_log blocks ON units.BLOCK_ID = blocks.ID INNER JOIN agent_types_raw_log block_types ON blocks.AGENT_TYPE_ID = block_types.ID ORDER BY block_type, block
INSERT INTO AL_DB_OBJECTS VALUES('fluid_units_log','VIEW','LOG')
COMMIT
CREATE VIEW fluid_storages_log AS SELECT al_format_agent_type_name_log(block_types.NAME) block_type, al_format_agent_name_log(blocks.NAME, blocks.ID) block, storages.MINIMUM minimum, storages.MAXIMUM maximum, storages.AVERAGE average FROM fluid_storages_raw_log storages INNER JOIN agents_raw_log blocks ON storages.BLOCK_ID = blocks.ID INNER JOIN agent_types_raw_log block_types ON blocks.AGENT_TYPE_ID = block_types.ID ORDER BY block_type, block
INSERT INTO AL_DB_OBJECTS VALUES('fluid_storages_log','VIEW','LOG')
COMMIT
CREATE VIEW fluid_rates_log AS SELECT al_format_agent_type_name_log(block_types.NAME) block_type, al_format_agent_name_log(blocks.NAME, blocks.ID) block, rates.PORT port, rates.TOTAL total_amount,rates.MINIMUM minimum_rate, rates.MAXIMUM maximum_rate, rates.AVERAGE average_rate FROM fluid_rates_raw_log rates INNER JOIN agents_raw_log blocks ON rates.BLOCK_ID = blocks.ID INNER JOIN agent_types_raw_log block_types ON blocks.AGENT_TYPE_ID = block_types.ID ORDER BY block_type, block
INSERT INTO AL_DB_OBJECTS VALUES('fluid_rates_log','VIEW','LOG')
COMMIT
CREATE VIEW fluid_utilization_log AS SELECT al_format_agent_type_name_log(block_types.NAME) block_type, al_format_agent_name_log(blocks.NAME, blocks.ID) block, utilization.UTILIZATION utilization FROM fluid_utilization_raw_log utilization INNER JOIN agents_raw_log blocks ON utilization.BLOCK_ID = blocks.ID INNER JOIN agent_types_raw_log block_types ON blocks.AGENT_TYPE_ID = block_types.ID ORDER BY block_type, block
INSERT INTO AL_DB_OBJECTS VALUES('fluid_utilization_log','VIEW','LOG')
COMMIT
CREATE VIEW statechart_transitions_log AS SELECT al_format_agent_type_name_log(agent_types.NAME) agent_type, al_format_agent_name_log(agents.NAME, agents.ID) agent, transitions.NAME transition, states.NAME from_state, statechart_transitions.DATE date FROM statechart_transitions_raw_log statechart_transitions INNER JOIN agents_raw_log agents ON statechart_transitions.AGENT_ID = agents.ID INNER JOIN agent_types_raw_log agent_types ON agents.AGENT_TYPE_ID = agent_types.ID LEFT JOIN agent_type_elements_raw_log transitions ON statechart_transitions.TRANSITION_ID = transitions.ID INNER JOIN agent_type_elements_raw_log states ON statechart_transitions.FROM_STATE_ID = states.ID ORDER BY statechart_transitions.DATE
INSERT INTO AL_DB_OBJECTS VALUES('statechart_transitions_log','VIEW','LOG')
COMMIT
CREATE VIEW agent_statechart_states_log AS SELECT al_format_agent_type_name_log(agent_types.NAME) agent_type, al_format_agent_name_log(agents.NAME, agents.ID) agent, elements_statecharts.NAME statechart, elements_states.NAME state, statechart_states.ENTRY_DATE entry_date, statechart_states.EXIT_DATE exit_date FROM statechart_states_raw_log statechart_states INNER JOIN agents_raw_log agents ON statechart_states.AGENT_ID = agents.ID INNER JOIN agent_types_raw_log agent_types ON agents.AGENT_TYPE_ID = agent_types.ID INNER JOIN agent_type_statecharts_raw_log agent_type_statecharts ON agent_type_statecharts.ELEMENT_ID = statechart_states.STATE_ID INNER JOIN agent_type_elements_raw_log elements_statecharts ON agent_type_statecharts.STATECHART_ID = elements_statecharts.ID INNER JOIN agent_type_elements_raw_log elements_states ON statechart_states.STATE_ID = elements_states.ID ORDER BY agent_type, agent, statechart, statechart_states.ENTRY_DATE
INSERT INTO AL_DB_OBJECTS VALUES('agent_statechart_states_log','VIEW','LOG')
COMMIT
CREATE VIEW agent_statechart_stats_log AS SELECT al_format_agent_type_name_log(agent_types.NAME) agent_type, al_format_agent_name_log(agents.NAME, agents.ID) agent, elements_statecharts.NAME statechart, elements_states.NAME state, statechart_states.mean_seconds mean_seconds, statechart_states.total_seconds total_seconds, statechart_states.n_entries n_entries FROM (   SELECT     AGENT_ID agent_id,     STATE_ID state_id,     AVG(CAST( DATEDIFF('millisecond', ENTRY_DATE, EXIT_DATE) AS DOUBLE )) / 1000 mean_seconds,     SUM(CAST( DATEDIFF('millisecond', ENTRY_DATE, EXIT_DATE) AS DOUBLE )) / 1000 total_seconds,     COUNT(ENTRY_DATE) n_entries   FROM statechart_states_raw_log   GROUP BY AGENT_ID, STATE_ID ) statechart_states INNER JOIN agents_raw_log agents ON statechart_states.AGENT_ID = agents.ID INNER JOIN agent_types_raw_log agent_types ON agents.AGENT_TYPE_ID = agent_types.ID INNER JOIN agent_type_statecharts_raw_log agent_type_statecharts ON agent_type_statecharts.ELEMENT_ID = statechart_states.STATE_ID INNER JOIN agent_type_elements_raw_log elements_statecharts ON agent_type_statecharts.STATECHART_ID = elements_statecharts.ID INNER JOIN agent_type_elements_raw_log elements_states ON statechart_states.STATE_ID = elements_states.ID ORDER BY agent_type, agent, statechart, state
INSERT INTO AL_DB_OBJECTS VALUES('agent_statechart_stats_log','VIEW','LOG')
COMMIT
CREATE VIEW agent_type_statechart_stats_log AS SELECT al_format_agent_type_name_log(agent_types.NAME) agent_type, elements_statecharts.NAME statechart, elements_states.NAME state, statechart_states.mean_seconds mean_seconds, statechart_states.total_seconds total_seconds, statechart_states.min_seconds min_seconds, statechart_states.max_seconds max_seconds, statechart_states.n_entries n_entries FROM (   SELECT     a.AGENT_TYPE_ID agent_type_id,     s.STATE_ID state_id,     AVG(CAST( DATEDIFF('millisecond', s.ENTRY_DATE, s.EXIT_DATE) AS DOUBLE )) / 1000 mean_seconds,     SUM(CAST( DATEDIFF('millisecond', s.ENTRY_DATE, s.EXIT_DATE) AS DOUBLE )) / 1000 total_seconds,     MIN(CAST( DATEDIFF('millisecond', s.ENTRY_DATE, s.EXIT_DATE) AS DOUBLE )) / 1000 min_seconds,     MAX(CAST( DATEDIFF('millisecond', s.ENTRY_DATE, s.EXIT_DATE) AS DOUBLE )) / 1000 max_seconds,     COUNT(s.ENTRY_DATE) n_entries   FROM statechart_states_raw_log s   INNER JOIN agents_raw_log a ON s.AGENT_ID = a.ID   GROUP BY a.AGENT_TYPE_ID, s.STATE_ID ) statechart_states INNER JOIN agent_types_raw_log agent_types ON statechart_states.agent_type_id = agent_types.ID INNER JOIN agent_type_statecharts_raw_log agent_type_statecharts ON agent_type_statecharts.ELEMENT_ID = statechart_states.STATE_ID INNER JOIN agent_type_elements_raw_log elements_statecharts ON agent_type_statecharts.STATECHART_ID = elements_statecharts.ID INNER JOIN agent_type_elements_raw_log elements_states ON statechart_states.STATE_ID = elements_states.ID ORDER BY agent_type, statechart, state
INSERT INTO AL_DB_OBJECTS VALUES('agent_type_statechart_stats_log','VIEW','LOG')
COMMIT
CREATE VIEW statistics_log AS SELECT al_format_agent_type_name_log(agent_types.NAME) agent_type, al_format_agent_name_log(agents.NAME, agents.ID) agent, statistics.NAME name, statistics.MEAN mean, statistics.DEVIATION deviation, statistics.MINIMUM minimum, statistics.MAXIMUM maximum, statistics.MEAN_CONFIDENCE mean_confidence, statistics.NUMBER number FROM statistics_raw_log statistics LEFT JOIN agents_raw_log agents ON statistics.AGENT_ID = agents.ID LEFT JOIN agent_types_raw_log agent_types ON agents.AGENT_TYPE_ID = agent_types.ID ORDER BY agent_type, agent, statistics.NAME
INSERT INTO AL_DB_OBJECTS VALUES('statistics_log','VIEW','LOG')
COMMIT
CREATE VIEW datasets_log AS SELECT al_format_agent_type_name_log(agent_types.NAME) agent_type, al_format_agent_name_log(agents.NAME, agents.ID) agent, agent_elements.NAME name, datasets.INDEX index, datasets.X x, datasets.Y y FROM datasets_raw_log datasets LEFT JOIN agent_elements_raw_log agent_elements ON datasets.ELEMENT_ID = agent_elements.ID LEFT JOIN agents_raw_log agents ON agent_elements.AGENT_ID = agents.ID LEFT JOIN agent_types_raw_log agent_types ON agents.AGENT_TYPE_ID = agent_types.ID ORDER BY agent_type, agent, agent_elements.NAME, datasets.INDEX
INSERT INTO AL_DB_OBJECTS VALUES('datasets_log','VIEW','LOG')
COMMIT
CREATE VIEW histograms_log AS SELECT al_format_agent_type_name_log(agent_types.NAME) agent_type, al_format_agent_name_log(agents.NAME, agents.ID) agent, agent_elements.NAME name, histograms.START start, histograms.END end, histograms.PDF pdf, histograms.CDF cdf FROM histograms_raw_log histograms LEFT JOIN agent_elements_raw_log agent_elements ON histograms.ELEMENT_ID = agent_elements.ID LEFT JOIN agents_raw_log agents ON agent_elements.AGENT_ID = agents.ID LEFT JOIN agent_types_raw_log agent_types ON agents.AGENT_TYPE_ID = agent_types.ID ORDER BY agent_type, agent, agent_elements.NAME, histograms.START
INSERT INTO AL_DB_OBJECTS VALUES('histograms_log','VIEW','LOG')
COMMIT
CREATE VIEW trace_log AS SELECT trace.MESSAGE_TEXT message_text, trace.DATE date, trace.COUNTER counter, al_format_agent_type_name_log(agent_types.NAME) agent_type, al_format_agent_name_log(agents.NAME, agents.ID) agent FROM trace_raw_log trace LEFT JOIN agents_raw_log agents ON trace.AGENT_ID = agents.ID LEFT JOIN agent_types_raw_log agent_types ON agents.AGENT_TYPE_ID = agent_types.ID ORDER BY trace.COUNTER
INSERT INTO AL_DB_OBJECTS VALUES('trace_log','VIEW','LOG')
COMMIT
INSERT INTO AGENT_TYPES_RAW_LOG VALUES(0,'bellyup.Main',0)
COMMIT
INSERT INTO AGENTS_RAW_LOG VALUES(0,0,'root','2026-03-22 00:00:00.000000',0)
COMMIT
INSERT INTO AGENT_TYPES_RAW_LOG VALUES(1,'com.anylogic.libraries.processmodeling.ResourcePool',1)
COMMIT
INSERT INTO AGENTS_RAW_LOG VALUES(1,1,'?<ResourcePool>','2026-03-22 00:00:00.000000',1)
COMMIT
INSERT INTO AGENT_TYPES_RAW_LOG VALUES(2,'com.anylogic.libraries.processmodeling.ScheduledTaskQueue_xjal',2)
COMMIT
INSERT INTO AGENTS_RAW_LOG VALUES(3,2,'?<ScheduledTaskQueue_xjal>','2026-03-22 00:00:00.000000',2)
COMMIT
INSERT INTO AGENTS_RAW_LOG VALUES(4,1,'?<ResourcePool>','2026-03-22 00:00:00.000000',3)
COMMIT
INSERT INTO AGENTS_RAW_LOG VALUES(6,2,'?<ScheduledTaskQueue_xjal>','2026-03-22 00:00:00.000000',4)
COMMIT
INSERT INTO AGENT_TYPES_RAW_LOG VALUES(3,'com.anylogic.libraries.processmodeling.Source',3)
COMMIT
INSERT INTO AGENTS_RAW_LOG VALUES(7,3,'?<Source>','2026-03-22 00:00:00.000000',5)
COMMIT
INSERT INTO AGENT_TYPES_RAW_LOG VALUES(4,'com.anylogic.libraries.processmodeling.Seize',4)
COMMIT
INSERT INTO AGENTS_RAW_LOG VALUES(12,4,'?<Seize>','2026-03-22 00:00:00.000000',6)
COMMIT
INSERT INTO AGENT_TYPES_RAW_LOG VALUES(5,'com.anylogic.libraries.processmodeling.Exit',5)
COMMIT
INSERT INTO AGENTS_RAW_LOG VALUES(13,5,'?<Exit>','2026-03-22 00:00:00.000000',7)
COMMIT
INSERT INTO AGENT_TYPES_RAW_LOG VALUES(6,'com.anylogic.libraries.processmodeling.MoveTo',6)
COMMIT
INSERT INTO AGENTS_RAW_LOG VALUES(25,6,'?<MoveTo>','2026-03-22 00:00:00.000000',8)
COMMIT
INSERT INTO AGENT_TYPES_RAW_LOG VALUES(7,'com.anylogic.libraries.processmodeling.SelectOutput',7)
COMMIT
INSERT INTO AGENTS_RAW_LOG VALUES(32,7,'?<SelectOutput>','2026-03-22 00:00:00.000000',9)
COMMIT
INSERT INTO AGENT_TYPES_RAW_LOG VALUES(8,'com.anylogic.libraries.processmodeling.ResourceTaskStart',8)
COMMIT
INSERT INTO AGENTS_RAW_LOG VALUES(39,8,'?<ResourceTaskStart>','2026-03-22 00:00:00.000000',10)
COMMIT
INSERT INTO AGENT_TYPES_RAW_LOG VALUES(9,'com.anylogic.libraries.processmodeling.PlainTransfer',9)
COMMIT
INSERT INTO AGENTS_RAW_LOG VALUES(44,9,'?<PlainTransfer>','2026-03-22 00:00:00.000000',11)
COMMIT
INSERT INTO AGENT_TYPES_RAW_LOG VALUES(10,'com.anylogic.libraries.processmodeling.Delay',10)
COMMIT
INSERT INTO AGENTS_RAW_LOG VALUES(46,10,'?<Delay>','2026-03-22 00:00:00.000000',12)
COMMIT
INSERT INTO AGENT_TYPES_RAW_LOG VALUES(11,'com.anylogic.libraries.processmodeling.Release',11)
COMMIT
INSERT INTO AGENTS_RAW_LOG VALUES(52,11,'?<Release>','2026-03-22 00:00:00.000000',13)
COMMIT
INSERT INTO AGENT_TYPES_RAW_LOG VALUES(12,'com.anylogic.libraries.processmodeling.Enter',12)
COMMIT
INSERT INTO AGENTS_RAW_LOG VALUES(54,12,'?<Enter>','2026-03-22 00:00:00.000000',14)
COMMIT
INSERT INTO AGENTS_RAW_LOG VALUES(58,6,'?<MoveTo>','2026-03-22 00:00:00.000000',15)
COMMIT
INSERT INTO AGENTS_RAW_LOG VALUES(65,7,'?<SelectOutput>','2026-03-22 00:00:00.000000',16)
COMMIT
INSERT INTO AGENT_TYPES_RAW_LOG VALUES(13,'com.anylogic.libraries.processmodeling.ResourceTaskEnd',13)
COMMIT
INSERT INTO AGENTS_RAW_LOG VALUES(72,13,'?<ResourceTaskEnd>','2026-03-22 00:00:00.000000',17)
COMMIT
INSERT INTO AGENTS_RAW_LOG VALUES(89,7,'?<SelectOutput>','2026-03-22 00:00:00.000000',18)
COMMIT
INSERT INTO AGENTS_RAW_LOG VALUES(96,4,'?<Seize>','2026-03-22 00:00:00.000000',19)
COMMIT
INSERT INTO AGENTS_RAW_LOG VALUES(97,5,'?<Exit>','2026-03-22 00:00:00.000000',20)
COMMIT
INSERT INTO AGENTS_RAW_LOG VALUES(109,6,'?<MoveTo>','2026-03-22 00:00:00.000000',21)
COMMIT
INSERT INTO AGENTS_RAW_LOG VALUES(116,7,'?<SelectOutput>','2026-03-22 00:00:00.000000',22)
COMMIT
INSERT INTO AGENTS_RAW_LOG VALUES(123,8,'?<ResourceTaskStart>','2026-03-22 00:00:00.000000',23)
COMMIT
INSERT INTO AGENTS_RAW_LOG VALUES(128,9,'?<PlainTransfer>','2026-03-22 00:00:00.000000',24)
COMMIT
INSERT INTO AGENTS_RAW_LOG VALUES(130,6,'?<MoveTo>','2026-03-22 00:00:00.000000',25)
COMMIT
INSERT INTO AGENTS_RAW_LOG VALUES(137,10,'?<Delay>','2026-03-22 00:00:00.000000',26)
COMMIT
INSERT INTO AGENTS_RAW_LOG VALUES(143,11,'?<Release>','2026-03-22 00:00:00.000000',27)
COMMIT
INSERT INTO AGENTS_RAW_LOG VALUES(145,12,'?<Enter>','2026-03-22 00:00:00.000000',28)
COMMIT
INSERT INTO AGENTS_RAW_LOG VALUES(149,6,'?<MoveTo>','2026-03-22 00:00:00.000000',29)
COMMIT
INSERT INTO AGENTS_RAW_LOG VALUES(156,7,'?<SelectOutput>','2026-03-22 00:00:00.000000',30)
COMMIT
INSERT INTO AGENTS_RAW_LOG VALUES(163,13,'?<ResourceTaskEnd>','2026-03-22 00:00:00.000000',31)
COMMIT
INSERT INTO AGENTS_RAW_LOG VALUES(180,7,'?<SelectOutput>','2026-03-22 00:00:00.000000',32)
COMMIT
INSERT INTO AGENT_TYPES_RAW_LOG VALUES(14,'com.anylogic.libraries.processmodeling.Sink',14)
COMMIT
INSERT INTO AGENTS_RAW_LOG VALUES(187,14,'?<Sink>','2026-03-22 00:00:00.000000',33)
COMMIT
INSERT INTO AGENTS_RAW_LOG VALUES(242,4,'?<Seize>','2026-03-22 00:00:00.000000',34)
COMMIT
INSERT INTO AGENTS_RAW_LOG VALUES(243,5,'?<Exit>','2026-03-22 00:00:00.000000',35)
COMMIT
INSERT INTO AGENTS_RAW_LOG VALUES(255,6,'?<MoveTo>','2026-03-22 00:00:00.000000',36)
COMMIT
INSERT INTO AGENTS_RAW_LOG VALUES(262,7,'?<SelectOutput>','2026-03-22 00:00:00.000000',37)
COMMIT
INSERT INTO AGENTS_RAW_LOG VALUES(269,8,'?<ResourceTaskStart>','2026-03-22 00:00:00.000000',38)
COMMIT
INSERT INTO AGENTS_RAW_LOG VALUES(274,9,'?<PlainTransfer>','2026-03-22 00:00:00.000000',39)
COMMIT
INSERT INTO AGENTS_RAW_LOG VALUES(319,1,'?<ResourcePool>','2026-03-22 00:00:00.000000',40)
COMMIT
INSERT INTO AGENTS_RAW_LOG VALUES(321,2,'?<ScheduledTaskQueue_xjal>','2026-03-22 00:00:00.000000',41)
COMMIT
INSERT INTO AGENTS_RAW_LOG VALUES(322,1,'?<ResourcePool>','2026-03-22 00:00:00.000000',42)
COMMIT
INSERT INTO AGENTS_RAW_LOG VALUES(324,2,'?<ScheduledTaskQueue_xjal>','2026-03-22 00:00:00.000000',43)
COMMIT
INSERT INTO AGENTS_RAW_LOG VALUES(325,11,'?<Release>','2026-03-22 00:00:00.000000',44)
COMMIT
INSERT INTO AGENTS_RAW_LOG VALUES(327,12,'?<Enter>','2026-03-22 00:00:00.000000',45)
COMMIT
INSERT INTO AGENTS_RAW_LOG VALUES(331,6,'?<MoveTo>','2026-03-22 00:00:00.000000',46)
COMMIT
INSERT INTO AGENTS_RAW_LOG VALUES(338,7,'?<SelectOutput>','2026-03-22 00:00:00.000000',47)
COMMIT
INSERT INTO AGENTS_RAW_LOG VALUES(345,13,'?<ResourceTaskEnd>','2026-03-22 00:00:00.000000',48)
COMMIT
INSERT INTO AGENTS_RAW_LOG VALUES(362,7,'?<SelectOutput>','2026-03-22 00:00:00.000000',49)
COMMIT
INSERT INTO AGENT_TYPES_RAW_LOG VALUES(15,'com.anylogic.libraries.modules.markup_descriptors.AreaNodeDescriptor',15)
COMMIT
INSERT INTO AGENTS_RAW_LOG VALUES(816,15,'?<AreaNodeDescriptor>','2026-03-22 00:00:00.000000',50)
COMMIT
INSERT INTO AGENTS_RAW_LOG VALUES(817,15,'?<AreaNodeDescriptor>','2026-03-22 00:00:00.000000',51)
COMMIT
INSERT INTO AGENTS_RAW_LOG VALUES(818,15,'?<AreaNodeDescriptor>','2026-03-22 00:00:00.000000',52)
COMMIT
INSERT INTO AGENTS_RAW_LOG VALUES(819,15,'?<AreaNodeDescriptor>','2026-03-22 00:00:00.000000',53)
COMMIT
INSERT INTO AGENTS_RAW_LOG VALUES(820,15,'?<AreaNodeDescriptor>','2026-03-22 00:00:00.000000',54)
COMMIT
INSERT INTO AGENTS_RAW_LOG VALUES(821,15,'?<AreaNodeDescriptor>','2026-03-22 00:00:00.000000',55)
COMMIT
INSERT INTO AGENTS_RAW_LOG VALUES(822,15,'?<AreaNodeDescriptor>','2026-03-22 00:00:00.000000',56)
COMMIT
INSERT INTO AGENTS_RAW_LOG VALUES(823,15,'?<AreaNodeDescriptor>','2026-03-22 00:00:00.000000',57)
COMMIT
INSERT INTO AGENTS_RAW_LOG VALUES(824,15,'?<AreaNodeDescriptor>','2026-03-22 00:00:00.000000',58)
COMMIT
INSERT INTO AGENTS_RAW_LOG VALUES(825,15,'?<AreaNodeDescriptor>','2026-03-22 00:00:00.000000',59)
COMMIT
INSERT INTO AGENTS_RAW_LOG VALUES(826,15,'?<AreaNodeDescriptor>','2026-03-22 00:00:00.000000',60)
COMMIT
INSERT INTO AGENTS_RAW_LOG VALUES(827,15,'?<AreaNodeDescriptor>','2026-03-22 00:00:00.000000',61)
COMMIT
INSERT INTO AGENTS_RAW_LOG VALUES(828,15,'?<AreaNodeDescriptor>','2026-03-22 00:00:00.000000',62)
COMMIT
INSERT INTO AGENTS_RAW_LOG VALUES(829,15,'?<AreaNodeDescriptor>','2026-03-22 00:00:00.000000',63)
COMMIT
INSERT INTO AGENTS_RAW_LOG VALUES(830,15,'?<AreaNodeDescriptor>','2026-03-22 00:00:00.000000',64)
COMMIT
INSERT INTO AGENTS_RAW_LOG VALUES(831,15,'?<AreaNodeDescriptor>','2026-03-22 00:00:00.000000',65)
COMMIT
INSERT INTO AGENTS_RAW_LOG VALUES(832,15,'?<AreaNodeDescriptor>','2026-03-22 00:00:00.000000',66)
COMMIT
INSERT INTO AGENTS_RAW_LOG VALUES(833,15,'?<AreaNodeDescriptor>','2026-03-22 00:00:00.000000',67)
COMMIT
INSERT INTO AGENTS_RAW_LOG VALUES(834,15,'?<AreaNodeDescriptor>','2026-03-22 00:00:00.000000',68)
COMMIT
INSERT INTO AGENTS_RAW_LOG VALUES(835,15,'?<AreaNodeDescriptor>','2026-03-22 00:00:00.000000',69)
COMMIT
INSERT INTO AGENTS_RAW_LOG VALUES(836,15,'?<AreaNodeDescriptor>','2026-03-22 00:00:00.000000',70)
COMMIT
INSERT INTO AGENTS_RAW_LOG VALUES(837,15,'?<AreaNodeDescriptor>','2026-03-22 00:00:00.000000',71)
COMMIT
INSERT INTO AGENTS_RAW_LOG VALUES(838,15,'?<AreaNodeDescriptor>','2026-03-22 00:00:00.000000',72)
COMMIT
INSERT INTO AGENTS_RAW_LOG VALUES(839,15,'?<AreaNodeDescriptor>','2026-03-22 00:00:00.000000',73)
COMMIT
INSERT INTO AGENTS_RAW_LOG VALUES(840,15,'?<AreaNodeDescriptor>','2026-03-22 00:00:00.000000',74)
COMMIT
INSERT INTO AGENTS_RAW_LOG VALUES(841,15,'?<AreaNodeDescriptor>','2026-03-22 00:00:00.000000',75)
COMMIT
INSERT INTO AGENTS_RAW_LOG VALUES(842,15,'?<AreaNodeDescriptor>','2026-03-22 00:00:00.000000',76)
COMMIT
INSERT INTO AGENTS_RAW_LOG VALUES(843,15,'?<AreaNodeDescriptor>','2026-03-22 00:00:00.000000',77)
COMMIT
INSERT INTO AGENTS_RAW_LOG VALUES(844,15,'?<AreaNodeDescriptor>','2026-03-22 00:00:00.000000',78)
COMMIT
INSERT INTO AGENTS_RAW_LOG VALUES(845,15,'?<AreaNodeDescriptor>','2026-03-22 00:00:00.000000',79)
COMMIT
INSERT INTO AGENTS_RAW_LOG VALUES(846,15,'?<AreaNodeDescriptor>','2026-03-22 00:00:00.000000',80)
COMMIT
INSERT INTO AGENTS_RAW_LOG VALUES(847,15,'?<AreaNodeDescriptor>','2026-03-22 00:00:00.000000',81)
COMMIT
INSERT INTO AGENTS_RAW_LOG VALUES(848,15,'?<AreaNodeDescriptor>','2026-03-22 00:00:00.000000',82)
COMMIT
INSERT INTO AGENTS_RAW_LOG VALUES(849,15,'?<AreaNodeDescriptor>','2026-03-22 00:00:00.000000',83)
COMMIT
INSERT INTO AGENTS_RAW_LOG VALUES(850,15,'?<AreaNodeDescriptor>','2026-03-22 00:00:00.000000',84)
COMMIT
INSERT INTO AGENTS_RAW_LOG VALUES(851,15,'?<AreaNodeDescriptor>','2026-03-22 00:00:00.000000',85)
COMMIT
INSERT INTO AGENTS_RAW_LOG VALUES(852,15,'?<AreaNodeDescriptor>','2026-03-22 00:00:00.000000',86)
COMMIT
INSERT INTO AGENTS_RAW_LOG VALUES(853,15,'?<AreaNodeDescriptor>','2026-03-22 00:00:00.000000',87)
COMMIT
INSERT INTO AGENTS_RAW_LOG VALUES(854,15,'?<AreaNodeDescriptor>','2026-03-22 00:00:00.000000',88)
COMMIT
INSERT INTO AGENTS_RAW_LOG VALUES(855,15,'?<AreaNodeDescriptor>','2026-03-22 00:00:00.000000',89)
COMMIT
INSERT INTO AGENTS_RAW_LOG VALUES(856,15,'?<AreaNodeDescriptor>','2026-03-22 00:00:00.000000',90)
COMMIT
INSERT INTO AGENTS_RAW_LOG VALUES(857,15,'?<AreaNodeDescriptor>','2026-03-22 00:00:00.000000',91)
COMMIT
INSERT INTO AGENTS_RAW_LOG VALUES(858,15,'?<AreaNodeDescriptor>','2026-03-22 00:00:00.000000',92)
COMMIT
INSERT INTO AGENTS_RAW_LOG VALUES(859,15,'?<AreaNodeDescriptor>','2026-03-22 00:00:00.000000',93)
COMMIT
INSERT INTO AGENTS_RAW_LOG VALUES(860,15,'?<AreaNodeDescriptor>','2026-03-22 00:00:00.000000',94)
COMMIT
INSERT INTO AGENTS_RAW_LOG VALUES(861,15,'?<AreaNodeDescriptor>','2026-03-22 00:00:00.000000',95)
COMMIT
INSERT INTO AGENTS_RAW_LOG VALUES(862,15,'?<AreaNodeDescriptor>','2026-03-22 00:00:00.000000',96)
COMMIT
INSERT INTO AGENTS_RAW_LOG VALUES(863,15,'?<AreaNodeDescriptor>','2026-03-22 00:00:00.000000',97)
COMMIT
INSERT INTO AGENTS_RAW_LOG VALUES(864,15,'?<AreaNodeDescriptor>','2026-03-22 00:00:00.000000',98)
COMMIT
INSERT INTO AGENTS_RAW_LOG VALUES(865,15,'?<AreaNodeDescriptor>','2026-03-22 00:00:00.000000',99)
COMMIT
INSERT INTO AGENTS_RAW_LOG VALUES(866,15,'?<AreaNodeDescriptor>','2026-03-22 00:00:00.000000',100)
COMMIT
INSERT INTO AGENTS_RAW_LOG VALUES(867,15,'?<AreaNodeDescriptor>','2026-03-22 00:00:00.000000',101)
COMMIT
INSERT INTO AGENTS_RAW_LOG VALUES(868,15,'?<AreaNodeDescriptor>','2026-03-22 00:00:00.000000',102)
COMMIT
INSERT INTO AGENTS_RAW_LOG VALUES(869,15,'?<AreaNodeDescriptor>','2026-03-22 00:00:00.000000',103)
COMMIT
INSERT INTO AGENTS_RAW_LOG VALUES(870,15,'?<AreaNodeDescriptor>','2026-03-22 00:00:00.000000',104)
COMMIT
INSERT INTO AGENTS_RAW_LOG VALUES(871,15,'?<AreaNodeDescriptor>','2026-03-22 00:00:00.000000',105)
COMMIT
INSERT INTO AGENTS_RAW_LOG VALUES(872,15,'?<AreaNodeDescriptor>','2026-03-22 00:00:00.000000',106)
COMMIT
INSERT INTO AGENTS_RAW_LOG VALUES(873,15,'?<AreaNodeDescriptor>','2026-03-22 00:00:00.000000',107)
COMMIT
DELETE FROM AGENTS_RAW_LOG WHERE ID=0
INSERT INTO AGENTS_RAW_LOG VALUES(0,0,'root','2026-03-22 00:00:00.000000',0)
COMMIT
DELETE FROM AGENTS_RAW_LOG WHERE ID=1
INSERT INTO AGENTS_RAW_LOG VALUES(1,1,'root.chefs','2026-03-22 00:00:00.000000',1)
COMMIT
INSERT INTO AGENT_PARAMETERS_RAW_LOG VALUES(1,'type','RESOURCE_MOVING',0)
COMMIT
INSERT INTO AGENT_PARAMETERS_RAW_LOG VALUES(1,'capacityDefinitionType','CAPACITY_DIRECT',1)
COMMIT
INSERT INTO AGENT_PARAMETERS_RAW_LOG VALUES(1,'capacity','4',2)
COMMIT
INSERT INTO AGENT_PARAMETERS_RAW_LOG VALUES(1,'capacityBasedOnAttractors','true',3)
COMMIT
INSERT INTO AGENT_PARAMETERS_RAW_LOG VALUES(1,'capacitySchedule','null',4)
COMMIT
INSERT INTO AGENT_PARAMETERS_RAW_LOG VALUES(1,'capacityScheduleOnOff','null',5)
COMMIT
INSERT INTO AGENT_PARAMETERS_RAW_LOG VALUES(1,'shiftGroupSchedules','{}',6)
COMMIT
INSERT INTO AGENT_PARAMETERS_RAW_LOG VALUES(1,'shiftGroupSizes','{}',7)
COMMIT
INSERT INTO AGENT_PARAMETERS_RAW_LOG VALUES(1,'shiftGroupsPlan','null',8)
COMMIT
INSERT INTO AGENT_PARAMETERS_RAW_LOG VALUES(1,'destroyExcessUnits','false',9)
COMMIT
INSERT INTO AGENT_PARAMETERS_RAW_LOG VALUES(1,'speed','10.0',10)
COMMIT
INSERT INTO AGENT_PARAMETERS_RAW_LOG VALUES(1,'homeNodes','{all_kitchen, dimsum_kitchen, meat_kitchen, seafood_kitchen}',11)
COMMIT
INSERT INTO AGENT_PARAMETERS_RAW_LOG VALUES(1,'showDefaultAnimationStatic','true',12)
COMMIT
INSERT INTO AGENT_PARAMETERS_RAW_LOG VALUES(1,'downtimeSource','DOWNTIME_LIST',13)
COMMIT
INSERT INTO AGENT_PARAMETERS_RAW_LOG VALUES(1,'downtimeList','null',14)
COMMIT
INSERT INTO AGENT_PARAMETERS_RAW_LOG VALUES(1,'enableMaintenance','false',15)
COMMIT
INSERT INTO AGENT_PARAMETERS_RAW_LOG VALUES(1,'maintenanceType','MAINTENANCE_DELAY',16)
COMMIT
INSERT INTO AGENT_PARAMETERS_RAW_LOG VALUES(1,'enableFailuresRepairs','false',17)
COMMIT
INSERT INTO AGENT_PARAMETERS_RAW_LOG VALUES(1,'countBusyOnlyTimeToFailure','false',18)
COMMIT
INSERT INTO AGENT_PARAMETERS_RAW_LOG VALUES(1,'repairType','REPAIR_DELAY',19)
COMMIT
INSERT INTO AGENT_PARAMETERS_RAW_LOG VALUES(1,'enableBreaks','false',20)
COMMIT
INSERT INTO AGENT_PARAMETERS_RAW_LOG VALUES(1,'breaksSchedule','null',21)
COMMIT
INSERT INTO AGENT_PARAMETERS_RAW_LOG VALUES(1,'enableCustomTasks','false',22)
COMMIT
INSERT INTO AGENT_PARAMETERS_RAW_LOG VALUES(1,'customTasks','{}',23)
COMMIT
INSERT INTO AGENT_PARAMETERS_RAW_LOG VALUES(1,'customizeRequestChoice','false',24)
COMMIT
INSERT INTO AGENT_PARAMETERS_RAW_LOG VALUES(1,'addToCustomPopulation','false',25)
COMMIT
INSERT INTO AGENT_PARAMETERS_RAW_LOG VALUES(1,'forceStatisticsCollection','false',26)
COMMIT
DELETE FROM AGENTS_RAW_LOG WHERE ID=3
INSERT INTO AGENTS_RAW_LOG VALUES(3,2,'root.chefs.scheduledTaskQueue_xjal','2026-03-22 00:00:00.000000',2)
COMMIT
DELETE FROM AGENTS_RAW_LOG WHERE ID=4
INSERT INTO AGENTS_RAW_LOG VALUES(4,1,'root.waiters','2026-03-22 00:00:00.000000',3)
COMMIT
INSERT INTO AGENT_PARAMETERS_RAW_LOG VALUES(4,'type','RESOURCE_MOVING',27)
COMMIT
INSERT INTO AGENT_PARAMETERS_RAW_LOG VALUES(4,'capacityDefinitionType','CAPACITY_DIRECT',28)
COMMIT
INSERT INTO AGENT_PARAMETERS_RAW_LOG VALUES(4,'capacity','3',29)
COMMIT
INSERT INTO AGENT_PARAMETERS_RAW_LOG VALUES(4,'capacityBasedOnAttractors','true',30)
COMMIT
INSERT INTO AGENT_PARAMETERS_RAW_LOG VALUES(4,'capacitySchedule','null',31)
COMMIT
INSERT INTO AGENT_PARAMETERS_RAW_LOG VALUES(4,'capacityScheduleOnOff','null',32)
COMMIT
INSERT INTO AGENT_PARAMETERS_RAW_LOG VALUES(4,'shiftGroupSchedules','{}',33)
COMMIT
INSERT INTO AGENT_PARAMETERS_RAW_LOG VALUES(4,'shiftGroupSizes','{}',34)
COMMIT
INSERT INTO AGENT_PARAMETERS_RAW_LOG VALUES(4,'shiftGroupsPlan','null',35)
COMMIT
INSERT INTO AGENT_PARAMETERS_RAW_LOG VALUES(4,'destroyExcessUnits','false',36)
COMMIT
INSERT INTO AGENT_PARAMETERS_RAW_LOG VALUES(4,'speed','10.0',37)
COMMIT
INSERT INTO AGENT_PARAMETERS_RAW_LOG VALUES(4,'homeNodes','{all_kitchen, dimsum_kitchen, meat_kitchen, seafood_kitchen}',38)
COMMIT
INSERT INTO AGENT_PARAMETERS_RAW_LOG VALUES(4,'showDefaultAnimationStatic','true',39)
COMMIT
INSERT INTO AGENT_PARAMETERS_RAW_LOG VALUES(4,'downtimeSource','DOWNTIME_LIST',40)
COMMIT
INSERT INTO AGENT_PARAMETERS_RAW_LOG VALUES(4,'downtimeList','null',41)
COMMIT
INSERT INTO AGENT_PARAMETERS_RAW_LOG VALUES(4,'enableMaintenance','false',42)
COMMIT
INSERT INTO AGENT_PARAMETERS_RAW_LOG VALUES(4,'maintenanceType','MAINTENANCE_DELAY',43)
COMMIT
INSERT INTO AGENT_PARAMETERS_RAW_LOG VALUES(4,'enableFailuresRepairs','false',44)
COMMIT
INSERT INTO AGENT_PARAMETERS_RAW_LOG VALUES(4,'countBusyOnlyTimeToFailure','false',45)
COMMIT
INSERT INTO AGENT_PARAMETERS_RAW_LOG VALUES(4,'repairType','REPAIR_DELAY',46)
COMMIT
INSERT INTO AGENT_PARAMETERS_RAW_LOG VALUES(4,'enableBreaks','false',47)
COMMIT
INSERT INTO AGENT_PARAMETERS_RAW_LOG VALUES(4,'breaksSchedule','null',48)
COMMIT
INSERT INTO AGENT_PARAMETERS_RAW_LOG VALUES(4,'enableCustomTasks','false',49)
COMMIT
INSERT INTO AGENT_PARAMETERS_RAW_LOG VALUES(4,'customTasks','{}',50)
COMMIT
INSERT INTO AGENT_PARAMETERS_RAW_LOG VALUES(4,'customizeRequestChoice','false',51)
COMMIT
INSERT INTO AGENT_PARAMETERS_RAW_LOG VALUES(4,'addToCustomPopulation','false',52)
COMMIT
INSERT INTO AGENT_PARAMETERS_RAW_LOG VALUES(4,'forceStatisticsCollection','false',53)
COMMIT
DELETE FROM AGENTS_RAW_LOG WHERE ID=6
INSERT INTO AGENTS_RAW_LOG VALUES(6,2,'root.waiters.scheduledTaskQueue_xjal','2026-03-22 00:00:00.000000',4)
COMMIT
DELETE FROM AGENTS_RAW_LOG WHERE ID=7
INSERT INTO AGENTS_RAW_LOG VALUES(7,3,'root.triggerRefill','2026-03-22 00:00:00.000000',5)
COMMIT
INSERT INTO AGENT_PARAMETERS_RAW_LOG VALUES(7,'arrivalType','MANUAL',54)
COMMIT
INSERT INTO AGENT_PARAMETERS_RAW_LOG VALUES(7,'rate','1.0',55)
COMMIT
INSERT INTO AGENT_PARAMETERS_RAW_LOG VALUES(7,'firstArrivalMode','AFTER_TIMEOUT',56)
COMMIT
INSERT INTO AGENT_PARAMETERS_RAW_LOG VALUES(7,'firstArrivalTime','0.0',57)
COMMIT
INSERT INTO AGENT_PARAMETERS_RAW_LOG VALUES(7,'rateSchedule','null',58)
COMMIT
INSERT INTO AGENT_PARAMETERS_RAW_LOG VALUES(7,'modifyRate','false',59)
COMMIT
INSERT INTO AGENT_PARAMETERS_RAW_LOG VALUES(7,'arrivalSchedule','null',60)
COMMIT
INSERT INTO AGENT_PARAMETERS_RAW_LOG VALUES(7,'setAgentParametersFromDB','false',61)
COMMIT
INSERT INTO AGENT_PARAMETERS_RAW_LOG VALUES(7,'databaseTable','null',62)
COMMIT
INSERT INTO AGENT_PARAMETERS_RAW_LOG VALUES(7,'multipleEntitiesPerArrival','false',63)
COMMIT
INSERT INTO AGENT_PARAMETERS_RAW_LOG VALUES(7,'limitArrivals','false',64)
COMMIT
INSERT INTO AGENT_PARAMETERS_RAW_LOG VALUES(7,'maxArrivals','1000',65)
COMMIT
INSERT INTO AGENT_PARAMETERS_RAW_LOG VALUES(7,'locationType','LOCATION_NOT_SPECIFIED',66)
COMMIT
INSERT INTO AGENT_PARAMETERS_RAW_LOG VALUES(7,'locationXYZInNetwork','false',67)
COMMIT
INSERT INTO AGENT_PARAMETERS_RAW_LOG VALUES(7,'enableCustomStartTime','false',68)
COMMIT
INSERT INTO AGENT_PARAMETERS_RAW_LOG VALUES(7,'startTime','0.0',69)
COMMIT
INSERT INTO AGENT_PARAMETERS_RAW_LOG VALUES(7,'addToCustomPopulation','false',70)
COMMIT
INSERT INTO AGENT_PARAMETERS_RAW_LOG VALUES(7,'pushProtocol','true',71)
COMMIT
INSERT INTO AGENT_PARAMETERS_RAW_LOG VALUES(7,'discardHangingEntities','true',72)
COMMIT
DELETE FROM AGENTS_RAW_LOG WHERE ID=12
INSERT INTO AGENTS_RAW_LOG VALUES(12,4,'root.grabChef','2026-03-22 00:00:00.000000',6)
COMMIT
INSERT INTO AGENT_PARAMETERS_RAW_LOG VALUES(12,'seizeFromOnePool','false',73)
COMMIT
INSERT INTO AGENT_PARAMETERS_RAW_LOG VALUES(12,'seizePolicy','SEIZE_WHOLE_SET',74)
COMMIT
INSERT INTO AGENT_PARAMETERS_RAW_LOG VALUES(12,'capacity','100',75)
COMMIT
INSERT INTO AGENT_PARAMETERS_RAW_LOG VALUES(12,'maximumCapacity','false',76)
COMMIT
INSERT INTO AGENT_PARAMETERS_RAW_LOG VALUES(12,'destinationType','DEST_ENTITY',77)
COMMIT
INSERT INTO AGENT_PARAMETERS_RAW_LOG VALUES(12,'entityLocationQueue','null',78)
COMMIT
INSERT INTO AGENT_PARAMETERS_RAW_LOG VALUES(12,'terminatedTaskProcessing','TERMINATED_SEND_TO_ENTER_BLOCK',79)
COMMIT
INSERT INTO AGENT_PARAMETERS_RAW_LOG VALUES(12,'suspendResumeEntities','true',80)
COMMIT
INSERT INTO AGENT_PARAMETERS_RAW_LOG VALUES(12,'customizeResourceChoice','false',81)
COMMIT
INSERT INTO AGENT_PARAMETERS_RAW_LOG VALUES(12,'taskStartBlocksAreConnected','true',82)
COMMIT
INSERT INTO AGENT_PARAMETERS_RAW_LOG VALUES(12,'taskStartBlocks','null',83)
COMMIT
INSERT INTO AGENT_PARAMETERS_RAW_LOG VALUES(12,'enableTimeout','false',84)
COMMIT
INSERT INTO AGENT_PARAMETERS_RAW_LOG VALUES(12,'enablePreemption','false',85)
COMMIT
INSERT INTO AGENT_PARAMETERS_RAW_LOG VALUES(12,'canceledUnitsBehavior','CANCELED_UNITS_STAY_WHERE_THEY_ARE',86)
COMMIT
INSERT INTO AGENT_PARAMETERS_RAW_LOG VALUES(12,'pushProtocol','false',87)
COMMIT
INSERT INTO AGENT_PARAMETERS_RAW_LOG VALUES(12,'restoreEntityLocationOnExit','true',88)
COMMIT
INSERT INTO AGENT_PARAMETERS_RAW_LOG VALUES(12,'forceStatisticsCollection','false',89)
COMMIT
DELETE FROM AGENTS_RAW_LOG WHERE ID=13
INSERT INTO AGENTS_RAW_LOG VALUES(13,5,'root.grabChef.preparedUnitExit','2026-03-22 00:00:00.000000',7)
COMMIT
DELETE FROM AGENTS_RAW_LOG WHERE ID=25
INSERT INTO AGENTS_RAW_LOG VALUES(25,6,'root.grabChef.sendTo','2026-03-22 00:00:00.000000',8)
COMMIT
INSERT INTO AGENT_PARAMETERS_RAW_LOG VALUES(25,'mode','MODE_MOVE_TO',90)
COMMIT
INSERT INTO AGENT_PARAMETERS_RAW_LOG VALUES(25,'destinationType','DEST_AGENT',91)
COMMIT
INSERT INTO AGENT_PARAMETERS_RAW_LOG VALUES(25,'destinationInNetwork','false',92)
COMMIT
INSERT INTO AGENT_PARAMETERS_RAW_LOG VALUES(25,'useOffsets','true',93)
COMMIT
INSERT INTO AGENT_PARAMETERS_RAW_LOG VALUES(25,'straightMovement','false',94)
COMMIT
INSERT INTO AGENT_PARAMETERS_RAW_LOG VALUES(25,'destinationUseRotation','false',95)
COMMIT
INSERT INTO AGENT_PARAMETERS_RAW_LOG VALUES(25,'restoreSpeedOnArrival','false',96)
COMMIT
DELETE FROM AGENTS_RAW_LOG WHERE ID=32
INSERT INTO AGENTS_RAW_LOG VALUES(32,7,'root.grabChef.sendOrNot','2026-03-22 00:00:00.000000',9)
COMMIT
INSERT INTO AGENT_PARAMETERS_RAW_LOG VALUES(32,'conditionIsProbabilistic','false',97)
COMMIT
INSERT INTO AGENT_PARAMETERS_RAW_LOG VALUES(32,'choiceIsVolatile','true',98)
COMMIT
DELETE FROM AGENTS_RAW_LOG WHERE ID=39
INSERT INTO AGENTS_RAW_LOG VALUES(39,8,'root.grabChef.defaultStart','2026-03-22 00:00:00.000000',10)
COMMIT
INSERT INTO AGENT_PARAMETERS_RAW_LOG VALUES(39,'defaultUnitsStart','true',99)
COMMIT
DELETE FROM AGENTS_RAW_LOG WHERE ID=44
INSERT INTO AGENTS_RAW_LOG VALUES(44,9,'root.grabChef.unitInput_xjal','2026-03-22 00:00:00.000000',11)
COMMIT
DELETE FROM AGENTS_RAW_LOG WHERE ID=46
INSERT INTO AGENTS_RAW_LOG VALUES(46,10,'root.cookingTime','2026-03-22 00:00:00.000000',12)
COMMIT
INSERT INTO AGENT_PARAMETERS_RAW_LOG VALUES(46,'type','TIMEOUT',100)
COMMIT
INSERT INTO AGENT_PARAMETERS_RAW_LOG VALUES(46,'capacity','1',101)
COMMIT
INSERT INTO AGENT_PARAMETERS_RAW_LOG VALUES(46,'maximumCapacity','false',102)
COMMIT
INSERT INTO AGENT_PARAMETERS_RAW_LOG VALUES(46,'entityLocation','null',103)
COMMIT
INSERT INTO AGENT_PARAMETERS_RAW_LOG VALUES(46,'pushProtocol','false',104)
COMMIT
INSERT INTO AGENT_PARAMETERS_RAW_LOG VALUES(46,'restoreEntityLocationOnExit','true',105)
COMMIT
INSERT INTO AGENT_PARAMETERS_RAW_LOG VALUES(46,'forceStatisticsCollection','false',106)
COMMIT
DELETE FROM AGENTS_RAW_LOG WHERE ID=52
INSERT INTO AGENTS_RAW_LOG VALUES(52,11,'root.freeChef','2026-03-22 00:00:00.000000',13)
COMMIT
INSERT INTO AGENT_PARAMETERS_RAW_LOG VALUES(52,'releaseMode','SPECIFIED_RESOURCES',107)
COMMIT
INSERT INTO AGENT_PARAMETERS_RAW_LOG VALUES(52,'seizeBlocks','{}',108)
COMMIT
DELETE FROM AGENTS_RAW_LOG WHERE ID=54
INSERT INTO AGENTS_RAW_LOG VALUES(54,12,'root.freeChef.unitWrapUpEnter','2026-03-22 00:00:00.000000',14)
COMMIT
INSERT INTO AGENT_PARAMETERS_RAW_LOG VALUES(54,'locationType','LOCATION_NOT_SPECIFIED',109)
COMMIT
INSERT INTO AGENT_PARAMETERS_RAW_LOG VALUES(54,'locationXYZInNetwork','false',110)
COMMIT
INSERT INTO AGENT_PARAMETERS_RAW_LOG VALUES(54,'addToCustomPopulation','false',111)
COMMIT
INSERT INTO AGENT_PARAMETERS_RAW_LOG VALUES(54,'pushProtocol','true',112)
COMMIT
DELETE FROM AGENTS_RAW_LOG WHERE ID=58
INSERT INTO AGENTS_RAW_LOG VALUES(58,6,'root.freeChef.moveToHome','2026-03-22 00:00:00.000000',15)
COMMIT
INSERT INTO AGENT_PARAMETERS_RAW_LOG VALUES(58,'mode','MODE_MOVE_TO',113)
COMMIT
INSERT INTO AGENT_PARAMETERS_RAW_LOG VALUES(58,'destinationType','DEST_NODE_XYZ',114)
COMMIT
INSERT INTO AGENT_PARAMETERS_RAW_LOG VALUES(58,'destinationInNetwork','false',115)
COMMIT
INSERT INTO AGENT_PARAMETERS_RAW_LOG VALUES(58,'useOffsets','false',116)
COMMIT
INSERT INTO AGENT_PARAMETERS_RAW_LOG VALUES(58,'straightMovement','false',117)
COMMIT
INSERT INTO AGENT_PARAMETERS_RAW_LOG VALUES(58,'destinationUseRotation','true',118)
COMMIT
INSERT INTO AGENT_PARAMETERS_RAW_LOG VALUES(58,'restoreSpeedOnArrival','false',119)
COMMIT
DELETE FROM AGENTS_RAW_LOG WHERE ID=65
INSERT INTO AGENTS_RAW_LOG VALUES(65,7,'root.freeChef.goHome','2026-03-22 00:00:00.000000',16)
COMMIT
INSERT INTO AGENT_PARAMETERS_RAW_LOG VALUES(65,'conditionIsProbabilistic','false',120)
COMMIT
INSERT INTO AGENT_PARAMETERS_RAW_LOG VALUES(65,'choiceIsVolatile','true',121)
COMMIT
DELETE FROM AGENTS_RAW_LOG WHERE ID=72
INSERT INTO AGENTS_RAW_LOG VALUES(72,13,'root.freeChef.resourceEnd','2026-03-22 00:00:00.000000',17)
COMMIT
DELETE FROM AGENTS_RAW_LOG WHERE ID=89
INSERT INTO AGENTS_RAW_LOG VALUES(89,7,'root.freeChef.unitOut','2026-03-22 00:00:00.000000',18)
COMMIT
INSERT INTO AGENT_PARAMETERS_RAW_LOG VALUES(89,'conditionIsProbabilistic','false',122)
COMMIT
INSERT INTO AGENT_PARAMETERS_RAW_LOG VALUES(89,'choiceIsVolatile','true',123)
COMMIT
DELETE FROM AGENTS_RAW_LOG WHERE ID=96
INSERT INTO AGENTS_RAW_LOG VALUES(96,4,'root.grabWaiter','2026-03-22 00:00:00.000000',19)
COMMIT
INSERT INTO AGENT_PARAMETERS_RAW_LOG VALUES(96,'seizeFromOnePool','false',124)
COMMIT
INSERT INTO AGENT_PARAMETERS_RAW_LOG VALUES(96,'seizePolicy','SEIZE_WHOLE_SET',125)
COMMIT
INSERT INTO AGENT_PARAMETERS_RAW_LOG VALUES(96,'capacity','100',126)
COMMIT
INSERT INTO AGENT_PARAMETERS_RAW_LOG VALUES(96,'maximumCapacity','false',127)
COMMIT
INSERT INTO AGENT_PARAMETERS_RAW_LOG VALUES(96,'destinationType','DEST_ENTITY',128)
COMMIT
INSERT INTO AGENT_PARAMETERS_RAW_LOG VALUES(96,'entityLocationQueue','null',129)
COMMIT
INSERT INTO AGENT_PARAMETERS_RAW_LOG VALUES(96,'terminatedTaskProcessing','TERMINATED_SEND_TO_ENTER_BLOCK',130)
COMMIT
INSERT INTO AGENT_PARAMETERS_RAW_LOG VALUES(96,'suspendResumeEntities','true',131)
COMMIT
INSERT INTO AGENT_PARAMETERS_RAW_LOG VALUES(96,'customizeResourceChoice','false',132)
COMMIT
INSERT INTO AGENT_PARAMETERS_RAW_LOG VALUES(96,'taskStartBlocksAreConnected','true',133)
COMMIT
INSERT INTO AGENT_PARAMETERS_RAW_LOG VALUES(96,'taskStartBlocks','null',134)
COMMIT
INSERT INTO AGENT_PARAMETERS_RAW_LOG VALUES(96,'enableTimeout','false',135)
COMMIT
INSERT INTO AGENT_PARAMETERS_RAW_LOG VALUES(96,'enablePreemption','false',136)
COMMIT
INSERT INTO AGENT_PARAMETERS_RAW_LOG VALUES(96,'canceledUnitsBehavior','CANCELED_UNITS_STAY_WHERE_THEY_ARE',137)
COMMIT
INSERT INTO AGENT_PARAMETERS_RAW_LOG VALUES(96,'pushProtocol','false',138)
COMMIT
INSERT INTO AGENT_PARAMETERS_RAW_LOG VALUES(96,'restoreEntityLocationOnExit','true',139)
COMMIT
INSERT INTO AGENT_PARAMETERS_RAW_LOG VALUES(96,'forceStatisticsCollection','false',140)
COMMIT
DELETE FROM AGENTS_RAW_LOG WHERE ID=97
INSERT INTO AGENTS_RAW_LOG VALUES(97,5,'root.grabWaiter.preparedUnitExit','2026-03-22 00:00:00.000000',20)
COMMIT
DELETE FROM AGENTS_RAW_LOG WHERE ID=109
INSERT INTO AGENTS_RAW_LOG VALUES(109,6,'root.grabWaiter.sendTo','2026-03-22 00:00:00.000000',21)
COMMIT
INSERT INTO AGENT_PARAMETERS_RAW_LOG VALUES(109,'mode','MODE_MOVE_TO',141)
COMMIT
INSERT INTO AGENT_PARAMETERS_RAW_LOG VALUES(109,'destinationType','DEST_AGENT',142)
COMMIT
INSERT INTO AGENT_PARAMETERS_RAW_LOG VALUES(109,'destinationInNetwork','false',143)
COMMIT
INSERT INTO AGENT_PARAMETERS_RAW_LOG VALUES(109,'useOffsets','true',144)
COMMIT
INSERT INTO AGENT_PARAMETERS_RAW_LOG VALUES(109,'straightMovement','false',145)
COMMIT
INSERT INTO AGENT_PARAMETERS_RAW_LOG VALUES(109,'destinationUseRotation','false',146)
COMMIT
INSERT INTO AGENT_PARAMETERS_RAW_LOG VALUES(109,'restoreSpeedOnArrival','false',147)
COMMIT
DELETE FROM AGENTS_RAW_LOG WHERE ID=116
INSERT INTO AGENTS_RAW_LOG VALUES(116,7,'root.grabWaiter.sendOrNot','2026-03-22 00:00:00.000000',22)
COMMIT
INSERT INTO AGENT_PARAMETERS_RAW_LOG VALUES(116,'conditionIsProbabilistic','false',148)
COMMIT
INSERT INTO AGENT_PARAMETERS_RAW_LOG VALUES(116,'choiceIsVolatile','true',149)
COMMIT
DELETE FROM AGENTS_RAW_LOG WHERE ID=123
INSERT INTO AGENTS_RAW_LOG VALUES(123,8,'root.grabWaiter.defaultStart','2026-03-22 00:00:00.000000',23)
COMMIT
INSERT INTO AGENT_PARAMETERS_RAW_LOG VALUES(123,'defaultUnitsStart','true',150)
COMMIT
DELETE FROM AGENTS_RAW_LOG WHERE ID=128
INSERT INTO AGENTS_RAW_LOG VALUES(128,9,'root.grabWaiter.unitInput_xjal','2026-03-22 00:00:00.000000',24)
COMMIT
DELETE FROM AGENTS_RAW_LOG WHERE ID=130
INSERT INTO AGENTS_RAW_LOG VALUES(130,6,'root.walkToBuffet','2026-03-22 00:00:00.000000',25)
COMMIT
INSERT INTO AGENT_PARAMETERS_RAW_LOG VALUES(130,'mode','MODE_MOVE_TO',151)
COMMIT
INSERT INTO AGENT_PARAMETERS_RAW_LOG VALUES(130,'destinationType','DEST_NODE',152)
COMMIT
INSERT INTO AGENT_PARAMETERS_RAW_LOG VALUES(130,'destinationInNetwork','false',153)
COMMIT
INSERT INTO AGENT_PARAMETERS_RAW_LOG VALUES(130,'useOffsets','false',154)
COMMIT
INSERT INTO AGENT_PARAMETERS_RAW_LOG VALUES(130,'straightMovement','false',155)
COMMIT
INSERT INTO AGENT_PARAMETERS_RAW_LOG VALUES(130,'destinationUseRotation','false',156)
COMMIT
INSERT INTO AGENT_PARAMETERS_RAW_LOG VALUES(130,'restoreSpeedOnArrival','false',157)
COMMIT
DELETE FROM AGENTS_RAW_LOG WHERE ID=137
INSERT INTO AGENTS_RAW_LOG VALUES(137,10,'root.refillTray','2026-03-22 00:00:00.000000',26)
COMMIT
INSERT INTO AGENT_PARAMETERS_RAW_LOG VALUES(137,'type','TIMEOUT',158)
COMMIT
INSERT INTO AGENT_PARAMETERS_RAW_LOG VALUES(137,'capacity','1',159)
COMMIT
INSERT INTO AGENT_PARAMETERS_RAW_LOG VALUES(137,'maximumCapacity','false',160)
COMMIT
INSERT INTO AGENT_PARAMETERS_RAW_LOG VALUES(137,'entityLocation','null',161)
COMMIT
INSERT INTO AGENT_PARAMETERS_RAW_LOG VALUES(137,'pushProtocol','false',162)
COMMIT
INSERT INTO AGENT_PARAMETERS_RAW_LOG VALUES(137,'restoreEntityLocationOnExit','true',163)
COMMIT
INSERT INTO AGENT_PARAMETERS_RAW_LOG VALUES(137,'forceStatisticsCollection','false',164)
COMMIT
DELETE FROM AGENTS_RAW_LOG WHERE ID=143
INSERT INTO AGENTS_RAW_LOG VALUES(143,11,'root.freeWaiter','2026-03-22 00:00:00.000000',27)
COMMIT
INSERT INTO AGENT_PARAMETERS_RAW_LOG VALUES(143,'releaseMode','ALL',165)
COMMIT
INSERT INTO AGENT_PARAMETERS_RAW_LOG VALUES(143,'seizeBlocks','{}',166)
COMMIT
DELETE FROM AGENTS_RAW_LOG WHERE ID=145
INSERT INTO AGENTS_RAW_LOG VALUES(145,12,'root.freeWaiter.unitWrapUpEnter','2026-03-22 00:00:00.000000',28)
COMMIT
INSERT INTO AGENT_PARAMETERS_RAW_LOG VALUES(145,'locationType','LOCATION_NOT_SPECIFIED',167)
COMMIT
INSERT INTO AGENT_PARAMETERS_RAW_LOG VALUES(145,'locationXYZInNetwork','false',168)
COMMIT
INSERT INTO AGENT_PARAMETERS_RAW_LOG VALUES(145,'addToCustomPopulation','false',169)
COMMIT
INSERT INTO AGENT_PARAMETERS_RAW_LOG VALUES(145,'pushProtocol','true',170)
COMMIT
DELETE FROM AGENTS_RAW_LOG WHERE ID=149
INSERT INTO AGENTS_RAW_LOG VALUES(149,6,'root.freeWaiter.moveToHome','2026-03-22 00:00:00.000000',29)
COMMIT
INSERT INTO AGENT_PARAMETERS_RAW_LOG VALUES(149,'mode','MODE_MOVE_TO',171)
COMMIT
INSERT INTO AGENT_PARAMETERS_RAW_LOG VALUES(149,'destinationType','DEST_NODE_XYZ',172)
COMMIT
INSERT INTO AGENT_PARAMETERS_RAW_LOG VALUES(149,'destinationInNetwork','false',173)
COMMIT
INSERT INTO AGENT_PARAMETERS_RAW_LOG VALUES(149,'useOffsets','false',174)
COMMIT
INSERT INTO AGENT_PARAMETERS_RAW_LOG VALUES(149,'straightMovement','false',175)
COMMIT
INSERT INTO AGENT_PARAMETERS_RAW_LOG VALUES(149,'destinationUseRotation','true',176)
COMMIT
INSERT INTO AGENT_PARAMETERS_RAW_LOG VALUES(149,'restoreSpeedOnArrival','false',177)
COMMIT
DELETE FROM AGENTS_RAW_LOG WHERE ID=156
INSERT INTO AGENTS_RAW_LOG VALUES(156,7,'root.freeWaiter.goHome','2026-03-22 00:00:00.000000',30)
COMMIT
INSERT INTO AGENT_PARAMETERS_RAW_LOG VALUES(156,'conditionIsProbabilistic','false',178)
COMMIT
INSERT INTO AGENT_PARAMETERS_RAW_LOG VALUES(156,'choiceIsVolatile','true',179)
COMMIT
DELETE FROM AGENTS_RAW_LOG WHERE ID=163
INSERT INTO AGENTS_RAW_LOG VALUES(163,13,'root.freeWaiter.resourceEnd','2026-03-22 00:00:00.000000',31)
COMMIT
DELETE FROM AGENTS_RAW_LOG WHERE ID=180
INSERT INTO AGENTS_RAW_LOG VALUES(180,7,'root.freeWaiter.unitOut','2026-03-22 00:00:00.000000',32)
COMMIT
INSERT INTO AGENT_PARAMETERS_RAW_LOG VALUES(180,'conditionIsProbabilistic','false',180)
COMMIT
INSERT INTO AGENT_PARAMETERS_RAW_LOG VALUES(180,'choiceIsVolatile','true',181)
COMMIT
DELETE FROM AGENTS_RAW_LOG WHERE ID=187
INSERT INTO AGENTS_RAW_LOG VALUES(187,14,'root.sink','2026-03-22 00:00:00.000000',33)
COMMIT
DELETE FROM AGENTS_RAW_LOG WHERE ID=242
INSERT INTO AGENTS_RAW_LOG VALUES(242,4,'root.seize4','2026-03-22 00:00:00.000000',34)
COMMIT
INSERT INTO AGENT_PARAMETERS_RAW_LOG VALUES(242,'seizeFromOnePool','false',182)
COMMIT
INSERT INTO AGENT_PARAMETERS_RAW_LOG VALUES(242,'seizePolicy','SEIZE_WHOLE_SET',183)
COMMIT
INSERT INTO AGENT_PARAMETERS_RAW_LOG VALUES(242,'capacity','100',184)
COMMIT
INSERT INTO AGENT_PARAMETERS_RAW_LOG VALUES(242,'maximumCapacity','false',185)
COMMIT
INSERT INTO AGENT_PARAMETERS_RAW_LOG VALUES(242,'destinationType','DEST_ENTITY',186)
COMMIT
INSERT INTO AGENT_PARAMETERS_RAW_LOG VALUES(242,'entityLocationQueue','null',187)
COMMIT
INSERT INTO AGENT_PARAMETERS_RAW_LOG VALUES(242,'terminatedTaskProcessing','TERMINATED_SEND_TO_ENTER_BLOCK',188)
COMMIT
INSERT INTO AGENT_PARAMETERS_RAW_LOG VALUES(242,'suspendResumeEntities','true',189)
COMMIT
INSERT INTO AGENT_PARAMETERS_RAW_LOG VALUES(242,'customizeResourceChoice','false',190)
COMMIT
INSERT INTO AGENT_PARAMETERS_RAW_LOG VALUES(242,'taskStartBlocksAreConnected','true',191)
COMMIT
INSERT INTO AGENT_PARAMETERS_RAW_LOG VALUES(242,'taskStartBlocks','null',192)
COMMIT
INSERT INTO AGENT_PARAMETERS_RAW_LOG VALUES(242,'enableTimeout','false',193)
COMMIT
INSERT INTO AGENT_PARAMETERS_RAW_LOG VALUES(242,'enablePreemption','false',194)
COMMIT
INSERT INTO AGENT_PARAMETERS_RAW_LOG VALUES(242,'canceledUnitsBehavior','CANCELED_UNITS_STAY_WHERE_THEY_ARE',195)
COMMIT
INSERT INTO AGENT_PARAMETERS_RAW_LOG VALUES(242,'pushProtocol','false',196)
COMMIT
INSERT INTO AGENT_PARAMETERS_RAW_LOG VALUES(242,'restoreEntityLocationOnExit','true',197)
COMMIT
INSERT INTO AGENT_PARAMETERS_RAW_LOG VALUES(242,'forceStatisticsCollection','false',198)
COMMIT
DELETE FROM AGENTS_RAW_LOG WHERE ID=243
INSERT INTO AGENTS_RAW_LOG VALUES(243,5,'root.seize4.preparedUnitExit','2026-03-22 00:00:00.000000',35)
COMMIT
DELETE FROM AGENTS_RAW_LOG WHERE ID=255
INSERT INTO AGENTS_RAW_LOG VALUES(255,6,'root.seize4.sendTo','2026-03-22 00:00:00.000000',36)
COMMIT
INSERT INTO AGENT_PARAMETERS_RAW_LOG VALUES(255,'mode','MODE_MOVE_TO',199)
COMMIT
INSERT INTO AGENT_PARAMETERS_RAW_LOG VALUES(255,'destinationType','DEST_AGENT',200)
COMMIT
INSERT INTO AGENT_PARAMETERS_RAW_LOG VALUES(255,'destinationInNetwork','false',201)
COMMIT
INSERT INTO AGENT_PARAMETERS_RAW_LOG VALUES(255,'useOffsets','true',202)
COMMIT
INSERT INTO AGENT_PARAMETERS_RAW_LOG VALUES(255,'straightMovement','false',203)
COMMIT
INSERT INTO AGENT_PARAMETERS_RAW_LOG VALUES(255,'destinationUseRotation','false',204)
COMMIT
INSERT INTO AGENT_PARAMETERS_RAW_LOG VALUES(255,'restoreSpeedOnArrival','false',205)
COMMIT
DELETE FROM AGENTS_RAW_LOG WHERE ID=262
INSERT INTO AGENTS_RAW_LOG VALUES(262,7,'root.seize4.sendOrNot','2026-03-22 00:00:00.000000',37)
COMMIT
INSERT INTO AGENT_PARAMETERS_RAW_LOG VALUES(262,'conditionIsProbabilistic','false',206)
COMMIT
INSERT INTO AGENT_PARAMETERS_RAW_LOG VALUES(262,'choiceIsVolatile','true',207)
COMMIT
DELETE FROM AGENTS_RAW_LOG WHERE ID=269
INSERT INTO AGENTS_RAW_LOG VALUES(269,8,'root.seize4.defaultStart','2026-03-22 00:00:00.000000',38)
COMMIT
INSERT INTO AGENT_PARAMETERS_RAW_LOG VALUES(269,'defaultUnitsStart','true',208)
COMMIT
DELETE FROM AGENTS_RAW_LOG WHERE ID=274
INSERT INTO AGENTS_RAW_LOG VALUES(274,9,'root.seize4.unitInput_xjal','2026-03-22 00:00:00.000000',39)
COMMIT
DELETE FROM AGENTS_RAW_LOG WHERE ID=319
INSERT INTO AGENTS_RAW_LOG VALUES(319,1,'root.fourSeaters','2026-03-22 00:00:00.000000',40)
COMMIT
INSERT INTO AGENT_PARAMETERS_RAW_LOG VALUES(319,'type','RESOURCE_STATIC',209)
COMMIT
INSERT INTO AGENT_PARAMETERS_RAW_LOG VALUES(319,'capacityDefinitionType','CAPACITY_DIRECT',210)
COMMIT
INSERT INTO AGENT_PARAMETERS_RAW_LOG VALUES(319,'capacity','55',211)
COMMIT
INSERT INTO AGENT_PARAMETERS_RAW_LOG VALUES(319,'capacityBasedOnAttractors','true',212)
COMMIT
INSERT INTO AGENT_PARAMETERS_RAW_LOG VALUES(319,'capacitySchedule','null',213)
COMMIT
INSERT INTO AGENT_PARAMETERS_RAW_LOG VALUES(319,'capacityScheduleOnOff','null',214)
COMMIT
INSERT INTO AGENT_PARAMETERS_RAW_LOG VALUES(319,'shiftGroupSchedules','{}',215)
COMMIT
INSERT INTO AGENT_PARAMETERS_RAW_LOG VALUES(319,'shiftGroupSizes','{}',216)
COMMIT
INSERT INTO AGENT_PARAMETERS_RAW_LOG VALUES(319,'shiftGroupsPlan','null',217)
COMMIT
INSERT INTO AGENT_PARAMETERS_RAW_LOG VALUES(319,'destroyExcessUnits','false',218)
COMMIT
INSERT INTO AGENT_PARAMETERS_RAW_LOG VALUES(319,'speed','10.0',219)
COMMIT
INSERT INTO AGENT_PARAMETERS_RAW_LOG VALUES(319,'homeNodes','{}',220)
COMMIT
INSERT INTO AGENT_PARAMETERS_RAW_LOG VALUES(319,'showDefaultAnimationStatic','true',221)
COMMIT
INSERT INTO AGENT_PARAMETERS_RAW_LOG VALUES(319,'downtimeSource','DOWNTIME_LIST',222)
COMMIT
INSERT INTO AGENT_PARAMETERS_RAW_LOG VALUES(319,'downtimeList','null',223)
COMMIT
INSERT INTO AGENT_PARAMETERS_RAW_LOG VALUES(319,'enableMaintenance','false',224)
COMMIT
INSERT INTO AGENT_PARAMETERS_RAW_LOG VALUES(319,'maintenanceType','MAINTENANCE_DELAY',225)
COMMIT
INSERT INTO AGENT_PARAMETERS_RAW_LOG VALUES(319,'enableFailuresRepairs','false',226)
COMMIT
INSERT INTO AGENT_PARAMETERS_RAW_LOG VALUES(319,'countBusyOnlyTimeToFailure','false',227)
COMMIT
INSERT INTO AGENT_PARAMETERS_RAW_LOG VALUES(319,'repairType','REPAIR_DELAY',228)
COMMIT
INSERT INTO AGENT_PARAMETERS_RAW_LOG VALUES(319,'enableBreaks','false',229)
COMMIT
INSERT INTO AGENT_PARAMETERS_RAW_LOG VALUES(319,'breaksSchedule','null',230)
COMMIT
INSERT INTO AGENT_PARAMETERS_RAW_LOG VALUES(319,'enableCustomTasks','false',231)
COMMIT
INSERT INTO AGENT_PARAMETERS_RAW_LOG VALUES(319,'customTasks','{}',232)
COMMIT
INSERT INTO AGENT_PARAMETERS_RAW_LOG VALUES(319,'customizeRequestChoice','false',233)
COMMIT
INSERT INTO AGENT_PARAMETERS_RAW_LOG VALUES(319,'addToCustomPopulation','false',234)
COMMIT
INSERT INTO AGENT_PARAMETERS_RAW_LOG VALUES(319,'forceStatisticsCollection','false',235)
COMMIT
DELETE FROM AGENTS_RAW_LOG WHERE ID=321
INSERT INTO AGENTS_RAW_LOG VALUES(321,2,'root.fourSeaters.scheduledTaskQueue_xjal','2026-03-22 00:00:00.000000',41)
COMMIT
DELETE FROM AGENTS_RAW_LOG WHERE ID=322
INSERT INTO AGENTS_RAW_LOG VALUES(322,1,'root.tenSeaters','2026-03-22 00:00:00.000000',42)
COMMIT
INSERT INTO AGENT_PARAMETERS_RAW_LOG VALUES(322,'type','RESOURCE_MOVING',236)
COMMIT
INSERT INTO AGENT_PARAMETERS_RAW_LOG VALUES(322,'capacityDefinitionType','CAPACITY_DIRECT',237)
COMMIT
INSERT INTO AGENT_PARAMETERS_RAW_LOG VALUES(322,'capacity','17',238)
COMMIT
INSERT INTO AGENT_PARAMETERS_RAW_LOG VALUES(322,'capacityBasedOnAttractors','true',239)
COMMIT
INSERT INTO AGENT_PARAMETERS_RAW_LOG VALUES(322,'capacitySchedule','null',240)
COMMIT
INSERT INTO AGENT_PARAMETERS_RAW_LOG VALUES(322,'capacityScheduleOnOff','null',241)
COMMIT
INSERT INTO AGENT_PARAMETERS_RAW_LOG VALUES(322,'shiftGroupSchedules','{}',242)
COMMIT
INSERT INTO AGENT_PARAMETERS_RAW_LOG VALUES(322,'shiftGroupSizes','{}',243)
COMMIT
INSERT INTO AGENT_PARAMETERS_RAW_LOG VALUES(322,'shiftGroupsPlan','null',244)
COMMIT
INSERT INTO AGENT_PARAMETERS_RAW_LOG VALUES(322,'destroyExcessUnits','false',245)
COMMIT
INSERT INTO AGENT_PARAMETERS_RAW_LOG VALUES(322,'speed','10.0',246)
COMMIT
INSERT INTO AGENT_PARAMETERS_RAW_LOG VALUES(322,'homeNodes','{}',247)
COMMIT
INSERT INTO AGENT_PARAMETERS_RAW_LOG VALUES(322,'showDefaultAnimationStatic','true',248)
COMMIT
INSERT INTO AGENT_PARAMETERS_RAW_LOG VALUES(322,'downtimeSource','DOWNTIME_LIST',249)
COMMIT
INSERT INTO AGENT_PARAMETERS_RAW_LOG VALUES(322,'downtimeList','null',250)
COMMIT
INSERT INTO AGENT_PARAMETERS_RAW_LOG VALUES(322,'enableMaintenance','false',251)
COMMIT
INSERT INTO AGENT_PARAMETERS_RAW_LOG VALUES(322,'maintenanceType','MAINTENANCE_DELAY',252)
COMMIT
INSERT INTO AGENT_PARAMETERS_RAW_LOG VALUES(322,'enableFailuresRepairs','false',253)
COMMIT
INSERT INTO AGENT_PARAMETERS_RAW_LOG VALUES(322,'countBusyOnlyTimeToFailure','false',254)
COMMIT
INSERT INTO AGENT_PARAMETERS_RAW_LOG VALUES(322,'repairType','REPAIR_DELAY',255)
COMMIT
INSERT INTO AGENT_PARAMETERS_RAW_LOG VALUES(322,'enableBreaks','false',256)
COMMIT
INSERT INTO AGENT_PARAMETERS_RAW_LOG VALUES(322,'breaksSchedule','null',257)
COMMIT
INSERT INTO AGENT_PARAMETERS_RAW_LOG VALUES(322,'enableCustomTasks','false',258)
COMMIT
INSERT INTO AGENT_PARAMETERS_RAW_LOG VALUES(322,'customTasks','{}',259)
COMMIT
INSERT INTO AGENT_PARAMETERS_RAW_LOG VALUES(322,'customizeRequestChoice','false',260)
COMMIT
INSERT INTO AGENT_PARAMETERS_RAW_LOG VALUES(322,'addToCustomPopulation','false',261)
COMMIT
INSERT INTO AGENT_PARAMETERS_RAW_LOG VALUES(322,'forceStatisticsCollection','false',262)
COMMIT
DELETE FROM AGENTS_RAW_LOG WHERE ID=324
INSERT INTO AGENTS_RAW_LOG VALUES(324,2,'root.tenSeaters.scheduledTaskQueue_xjal','2026-03-22 00:00:00.000000',43)
COMMIT
DELETE FROM AGENTS_RAW_LOG WHERE ID=325
INSERT INTO AGENTS_RAW_LOG VALUES(325,11,'root.release','2026-03-22 00:00:00.000000',44)
COMMIT
INSERT INTO AGENT_PARAMETERS_RAW_LOG VALUES(325,'releaseMode','ALL',263)
COMMIT
INSERT INTO AGENT_PARAMETERS_RAW_LOG VALUES(325,'seizeBlocks','{}',264)
COMMIT
DELETE FROM AGENTS_RAW_LOG WHERE ID=327
INSERT INTO AGENTS_RAW_LOG VALUES(327,12,'root.release.unitWrapUpEnter','2026-03-22 00:00:00.000000',45)
COMMIT
INSERT INTO AGENT_PARAMETERS_RAW_LOG VALUES(327,'locationType','LOCATION_NOT_SPECIFIED',265)
COMMIT
INSERT INTO AGENT_PARAMETERS_RAW_LOG VALUES(327,'locationXYZInNetwork','false',266)
COMMIT
INSERT INTO AGENT_PARAMETERS_RAW_LOG VALUES(327,'addToCustomPopulation','false',267)
COMMIT
INSERT INTO AGENT_PARAMETERS_RAW_LOG VALUES(327,'pushProtocol','true',268)
COMMIT
DELETE FROM AGENTS_RAW_LOG WHERE ID=331
INSERT INTO AGENTS_RAW_LOG VALUES(331,6,'root.release.moveToHome','2026-03-22 00:00:00.000000',46)
COMMIT
INSERT INTO AGENT_PARAMETERS_RAW_LOG VALUES(331,'mode','MODE_MOVE_TO',269)
COMMIT
INSERT INTO AGENT_PARAMETERS_RAW_LOG VALUES(331,'destinationType','DEST_NODE_XYZ',270)
COMMIT
INSERT INTO AGENT_PARAMETERS_RAW_LOG VALUES(331,'destinationInNetwork','false',271)
COMMIT
INSERT INTO AGENT_PARAMETERS_RAW_LOG VALUES(331,'useOffsets','false',272)
COMMIT
INSERT INTO AGENT_PARAMETERS_RAW_LOG VALUES(331,'straightMovement','false',273)
COMMIT
INSERT INTO AGENT_PARAMETERS_RAW_LOG VALUES(331,'destinationUseRotation','true',274)
COMMIT
INSERT INTO AGENT_PARAMETERS_RAW_LOG VALUES(331,'restoreSpeedOnArrival','false',275)
COMMIT
DELETE FROM AGENTS_RAW_LOG WHERE ID=338
INSERT INTO AGENTS_RAW_LOG VALUES(338,7,'root.release.goHome','2026-03-22 00:00:00.000000',47)
COMMIT
INSERT INTO AGENT_PARAMETERS_RAW_LOG VALUES(338,'conditionIsProbabilistic','false',276)
COMMIT
INSERT INTO AGENT_PARAMETERS_RAW_LOG VALUES(338,'choiceIsVolatile','true',277)
COMMIT
DELETE FROM AGENTS_RAW_LOG WHERE ID=345
INSERT INTO AGENTS_RAW_LOG VALUES(345,13,'root.release.resourceEnd','2026-03-22 00:00:00.000000',48)
COMMIT
DELETE FROM AGENTS_RAW_LOG WHERE ID=362
INSERT INTO AGENTS_RAW_LOG VALUES(362,7,'root.release.unitOut','2026-03-22 00:00:00.000000',49)
COMMIT
INSERT INTO AGENT_PARAMETERS_RAW_LOG VALUES(362,'conditionIsProbabilistic','false',278)
COMMIT
INSERT INTO AGENT_PARAMETERS_RAW_LOG VALUES(362,'choiceIsVolatile','true',279)
COMMIT
DELETE FROM AGENTS_RAW_LOG WHERE ID=816
INSERT INTO AGENTS_RAW_LOG VALUES(816,15,'root._table4seater_controller_xjal','2026-03-22 00:00:00.000000',50)
COMMIT
INSERT INTO AGENT_PARAMETERS_RAW_LOG VALUES(816,'appliedClass','class com.anylogic.engine.Agent',280)
COMMIT
INSERT INTO AGENT_PARAMETERS_RAW_LOG VALUES(816,'speedRestricted','false',281)
COMMIT
INSERT INTO AGENT_PARAMETERS_RAW_LOG VALUES(816,'maxSpeed','1.0',282)
COMMIT
INSERT INTO AGENT_PARAMETERS_RAW_LOG VALUES(816,'accessRestricted','true',283)
COMMIT
INSERT INTO AGENT_PARAMETERS_RAW_LOG VALUES(816,'accessRestrictionType','AREA_ACCESS_RESTRICTION_BY_CAPACITY',284)
COMMIT
INSERT INTO AGENT_PARAMETERS_RAW_LOG VALUES(816,'capacity','0',285)
COMMIT
INSERT INTO AGENT_PARAMETERS_RAW_LOG VALUES(816,'throughput','25.0',286)
COMMIT
INSERT INTO AGENT_PARAMETERS_RAW_LOG VALUES(816,'schedule','null',287)
COMMIT
INSERT INTO AGENT_PARAMETERS_RAW_LOG VALUES(816,'avoidedIfClosed','false',288)
COMMIT
DELETE FROM AGENTS_RAW_LOG WHERE ID=817
INSERT INTO AGENTS_RAW_LOG VALUES(817,15,'root._table4seater2_controller_xjal','2026-03-22 00:00:00.000000',51)
COMMIT
INSERT INTO AGENT_PARAMETERS_RAW_LOG VALUES(817,'appliedClass','class com.anylogic.engine.Agent',289)
COMMIT
INSERT INTO AGENT_PARAMETERS_RAW_LOG VALUES(817,'speedRestricted','false',290)
COMMIT
INSERT INTO AGENT_PARAMETERS_RAW_LOG VALUES(817,'maxSpeed','1.0',291)
COMMIT
INSERT INTO AGENT_PARAMETERS_RAW_LOG VALUES(817,'accessRestricted','true',292)
COMMIT
INSERT INTO AGENT_PARAMETERS_RAW_LOG VALUES(817,'accessRestrictionType','AREA_ACCESS_RESTRICTION_BY_CAPACITY',293)
COMMIT
INSERT INTO AGENT_PARAMETERS_RAW_LOG VALUES(817,'capacity','0',294)
COMMIT
INSERT INTO AGENT_PARAMETERS_RAW_LOG VALUES(817,'throughput','25.0',295)
COMMIT
INSERT INTO AGENT_PARAMETERS_RAW_LOG VALUES(817,'schedule','null',296)
COMMIT
INSERT INTO AGENT_PARAMETERS_RAW_LOG VALUES(817,'avoidedIfClosed','false',297)
COMMIT
DELETE FROM AGENTS_RAW_LOG WHERE ID=818
INSERT INTO AGENTS_RAW_LOG VALUES(818,15,'root._table4seater3_controller_xjal','2026-03-22 00:00:00.000000',52)
COMMIT
INSERT INTO AGENT_PARAMETERS_RAW_LOG VALUES(818,'appliedClass','class com.anylogic.engine.Agent',298)
COMMIT
INSERT INTO AGENT_PARAMETERS_RAW_LOG VALUES(818,'speedRestricted','false',299)
COMMIT
INSERT INTO AGENT_PARAMETERS_RAW_LOG VALUES(818,'maxSpeed','1.0',300)
COMMIT
INSERT INTO AGENT_PARAMETERS_RAW_LOG VALUES(818,'accessRestricted','true',301)
COMMIT
INSERT INTO AGENT_PARAMETERS_RAW_LOG VALUES(818,'accessRestrictionType','AREA_ACCESS_RESTRICTION_BY_CAPACITY',302)
COMMIT
INSERT INTO AGENT_PARAMETERS_RAW_LOG VALUES(818,'capacity','0',303)
COMMIT
INSERT INTO AGENT_PARAMETERS_RAW_LOG VALUES(818,'throughput','25.0',304)
COMMIT
INSERT INTO AGENT_PARAMETERS_RAW_LOG VALUES(818,'schedule','null',305)
COMMIT
INSERT INTO AGENT_PARAMETERS_RAW_LOG VALUES(818,'avoidedIfClosed','false',306)
COMMIT
DELETE FROM AGENTS_RAW_LOG WHERE ID=819
INSERT INTO AGENTS_RAW_LOG VALUES(819,15,'root._table4seater4_controller_xjal','2026-03-22 00:00:00.000000',53)
COMMIT
INSERT INTO AGENT_PARAMETERS_RAW_LOG VALUES(819,'appliedClass','class com.anylogic.engine.Agent',307)
COMMIT
INSERT INTO AGENT_PARAMETERS_RAW_LOG VALUES(819,'speedRestricted','false',308)
COMMIT
INSERT INTO AGENT_PARAMETERS_RAW_LOG VALUES(819,'maxSpeed','1.0',309)
COMMIT
INSERT INTO AGENT_PARAMETERS_RAW_LOG VALUES(819,'accessRestricted','true',310)
COMMIT
INSERT INTO AGENT_PARAMETERS_RAW_LOG VALUES(819,'accessRestrictionType','AREA_ACCESS_RESTRICTION_BY_CAPACITY',311)
COMMIT
INSERT INTO AGENT_PARAMETERS_RAW_LOG VALUES(819,'capacity','0',312)
COMMIT
INSERT INTO AGENT_PARAMETERS_RAW_LOG VALUES(819,'throughput','25.0',313)
COMMIT
INSERT INTO AGENT_PARAMETERS_RAW_LOG VALUES(819,'schedule','null',314)
COMMIT
INSERT INTO AGENT_PARAMETERS_RAW_LOG VALUES(819,'avoidedIfClosed','false',315)
COMMIT
DELETE FROM AGENTS_RAW_LOG WHERE ID=820
INSERT INTO AGENTS_RAW_LOG VALUES(820,15,'root._table4seater5_controller_xjal','2026-03-22 00:00:00.000000',54)
COMMIT
INSERT INTO AGENT_PARAMETERS_RAW_LOG VALUES(820,'appliedClass','class com.anylogic.engine.Agent',316)
COMMIT
INSERT INTO AGENT_PARAMETERS_RAW_LOG VALUES(820,'speedRestricted','false',317)
COMMIT
INSERT INTO AGENT_PARAMETERS_RAW_LOG VALUES(820,'maxSpeed','1.0',318)
COMMIT
INSERT INTO AGENT_PARAMETERS_RAW_LOG VALUES(820,'accessRestricted','true',319)
COMMIT
INSERT INTO AGENT_PARAMETERS_RAW_LOG VALUES(820,'accessRestrictionType','AREA_ACCESS_RESTRICTION_BY_CAPACITY',320)
COMMIT
INSERT INTO AGENT_PARAMETERS_RAW_LOG VALUES(820,'capacity','0',321)
COMMIT
INSERT INTO AGENT_PARAMETERS_RAW_LOG VALUES(820,'throughput','25.0',322)
COMMIT
INSERT INTO AGENT_PARAMETERS_RAW_LOG VALUES(820,'schedule','null',323)
COMMIT
INSERT INTO AGENT_PARAMETERS_RAW_LOG VALUES(820,'avoidedIfClosed','false',324)
COMMIT
DELETE FROM AGENTS_RAW_LOG WHERE ID=821
INSERT INTO AGENTS_RAW_LOG VALUES(821,15,'root._table4seater6_controller_xjal','2026-03-22 00:00:00.000000',55)
COMMIT
INSERT INTO AGENT_PARAMETERS_RAW_LOG VALUES(821,'appliedClass','class com.anylogic.engine.Agent',325)
COMMIT
INSERT INTO AGENT_PARAMETERS_RAW_LOG VALUES(821,'speedRestricted','false',326)
COMMIT
INSERT INTO AGENT_PARAMETERS_RAW_LOG VALUES(821,'maxSpeed','1.0',327)
COMMIT
INSERT INTO AGENT_PARAMETERS_RAW_LOG VALUES(821,'accessRestricted','true',328)
COMMIT
INSERT INTO AGENT_PARAMETERS_RAW_LOG VALUES(821,'accessRestrictionType','AREA_ACCESS_RESTRICTION_BY_CAPACITY',329)
COMMIT
INSERT INTO AGENT_PARAMETERS_RAW_LOG VALUES(821,'capacity','0',330)
COMMIT
INSERT INTO AGENT_PARAMETERS_RAW_LOG VALUES(821,'throughput','25.0',331)
COMMIT
INSERT INTO AGENT_PARAMETERS_RAW_LOG VALUES(821,'schedule','null',332)
COMMIT
INSERT INTO AGENT_PARAMETERS_RAW_LOG VALUES(821,'avoidedIfClosed','false',333)
COMMIT
DELETE FROM AGENTS_RAW_LOG WHERE ID=822
INSERT INTO AGENTS_RAW_LOG VALUES(822,15,'root._table4seater7_controller_xjal','2026-03-22 00:00:00.000000',56)
COMMIT
INSERT INTO AGENT_PARAMETERS_RAW_LOG VALUES(822,'appliedClass','class com.anylogic.engine.Agent',334)
COMMIT
INSERT INTO AGENT_PARAMETERS_RAW_LOG VALUES(822,'speedRestricted','false',335)
COMMIT
INSERT INTO AGENT_PARAMETERS_RAW_LOG VALUES(822,'maxSpeed','1.0',336)
COMMIT
INSERT INTO AGENT_PARAMETERS_RAW_LOG VALUES(822,'accessRestricted','true',337)
COMMIT
INSERT INTO AGENT_PARAMETERS_RAW_LOG VALUES(822,'accessRestrictionType','AREA_ACCESS_RESTRICTION_BY_CAPACITY',338)
COMMIT
INSERT INTO AGENT_PARAMETERS_RAW_LOG VALUES(822,'capacity','0',339)
COMMIT
INSERT INTO AGENT_PARAMETERS_RAW_LOG VALUES(822,'throughput','25.0',340)
COMMIT
INSERT INTO AGENT_PARAMETERS_RAW_LOG VALUES(822,'schedule','null',341)
COMMIT
INSERT INTO AGENT_PARAMETERS_RAW_LOG VALUES(822,'avoidedIfClosed','false',342)
COMMIT
DELETE FROM AGENTS_RAW_LOG WHERE ID=823
INSERT INTO AGENTS_RAW_LOG VALUES(823,15,'root._table4seater8_controller_xjal','2026-03-22 00:00:00.000000',57)
COMMIT
INSERT INTO AGENT_PARAMETERS_RAW_LOG VALUES(823,'appliedClass','class com.anylogic.engine.Agent',343)
COMMIT
INSERT INTO AGENT_PARAMETERS_RAW_LOG VALUES(823,'speedRestricted','false',344)
COMMIT
INSERT INTO AGENT_PARAMETERS_RAW_LOG VALUES(823,'maxSpeed','1.0',345)
COMMIT
INSERT INTO AGENT_PARAMETERS_RAW_LOG VALUES(823,'accessRestricted','true',346)
COMMIT
INSERT INTO AGENT_PARAMETERS_RAW_LOG VALUES(823,'accessRestrictionType','AREA_ACCESS_RESTRICTION_BY_CAPACITY',347)
COMMIT
INSERT INTO AGENT_PARAMETERS_RAW_LOG VALUES(823,'capacity','0',348)
COMMIT
INSERT INTO AGENT_PARAMETERS_RAW_LOG VALUES(823,'throughput','25.0',349)
COMMIT
INSERT INTO AGENT_PARAMETERS_RAW_LOG VALUES(823,'schedule','null',350)
COMMIT
INSERT INTO AGENT_PARAMETERS_RAW_LOG VALUES(823,'avoidedIfClosed','false',351)
COMMIT
DELETE FROM AGENTS_RAW_LOG WHERE ID=824
INSERT INTO AGENTS_RAW_LOG VALUES(824,15,'root._table4seater9_controller_xjal','2026-03-22 00:00:00.000000',58)
COMMIT
INSERT INTO AGENT_PARAMETERS_RAW_LOG VALUES(824,'appliedClass','class com.anylogic.engine.Agent',352)
COMMIT
INSERT INTO AGENT_PARAMETERS_RAW_LOG VALUES(824,'speedRestricted','false',353)
COMMIT
INSERT INTO AGENT_PARAMETERS_RAW_LOG VALUES(824,'maxSpeed','1.0',354)
COMMIT
INSERT INTO AGENT_PARAMETERS_RAW_LOG VALUES(824,'accessRestricted','true',355)
COMMIT
INSERT INTO AGENT_PARAMETERS_RAW_LOG VALUES(824,'accessRestrictionType','AREA_ACCESS_RESTRICTION_BY_CAPACITY',356)
COMMIT
INSERT INTO AGENT_PARAMETERS_RAW_LOG VALUES(824,'capacity','0',357)
COMMIT
INSERT INTO AGENT_PARAMETERS_RAW_LOG VALUES(824,'throughput','25.0',358)
COMMIT
INSERT INTO AGENT_PARAMETERS_RAW_LOG VALUES(824,'schedule','null',359)
COMMIT
INSERT INTO AGENT_PARAMETERS_RAW_LOG VALUES(824,'avoidedIfClosed','false',360)
COMMIT
DELETE FROM AGENTS_RAW_LOG WHERE ID=825
INSERT INTO AGENTS_RAW_LOG VALUES(825,15,'root._table4seater10_controller_xjal','2026-03-22 00:00:00.000000',59)
COMMIT
INSERT INTO AGENT_PARAMETERS_RAW_LOG VALUES(825,'appliedClass','class com.anylogic.engine.Agent',361)
COMMIT
INSERT INTO AGENT_PARAMETERS_RAW_LOG VALUES(825,'speedRestricted','false',362)
COMMIT
INSERT INTO AGENT_PARAMETERS_RAW_LOG VALUES(825,'maxSpeed','1.0',363)
COMMIT
INSERT INTO AGENT_PARAMETERS_RAW_LOG VALUES(825,'accessRestricted','true',364)
COMMIT
INSERT INTO AGENT_PARAMETERS_RAW_LOG VALUES(825,'accessRestrictionType','AREA_ACCESS_RESTRICTION_BY_CAPACITY',365)
COMMIT
INSERT INTO AGENT_PARAMETERS_RAW_LOG VALUES(825,'capacity','0',366)
COMMIT
INSERT INTO AGENT_PARAMETERS_RAW_LOG VALUES(825,'throughput','25.0',367)
COMMIT
INSERT INTO AGENT_PARAMETERS_RAW_LOG VALUES(825,'schedule','null',368)
COMMIT
INSERT INTO AGENT_PARAMETERS_RAW_LOG VALUES(825,'avoidedIfClosed','false',369)
COMMIT
DELETE FROM AGENTS_RAW_LOG WHERE ID=826
INSERT INTO AGENTS_RAW_LOG VALUES(826,15,'root._table4seater11_controller_xjal','2026-03-22 00:00:00.000000',60)
COMMIT
INSERT INTO AGENT_PARAMETERS_RAW_LOG VALUES(826,'appliedClass','class com.anylogic.engine.Agent',370)
COMMIT
INSERT INTO AGENT_PARAMETERS_RAW_LOG VALUES(826,'speedRestricted','false',371)
COMMIT
INSERT INTO AGENT_PARAMETERS_RAW_LOG VALUES(826,'maxSpeed','1.0',372)
COMMIT
INSERT INTO AGENT_PARAMETERS_RAW_LOG VALUES(826,'accessRestricted','true',373)
COMMIT
INSERT INTO AGENT_PARAMETERS_RAW_LOG VALUES(826,'accessRestrictionType','AREA_ACCESS_RESTRICTION_BY_CAPACITY',374)
COMMIT
INSERT INTO AGENT_PARAMETERS_RAW_LOG VALUES(826,'capacity','0',375)
COMMIT
INSERT INTO AGENT_PARAMETERS_RAW_LOG VALUES(826,'throughput','25.0',376)
COMMIT
INSERT INTO AGENT_PARAMETERS_RAW_LOG VALUES(826,'schedule','null',377)
COMMIT
INSERT INTO AGENT_PARAMETERS_RAW_LOG VALUES(826,'avoidedIfClosed','false',378)
COMMIT
DELETE FROM AGENTS_RAW_LOG WHERE ID=827
INSERT INTO AGENTS_RAW_LOG VALUES(827,15,'root._table4seater12_controller_xjal','2026-03-22 00:00:00.000000',61)
COMMIT
INSERT INTO AGENT_PARAMETERS_RAW_LOG VALUES(827,'appliedClass','class com.anylogic.engine.Agent',379)
COMMIT
INSERT INTO AGENT_PARAMETERS_RAW_LOG VALUES(827,'speedRestricted','false',380)
COMMIT
INSERT INTO AGENT_PARAMETERS_RAW_LOG VALUES(827,'maxSpeed','1.0',381)
COMMIT
INSERT INTO AGENT_PARAMETERS_RAW_LOG VALUES(827,'accessRestricted','true',382)
COMMIT
INSERT INTO AGENT_PARAMETERS_RAW_LOG VALUES(827,'accessRestrictionType','AREA_ACCESS_RESTRICTION_BY_CAPACITY',383)
COMMIT
INSERT INTO AGENT_PARAMETERS_RAW_LOG VALUES(827,'capacity','0',384)
COMMIT
INSERT INTO AGENT_PARAMETERS_RAW_LOG VALUES(827,'throughput','25.0',385)
COMMIT
INSERT INTO AGENT_PARAMETERS_RAW_LOG VALUES(827,'schedule','null',386)
COMMIT
INSERT INTO AGENT_PARAMETERS_RAW_LOG VALUES(827,'avoidedIfClosed','false',387)
COMMIT
DELETE FROM AGENTS_RAW_LOG WHERE ID=828
INSERT INTO AGENTS_RAW_LOG VALUES(828,15,'root._table4seater13_controller_xjal','2026-03-22 00:00:00.000000',62)
COMMIT
INSERT INTO AGENT_PARAMETERS_RAW_LOG VALUES(828,'appliedClass','class com.anylogic.engine.Agent',388)
COMMIT
INSERT INTO AGENT_PARAMETERS_RAW_LOG VALUES(828,'speedRestricted','false',389)
COMMIT
INSERT INTO AGENT_PARAMETERS_RAW_LOG VALUES(828,'maxSpeed','1.0',390)
COMMIT
INSERT INTO AGENT_PARAMETERS_RAW_LOG VALUES(828,'accessRestricted','true',391)
COMMIT
INSERT INTO AGENT_PARAMETERS_RAW_LOG VALUES(828,'accessRestrictionType','AREA_ACCESS_RESTRICTION_BY_CAPACITY',392)
COMMIT
INSERT INTO AGENT_PARAMETERS_RAW_LOG VALUES(828,'capacity','0',393)
COMMIT
INSERT INTO AGENT_PARAMETERS_RAW_LOG VALUES(828,'throughput','25.0',394)
COMMIT
INSERT INTO AGENT_PARAMETERS_RAW_LOG VALUES(828,'schedule','null',395)
COMMIT
INSERT INTO AGENT_PARAMETERS_RAW_LOG VALUES(828,'avoidedIfClosed','false',396)
COMMIT
DELETE FROM AGENTS_RAW_LOG WHERE ID=829
INSERT INTO AGENTS_RAW_LOG VALUES(829,15,'root._table4seater14_controller_xjal','2026-03-22 00:00:00.000000',63)
COMMIT
INSERT INTO AGENT_PARAMETERS_RAW_LOG VALUES(829,'appliedClass','class com.anylogic.engine.Agent',397)
COMMIT
INSERT INTO AGENT_PARAMETERS_RAW_LOG VALUES(829,'speedRestricted','false',398)
COMMIT
INSERT INTO AGENT_PARAMETERS_RAW_LOG VALUES(829,'maxSpeed','1.0',399)
COMMIT
INSERT INTO AGENT_PARAMETERS_RAW_LOG VALUES(829,'accessRestricted','true',400)
COMMIT
INSERT INTO AGENT_PARAMETERS_RAW_LOG VALUES(829,'accessRestrictionType','AREA_ACCESS_RESTRICTION_BY_CAPACITY',401)
COMMIT
INSERT INTO AGENT_PARAMETERS_RAW_LOG VALUES(829,'capacity','0',402)
COMMIT
INSERT INTO AGENT_PARAMETERS_RAW_LOG VALUES(829,'throughput','25.0',403)
COMMIT
INSERT INTO AGENT_PARAMETERS_RAW_LOG VALUES(829,'schedule','null',404)
COMMIT
INSERT INTO AGENT_PARAMETERS_RAW_LOG VALUES(829,'avoidedIfClosed','false',405)
COMMIT
DELETE FROM AGENTS_RAW_LOG WHERE ID=830
INSERT INTO AGENTS_RAW_LOG VALUES(830,15,'root._table4seater15_controller_xjal','2026-03-22 00:00:00.000000',64)
COMMIT
INSERT INTO AGENT_PARAMETERS_RAW_LOG VALUES(830,'appliedClass','class com.anylogic.engine.Agent',406)
COMMIT
INSERT INTO AGENT_PARAMETERS_RAW_LOG VALUES(830,'speedRestricted','false',407)
COMMIT
INSERT INTO AGENT_PARAMETERS_RAW_LOG VALUES(830,'maxSpeed','1.0',408)
COMMIT
INSERT INTO AGENT_PARAMETERS_RAW_LOG VALUES(830,'accessRestricted','true',409)
COMMIT
INSERT INTO AGENT_PARAMETERS_RAW_LOG VALUES(830,'accessRestrictionType','AREA_ACCESS_RESTRICTION_BY_CAPACITY',410)
COMMIT
INSERT INTO AGENT_PARAMETERS_RAW_LOG VALUES(830,'capacity','0',411)
COMMIT
INSERT INTO AGENT_PARAMETERS_RAW_LOG VALUES(830,'throughput','25.0',412)
COMMIT
INSERT INTO AGENT_PARAMETERS_RAW_LOG VALUES(830,'schedule','null',413)
COMMIT
INSERT INTO AGENT_PARAMETERS_RAW_LOG VALUES(830,'avoidedIfClosed','false',414)
COMMIT
DELETE FROM AGENTS_RAW_LOG WHERE ID=831
INSERT INTO AGENTS_RAW_LOG VALUES(831,15,'root._table4seater16_controller_xjal','2026-03-22 00:00:00.000000',65)
COMMIT
INSERT INTO AGENT_PARAMETERS_RAW_LOG VALUES(831,'appliedClass','class com.anylogic.engine.Agent',415)
COMMIT
INSERT INTO AGENT_PARAMETERS_RAW_LOG VALUES(831,'speedRestricted','false',416)
COMMIT
INSERT INTO AGENT_PARAMETERS_RAW_LOG VALUES(831,'maxSpeed','1.0',417)
COMMIT
INSERT INTO AGENT_PARAMETERS_RAW_LOG VALUES(831,'accessRestricted','true',418)
COMMIT
INSERT INTO AGENT_PARAMETERS_RAW_LOG VALUES(831,'accessRestrictionType','AREA_ACCESS_RESTRICTION_BY_CAPACITY',419)
COMMIT
INSERT INTO AGENT_PARAMETERS_RAW_LOG VALUES(831,'capacity','0',420)
COMMIT
INSERT INTO AGENT_PARAMETERS_RAW_LOG VALUES(831,'throughput','25.0',421)
COMMIT
INSERT INTO AGENT_PARAMETERS_RAW_LOG VALUES(831,'schedule','null',422)
COMMIT
INSERT INTO AGENT_PARAMETERS_RAW_LOG VALUES(831,'avoidedIfClosed','false',423)
COMMIT
DELETE FROM AGENTS_RAW_LOG WHERE ID=832
INSERT INTO AGENTS_RAW_LOG VALUES(832,15,'root._table4seater17_controller_xjal','2026-03-22 00:00:00.000000',66)
COMMIT
INSERT INTO AGENT_PARAMETERS_RAW_LOG VALUES(832,'appliedClass','class com.anylogic.engine.Agent',424)
COMMIT
INSERT INTO AGENT_PARAMETERS_RAW_LOG VALUES(832,'speedRestricted','false',425)
COMMIT
INSERT INTO AGENT_PARAMETERS_RAW_LOG VALUES(832,'maxSpeed','1.0',426)
COMMIT
INSERT INTO AGENT_PARAMETERS_RAW_LOG VALUES(832,'accessRestricted','true',427)
COMMIT
INSERT INTO AGENT_PARAMETERS_RAW_LOG VALUES(832,'accessRestrictionType','AREA_ACCESS_RESTRICTION_BY_CAPACITY',428)
COMMIT
INSERT INTO AGENT_PARAMETERS_RAW_LOG VALUES(832,'capacity','0',429)
COMMIT
INSERT INTO AGENT_PARAMETERS_RAW_LOG VALUES(832,'throughput','25.0',430)
COMMIT
INSERT INTO AGENT_PARAMETERS_RAW_LOG VALUES(832,'schedule','null',431)
COMMIT
INSERT INTO AGENT_PARAMETERS_RAW_LOG VALUES(832,'avoidedIfClosed','false',432)
COMMIT
DELETE FROM AGENTS_RAW_LOG WHERE ID=833
INSERT INTO AGENTS_RAW_LOG VALUES(833,15,'root._table4seater18_controller_xjal','2026-03-22 00:00:00.000000',67)
COMMIT
INSERT INTO AGENT_PARAMETERS_RAW_LOG VALUES(833,'appliedClass','class com.anylogic.engine.Agent',433)
COMMIT
INSERT INTO AGENT_PARAMETERS_RAW_LOG VALUES(833,'speedRestricted','false',434)
COMMIT
INSERT INTO AGENT_PARAMETERS_RAW_LOG VALUES(833,'maxSpeed','1.0',435)
COMMIT
INSERT INTO AGENT_PARAMETERS_RAW_LOG VALUES(833,'accessRestricted','true',436)
COMMIT
INSERT INTO AGENT_PARAMETERS_RAW_LOG VALUES(833,'accessRestrictionType','AREA_ACCESS_RESTRICTION_BY_CAPACITY',437)
COMMIT
INSERT INTO AGENT_PARAMETERS_RAW_LOG VALUES(833,'capacity','0',438)
COMMIT
INSERT INTO AGENT_PARAMETERS_RAW_LOG VALUES(833,'throughput','25.0',439)
COMMIT
INSERT INTO AGENT_PARAMETERS_RAW_LOG VALUES(833,'schedule','null',440)
COMMIT
INSERT INTO AGENT_PARAMETERS_RAW_LOG VALUES(833,'avoidedIfClosed','false',441)
COMMIT
DELETE FROM AGENTS_RAW_LOG WHERE ID=834
INSERT INTO AGENTS_RAW_LOG VALUES(834,15,'root._table4seater19_controller_xjal','2026-03-22 00:00:00.000000',68)
COMMIT
INSERT INTO AGENT_PARAMETERS_RAW_LOG VALUES(834,'appliedClass','class com.anylogic.engine.Agent',442)
COMMIT
INSERT INTO AGENT_PARAMETERS_RAW_LOG VALUES(834,'speedRestricted','false',443)
COMMIT
INSERT INTO AGENT_PARAMETERS_RAW_LOG VALUES(834,'maxSpeed','1.0',444)
COMMIT
INSERT INTO AGENT_PARAMETERS_RAW_LOG VALUES(834,'accessRestricted','true',445)
COMMIT
INSERT INTO AGENT_PARAMETERS_RAW_LOG VALUES(834,'accessRestrictionType','AREA_ACCESS_RESTRICTION_BY_CAPACITY',446)
COMMIT
INSERT INTO AGENT_PARAMETERS_RAW_LOG VALUES(834,'capacity','0',447)
COMMIT
INSERT INTO AGENT_PARAMETERS_RAW_LOG VALUES(834,'throughput','25.0',448)
COMMIT
INSERT INTO AGENT_PARAMETERS_RAW_LOG VALUES(834,'schedule','null',449)
COMMIT
INSERT INTO AGENT_PARAMETERS_RAW_LOG VALUES(834,'avoidedIfClosed','false',450)
COMMIT
DELETE FROM AGENTS_RAW_LOG WHERE ID=835
INSERT INTO AGENTS_RAW_LOG VALUES(835,15,'root._table4seater20_controller_xjal','2026-03-22 00:00:00.000000',69)
COMMIT
INSERT INTO AGENT_PARAMETERS_RAW_LOG VALUES(835,'appliedClass','class com.anylogic.engine.Agent',451)
COMMIT
INSERT INTO AGENT_PARAMETERS_RAW_LOG VALUES(835,'speedRestricted','false',452)
COMMIT
INSERT INTO AGENT_PARAMETERS_RAW_LOG VALUES(835,'maxSpeed','1.0',453)
COMMIT
INSERT INTO AGENT_PARAMETERS_RAW_LOG VALUES(835,'accessRestricted','true',454)
COMMIT
INSERT INTO AGENT_PARAMETERS_RAW_LOG VALUES(835,'accessRestrictionType','AREA_ACCESS_RESTRICTION_BY_CAPACITY',455)
COMMIT
INSERT INTO AGENT_PARAMETERS_RAW_LOG VALUES(835,'capacity','0',456)
COMMIT
INSERT INTO AGENT_PARAMETERS_RAW_LOG VALUES(835,'throughput','25.0',457)
COMMIT
INSERT INTO AGENT_PARAMETERS_RAW_LOG VALUES(835,'schedule','null',458)
COMMIT
INSERT INTO AGENT_PARAMETERS_RAW_LOG VALUES(835,'avoidedIfClosed','false',459)
COMMIT
DELETE FROM AGENTS_RAW_LOG WHERE ID=836
INSERT INTO AGENTS_RAW_LOG VALUES(836,15,'root._table4seater21_controller_xjal','2026-03-22 00:00:00.000000',70)
COMMIT
INSERT INTO AGENT_PARAMETERS_RAW_LOG VALUES(836,'appliedClass','class com.anylogic.engine.Agent',460)
COMMIT
INSERT INTO AGENT_PARAMETERS_RAW_LOG VALUES(836,'speedRestricted','false',461)
COMMIT
INSERT INTO AGENT_PARAMETERS_RAW_LOG VALUES(836,'maxSpeed','1.0',462)
COMMIT
INSERT INTO AGENT_PARAMETERS_RAW_LOG VALUES(836,'accessRestricted','true',463)
COMMIT
INSERT INTO AGENT_PARAMETERS_RAW_LOG VALUES(836,'accessRestrictionType','AREA_ACCESS_RESTRICTION_BY_CAPACITY',464)
COMMIT
INSERT INTO AGENT_PARAMETERS_RAW_LOG VALUES(836,'capacity','0',465)
COMMIT
INSERT INTO AGENT_PARAMETERS_RAW_LOG VALUES(836,'throughput','25.0',466)
COMMIT
INSERT INTO AGENT_PARAMETERS_RAW_LOG VALUES(836,'schedule','null',467)
COMMIT
INSERT INTO AGENT_PARAMETERS_RAW_LOG VALUES(836,'avoidedIfClosed','false',468)
COMMIT
DELETE FROM AGENTS_RAW_LOG WHERE ID=837
INSERT INTO AGENTS_RAW_LOG VALUES(837,15,'root._table4seater22_controller_xjal','2026-03-22 00:00:00.000000',71)
COMMIT
INSERT INTO AGENT_PARAMETERS_RAW_LOG VALUES(837,'appliedClass','class com.anylogic.engine.Agent',469)
COMMIT
INSERT INTO AGENT_PARAMETERS_RAW_LOG VALUES(837,'speedRestricted','false',470)
COMMIT
INSERT INTO AGENT_PARAMETERS_RAW_LOG VALUES(837,'maxSpeed','1.0',471)
COMMIT
INSERT INTO AGENT_PARAMETERS_RAW_LOG VALUES(837,'accessRestricted','true',472)
COMMIT
INSERT INTO AGENT_PARAMETERS_RAW_LOG VALUES(837,'accessRestrictionType','AREA_ACCESS_RESTRICTION_BY_CAPACITY',473)
COMMIT
INSERT INTO AGENT_PARAMETERS_RAW_LOG VALUES(837,'capacity','0',474)
COMMIT
INSERT INTO AGENT_PARAMETERS_RAW_LOG VALUES(837,'throughput','25.0',475)
COMMIT
INSERT INTO AGENT_PARAMETERS_RAW_LOG VALUES(837,'schedule','null',476)
COMMIT
INSERT INTO AGENT_PARAMETERS_RAW_LOG VALUES(837,'avoidedIfClosed','false',477)
COMMIT
DELETE FROM AGENTS_RAW_LOG WHERE ID=838
INSERT INTO AGENTS_RAW_LOG VALUES(838,15,'root._table4seater23_controller_xjal','2026-03-22 00:00:00.000000',72)
COMMIT
INSERT INTO AGENT_PARAMETERS_RAW_LOG VALUES(838,'appliedClass','class com.anylogic.engine.Agent',478)
COMMIT
INSERT INTO AGENT_PARAMETERS_RAW_LOG VALUES(838,'speedRestricted','false',479)
COMMIT
INSERT INTO AGENT_PARAMETERS_RAW_LOG VALUES(838,'maxSpeed','1.0',480)
COMMIT
INSERT INTO AGENT_PARAMETERS_RAW_LOG VALUES(838,'accessRestricted','true',481)
COMMIT
INSERT INTO AGENT_PARAMETERS_RAW_LOG VALUES(838,'accessRestrictionType','AREA_ACCESS_RESTRICTION_BY_CAPACITY',482)
COMMIT
INSERT INTO AGENT_PARAMETERS_RAW_LOG VALUES(838,'capacity','0',483)
COMMIT
INSERT INTO AGENT_PARAMETERS_RAW_LOG VALUES(838,'throughput','25.0',484)
COMMIT
INSERT INTO AGENT_PARAMETERS_RAW_LOG VALUES(838,'schedule','null',485)
COMMIT
INSERT INTO AGENT_PARAMETERS_RAW_LOG VALUES(838,'avoidedIfClosed','false',486)
COMMIT
DELETE FROM AGENTS_RAW_LOG WHERE ID=839
INSERT INTO AGENTS_RAW_LOG VALUES(839,15,'root._table4seater24_controller_xjal','2026-03-22 00:00:00.000000',73)
COMMIT
INSERT INTO AGENT_PARAMETERS_RAW_LOG VALUES(839,'appliedClass','class com.anylogic.engine.Agent',487)
COMMIT
INSERT INTO AGENT_PARAMETERS_RAW_LOG VALUES(839,'speedRestricted','false',488)
COMMIT
INSERT INTO AGENT_PARAMETERS_RAW_LOG VALUES(839,'maxSpeed','1.0',489)
COMMIT
INSERT INTO AGENT_PARAMETERS_RAW_LOG VALUES(839,'accessRestricted','true',490)
COMMIT
INSERT INTO AGENT_PARAMETERS_RAW_LOG VALUES(839,'accessRestrictionType','AREA_ACCESS_RESTRICTION_BY_CAPACITY',491)
COMMIT
INSERT INTO AGENT_PARAMETERS_RAW_LOG VALUES(839,'capacity','0',492)
COMMIT
INSERT INTO AGENT_PARAMETERS_RAW_LOG VALUES(839,'throughput','25.0',493)
COMMIT
INSERT INTO AGENT_PARAMETERS_RAW_LOG VALUES(839,'schedule','null',494)
COMMIT
INSERT INTO AGENT_PARAMETERS_RAW_LOG VALUES(839,'avoidedIfClosed','false',495)
COMMIT
DELETE FROM AGENTS_RAW_LOG WHERE ID=840
INSERT INTO AGENTS_RAW_LOG VALUES(840,15,'root._table4seater25_controller_xjal','2026-03-22 00:00:00.000000',74)
COMMIT
INSERT INTO AGENT_PARAMETERS_RAW_LOG VALUES(840,'appliedClass','class com.anylogic.engine.Agent',496)
COMMIT
INSERT INTO AGENT_PARAMETERS_RAW_LOG VALUES(840,'speedRestricted','false',497)
COMMIT
INSERT INTO AGENT_PARAMETERS_RAW_LOG VALUES(840,'maxSpeed','1.0',498)
COMMIT
INSERT INTO AGENT_PARAMETERS_RAW_LOG VALUES(840,'accessRestricted','true',499)
COMMIT
INSERT INTO AGENT_PARAMETERS_RAW_LOG VALUES(840,'accessRestrictionType','AREA_ACCESS_RESTRICTION_BY_CAPACITY',500)
COMMIT
INSERT INTO AGENT_PARAMETERS_RAW_LOG VALUES(840,'capacity','0',501)
COMMIT
INSERT INTO AGENT_PARAMETERS_RAW_LOG VALUES(840,'throughput','25.0',502)
COMMIT
INSERT INTO AGENT_PARAMETERS_RAW_LOG VALUES(840,'schedule','null',503)
COMMIT
INSERT INTO AGENT_PARAMETERS_RAW_LOG VALUES(840,'avoidedIfClosed','false',504)
COMMIT
DELETE FROM AGENTS_RAW_LOG WHERE ID=841
INSERT INTO AGENTS_RAW_LOG VALUES(841,15,'root._table4seater26_controller_xjal','2026-03-22 00:00:00.000000',75)
COMMIT
INSERT INTO AGENT_PARAMETERS_RAW_LOG VALUES(841,'appliedClass','class com.anylogic.engine.Agent',505)
COMMIT
INSERT INTO AGENT_PARAMETERS_RAW_LOG VALUES(841,'speedRestricted','false',506)
COMMIT
INSERT INTO AGENT_PARAMETERS_RAW_LOG VALUES(841,'maxSpeed','1.0',507)
COMMIT
INSERT INTO AGENT_PARAMETERS_RAW_LOG VALUES(841,'accessRestricted','true',508)
COMMIT
INSERT INTO AGENT_PARAMETERS_RAW_LOG VALUES(841,'accessRestrictionType','AREA_ACCESS_RESTRICTION_BY_CAPACITY',509)
COMMIT
INSERT INTO AGENT_PARAMETERS_RAW_LOG VALUES(841,'capacity','0',510)
COMMIT
INSERT INTO AGENT_PARAMETERS_RAW_LOG VALUES(841,'throughput','25.0',511)
COMMIT
INSERT INTO AGENT_PARAMETERS_RAW_LOG VALUES(841,'schedule','null',512)
COMMIT
INSERT INTO AGENT_PARAMETERS_RAW_LOG VALUES(841,'avoidedIfClosed','false',513)
COMMIT
DELETE FROM AGENTS_RAW_LOG WHERE ID=842
INSERT INTO AGENTS_RAW_LOG VALUES(842,15,'root._table4seater27_controller_xjal','2026-03-22 00:00:00.000000',76)
COMMIT
INSERT INTO AGENT_PARAMETERS_RAW_LOG VALUES(842,'appliedClass','class com.anylogic.engine.Agent',514)
COMMIT
INSERT INTO AGENT_PARAMETERS_RAW_LOG VALUES(842,'speedRestricted','false',515)
COMMIT
INSERT INTO AGENT_PARAMETERS_RAW_LOG VALUES(842,'maxSpeed','1.0',516)
COMMIT
INSERT INTO AGENT_PARAMETERS_RAW_LOG VALUES(842,'accessRestricted','true',517)
COMMIT
INSERT INTO AGENT_PARAMETERS_RAW_LOG VALUES(842,'accessRestrictionType','AREA_ACCESS_RESTRICTION_BY_CAPACITY',518)
COMMIT
INSERT INTO AGENT_PARAMETERS_RAW_LOG VALUES(842,'capacity','0',519)
COMMIT
INSERT INTO AGENT_PARAMETERS_RAW_LOG VALUES(842,'throughput','25.0',520)
COMMIT
INSERT INTO AGENT_PARAMETERS_RAW_LOG VALUES(842,'schedule','null',521)
COMMIT
INSERT INTO AGENT_PARAMETERS_RAW_LOG VALUES(842,'avoidedIfClosed','false',522)
COMMIT
DELETE FROM AGENTS_RAW_LOG WHERE ID=843
INSERT INTO AGENTS_RAW_LOG VALUES(843,15,'root._table4seater28_controller_xjal','2026-03-22 00:00:00.000000',77)
COMMIT
INSERT INTO AGENT_PARAMETERS_RAW_LOG VALUES(843,'appliedClass','class com.anylogic.engine.Agent',523)
COMMIT
INSERT INTO AGENT_PARAMETERS_RAW_LOG VALUES(843,'speedRestricted','false',524)
COMMIT
INSERT INTO AGENT_PARAMETERS_RAW_LOG VALUES(843,'maxSpeed','1.0',525)
COMMIT
INSERT INTO AGENT_PARAMETERS_RAW_LOG VALUES(843,'accessRestricted','true',526)
COMMIT
INSERT INTO AGENT_PARAMETERS_RAW_LOG VALUES(843,'accessRestrictionType','AREA_ACCESS_RESTRICTION_BY_CAPACITY',527)
COMMIT
INSERT INTO AGENT_PARAMETERS_RAW_LOG VALUES(843,'capacity','0',528)
COMMIT
INSERT INTO AGENT_PARAMETERS_RAW_LOG VALUES(843,'throughput','25.0',529)
COMMIT
INSERT INTO AGENT_PARAMETERS_RAW_LOG VALUES(843,'schedule','null',530)
COMMIT
INSERT INTO AGENT_PARAMETERS_RAW_LOG VALUES(843,'avoidedIfClosed','false',531)
COMMIT
DELETE FROM AGENTS_RAW_LOG WHERE ID=844
INSERT INTO AGENTS_RAW_LOG VALUES(844,15,'root._table4seater29_controller_xjal','2026-03-22 00:00:00.000000',78)
COMMIT
INSERT INTO AGENT_PARAMETERS_RAW_LOG VALUES(844,'appliedClass','class com.anylogic.engine.Agent',532)
COMMIT
INSERT INTO AGENT_PARAMETERS_RAW_LOG VALUES(844,'speedRestricted','false',533)
COMMIT
INSERT INTO AGENT_PARAMETERS_RAW_LOG VALUES(844,'maxSpeed','1.0',534)
COMMIT
INSERT INTO AGENT_PARAMETERS_RAW_LOG VALUES(844,'accessRestricted','true',535)
COMMIT
INSERT INTO AGENT_PARAMETERS_RAW_LOG VALUES(844,'accessRestrictionType','AREA_ACCESS_RESTRICTION_BY_CAPACITY',536)
COMMIT
INSERT INTO AGENT_PARAMETERS_RAW_LOG VALUES(844,'capacity','0',537)
COMMIT
INSERT INTO AGENT_PARAMETERS_RAW_LOG VALUES(844,'throughput','25.0',538)
COMMIT
INSERT INTO AGENT_PARAMETERS_RAW_LOG VALUES(844,'schedule','null',539)
COMMIT
INSERT INTO AGENT_PARAMETERS_RAW_LOG VALUES(844,'avoidedIfClosed','false',540)
COMMIT
DELETE FROM AGENTS_RAW_LOG WHERE ID=845
INSERT INTO AGENTS_RAW_LOG VALUES(845,15,'root._table4seater30_controller_xjal','2026-03-22 00:00:00.000000',79)
COMMIT
INSERT INTO AGENT_PARAMETERS_RAW_LOG VALUES(845,'appliedClass','class com.anylogic.engine.Agent',541)
COMMIT
INSERT INTO AGENT_PARAMETERS_RAW_LOG VALUES(845,'speedRestricted','false',542)
COMMIT
INSERT INTO AGENT_PARAMETERS_RAW_LOG VALUES(845,'maxSpeed','1.0',543)
COMMIT
INSERT INTO AGENT_PARAMETERS_RAW_LOG VALUES(845,'accessRestricted','true',544)
COMMIT
INSERT INTO AGENT_PARAMETERS_RAW_LOG VALUES(845,'accessRestrictionType','AREA_ACCESS_RESTRICTION_BY_CAPACITY',545)
COMMIT
INSERT INTO AGENT_PARAMETERS_RAW_LOG VALUES(845,'capacity','0',546)
COMMIT
INSERT INTO AGENT_PARAMETERS_RAW_LOG VALUES(845,'throughput','25.0',547)
COMMIT
INSERT INTO AGENT_PARAMETERS_RAW_LOG VALUES(845,'schedule','null',548)
COMMIT
INSERT INTO AGENT_PARAMETERS_RAW_LOG VALUES(845,'avoidedIfClosed','false',549)
COMMIT
DELETE FROM AGENTS_RAW_LOG WHERE ID=846
INSERT INTO AGENTS_RAW_LOG VALUES(846,15,'root._table4seater31_controller_xjal','2026-03-22 00:00:00.000000',80)
COMMIT
INSERT INTO AGENT_PARAMETERS_RAW_LOG VALUES(846,'appliedClass','class com.anylogic.engine.Agent',550)
COMMIT
INSERT INTO AGENT_PARAMETERS_RAW_LOG VALUES(846,'speedRestricted','false',551)
COMMIT
INSERT INTO AGENT_PARAMETERS_RAW_LOG VALUES(846,'maxSpeed','1.0',552)
COMMIT
INSERT INTO AGENT_PARAMETERS_RAW_LOG VALUES(846,'accessRestricted','true',553)
COMMIT
INSERT INTO AGENT_PARAMETERS_RAW_LOG VALUES(846,'accessRestrictionType','AREA_ACCESS_RESTRICTION_BY_CAPACITY',554)
COMMIT
INSERT INTO AGENT_PARAMETERS_RAW_LOG VALUES(846,'capacity','0',555)
COMMIT
INSERT INTO AGENT_PARAMETERS_RAW_LOG VALUES(846,'throughput','25.0',556)
COMMIT
INSERT INTO AGENT_PARAMETERS_RAW_LOG VALUES(846,'schedule','null',557)
COMMIT
INSERT INTO AGENT_PARAMETERS_RAW_LOG VALUES(846,'avoidedIfClosed','false',558)
COMMIT
DELETE FROM AGENTS_RAW_LOG WHERE ID=847
INSERT INTO AGENTS_RAW_LOG VALUES(847,15,'root._table4seater32_controller_xjal','2026-03-22 00:00:00.000000',81)
COMMIT
INSERT INTO AGENT_PARAMETERS_RAW_LOG VALUES(847,'appliedClass','class com.anylogic.engine.Agent',559)
COMMIT
INSERT INTO AGENT_PARAMETERS_RAW_LOG VALUES(847,'speedRestricted','false',560)
COMMIT
INSERT INTO AGENT_PARAMETERS_RAW_LOG VALUES(847,'maxSpeed','1.0',561)
COMMIT
INSERT INTO AGENT_PARAMETERS_RAW_LOG VALUES(847,'accessRestricted','true',562)
COMMIT
INSERT INTO AGENT_PARAMETERS_RAW_LOG VALUES(847,'accessRestrictionType','AREA_ACCESS_RESTRICTION_BY_CAPACITY',563)
COMMIT
INSERT INTO AGENT_PARAMETERS_RAW_LOG VALUES(847,'capacity','0',564)
COMMIT
INSERT INTO AGENT_PARAMETERS_RAW_LOG VALUES(847,'throughput','25.0',565)
COMMIT
INSERT INTO AGENT_PARAMETERS_RAW_LOG VALUES(847,'schedule','null',566)
COMMIT
INSERT INTO AGENT_PARAMETERS_RAW_LOG VALUES(847,'avoidedIfClosed','false',567)
COMMIT
DELETE FROM AGENTS_RAW_LOG WHERE ID=848
INSERT INTO AGENTS_RAW_LOG VALUES(848,15,'root._table4seater33_controller_xjal','2026-03-22 00:00:00.000000',82)
COMMIT
INSERT INTO AGENT_PARAMETERS_RAW_LOG VALUES(848,'appliedClass','class com.anylogic.engine.Agent',568)
COMMIT
INSERT INTO AGENT_PARAMETERS_RAW_LOG VALUES(848,'speedRestricted','false',569)
COMMIT
INSERT INTO AGENT_PARAMETERS_RAW_LOG VALUES(848,'maxSpeed','1.0',570)
COMMIT
INSERT INTO AGENT_PARAMETERS_RAW_LOG VALUES(848,'accessRestricted','true',571)
COMMIT
INSERT INTO AGENT_PARAMETERS_RAW_LOG VALUES(848,'accessRestrictionType','AREA_ACCESS_RESTRICTION_BY_CAPACITY',572)
COMMIT
INSERT INTO AGENT_PARAMETERS_RAW_LOG VALUES(848,'capacity','0',573)
COMMIT
INSERT INTO AGENT_PARAMETERS_RAW_LOG VALUES(848,'throughput','25.0',574)
COMMIT
INSERT INTO AGENT_PARAMETERS_RAW_LOG VALUES(848,'schedule','null',575)
COMMIT
INSERT INTO AGENT_PARAMETERS_RAW_LOG VALUES(848,'avoidedIfClosed','false',576)
COMMIT
DELETE FROM AGENTS_RAW_LOG WHERE ID=849
INSERT INTO AGENTS_RAW_LOG VALUES(849,15,'root._table4seater34_controller_xjal','2026-03-22 00:00:00.000000',83)
COMMIT
INSERT INTO AGENT_PARAMETERS_RAW_LOG VALUES(849,'appliedClass','class com.anylogic.engine.Agent',577)
COMMIT
INSERT INTO AGENT_PARAMETERS_RAW_LOG VALUES(849,'speedRestricted','false',578)
COMMIT
INSERT INTO AGENT_PARAMETERS_RAW_LOG VALUES(849,'maxSpeed','1.0',579)
COMMIT
INSERT INTO AGENT_PARAMETERS_RAW_LOG VALUES(849,'accessRestricted','true',580)
COMMIT
INSERT INTO AGENT_PARAMETERS_RAW_LOG VALUES(849,'accessRestrictionType','AREA_ACCESS_RESTRICTION_BY_CAPACITY',581)
COMMIT
INSERT INTO AGENT_PARAMETERS_RAW_LOG VALUES(849,'capacity','0',582)
COMMIT
INSERT INTO AGENT_PARAMETERS_RAW_LOG VALUES(849,'throughput','25.0',583)
COMMIT
INSERT INTO AGENT_PARAMETERS_RAW_LOG VALUES(849,'schedule','null',584)
COMMIT
INSERT INTO AGENT_PARAMETERS_RAW_LOG VALUES(849,'avoidedIfClosed','false',585)
COMMIT
DELETE FROM AGENTS_RAW_LOG WHERE ID=850
INSERT INTO AGENTS_RAW_LOG VALUES(850,15,'root._table4seater35_controller_xjal','2026-03-22 00:00:00.000000',84)
COMMIT
INSERT INTO AGENT_PARAMETERS_RAW_LOG VALUES(850,'appliedClass','class com.anylogic.engine.Agent',586)
COMMIT
INSERT INTO AGENT_PARAMETERS_RAW_LOG VALUES(850,'speedRestricted','false',587)
COMMIT
INSERT INTO AGENT_PARAMETERS_RAW_LOG VALUES(850,'maxSpeed','1.0',588)
COMMIT
INSERT INTO AGENT_PARAMETERS_RAW_LOG VALUES(850,'accessRestricted','true',589)
COMMIT
INSERT INTO AGENT_PARAMETERS_RAW_LOG VALUES(850,'accessRestrictionType','AREA_ACCESS_RESTRICTION_BY_CAPACITY',590)
COMMIT
INSERT INTO AGENT_PARAMETERS_RAW_LOG VALUES(850,'capacity','0',591)
COMMIT
INSERT INTO AGENT_PARAMETERS_RAW_LOG VALUES(850,'throughput','25.0',592)
COMMIT
INSERT INTO AGENT_PARAMETERS_RAW_LOG VALUES(850,'schedule','null',593)
COMMIT
INSERT INTO AGENT_PARAMETERS_RAW_LOG VALUES(850,'avoidedIfClosed','false',594)
COMMIT
DELETE FROM AGENTS_RAW_LOG WHERE ID=851
INSERT INTO AGENTS_RAW_LOG VALUES(851,15,'root._table4seater36_controller_xjal','2026-03-22 00:00:00.000000',85)
COMMIT
INSERT INTO AGENT_PARAMETERS_RAW_LOG VALUES(851,'appliedClass','class com.anylogic.engine.Agent',595)
COMMIT
INSERT INTO AGENT_PARAMETERS_RAW_LOG VALUES(851,'speedRestricted','false',596)
COMMIT
INSERT INTO AGENT_PARAMETERS_RAW_LOG VALUES(851,'maxSpeed','1.0',597)
COMMIT
INSERT INTO AGENT_PARAMETERS_RAW_LOG VALUES(851,'accessRestricted','true',598)
COMMIT
INSERT INTO AGENT_PARAMETERS_RAW_LOG VALUES(851,'accessRestrictionType','AREA_ACCESS_RESTRICTION_BY_CAPACITY',599)
COMMIT
INSERT INTO AGENT_PARAMETERS_RAW_LOG VALUES(851,'capacity','0',600)
COMMIT
INSERT INTO AGENT_PARAMETERS_RAW_LOG VALUES(851,'throughput','25.0',601)
COMMIT
INSERT INTO AGENT_PARAMETERS_RAW_LOG VALUES(851,'schedule','null',602)
COMMIT
INSERT INTO AGENT_PARAMETERS_RAW_LOG VALUES(851,'avoidedIfClosed','false',603)
COMMIT
DELETE FROM AGENTS_RAW_LOG WHERE ID=852
INSERT INTO AGENTS_RAW_LOG VALUES(852,15,'root._table4seater37_controller_xjal','2026-03-22 00:00:00.000000',86)
COMMIT
INSERT INTO AGENT_PARAMETERS_RAW_LOG VALUES(852,'appliedClass','class com.anylogic.engine.Agent',604)
COMMIT
INSERT INTO AGENT_PARAMETERS_RAW_LOG VALUES(852,'speedRestricted','false',605)
COMMIT
INSERT INTO AGENT_PARAMETERS_RAW_LOG VALUES(852,'maxSpeed','1.0',606)
COMMIT
INSERT INTO AGENT_PARAMETERS_RAW_LOG VALUES(852,'accessRestricted','true',607)
COMMIT
INSERT INTO AGENT_PARAMETERS_RAW_LOG VALUES(852,'accessRestrictionType','AREA_ACCESS_RESTRICTION_BY_CAPACITY',608)
COMMIT
INSERT INTO AGENT_PARAMETERS_RAW_LOG VALUES(852,'capacity','0',609)
COMMIT
INSERT INTO AGENT_PARAMETERS_RAW_LOG VALUES(852,'throughput','25.0',610)
COMMIT
INSERT INTO AGENT_PARAMETERS_RAW_LOG VALUES(852,'schedule','null',611)
COMMIT
INSERT INTO AGENT_PARAMETERS_RAW_LOG VALUES(852,'avoidedIfClosed','false',612)
COMMIT
DELETE FROM AGENTS_RAW_LOG WHERE ID=853
INSERT INTO AGENTS_RAW_LOG VALUES(853,15,'root._table4seater38_controller_xjal','2026-03-22 00:00:00.000000',87)
COMMIT
INSERT INTO AGENT_PARAMETERS_RAW_LOG VALUES(853,'appliedClass','class com.anylogic.engine.Agent',613)
COMMIT
INSERT INTO AGENT_PARAMETERS_RAW_LOG VALUES(853,'speedRestricted','false',614)
COMMIT
INSERT INTO AGENT_PARAMETERS_RAW_LOG VALUES(853,'maxSpeed','1.0',615)
COMMIT
INSERT INTO AGENT_PARAMETERS_RAW_LOG VALUES(853,'accessRestricted','true',616)
COMMIT
INSERT INTO AGENT_PARAMETERS_RAW_LOG VALUES(853,'accessRestrictionType','AREA_ACCESS_RESTRICTION_BY_CAPACITY',617)
COMMIT
INSERT INTO AGENT_PARAMETERS_RAW_LOG VALUES(853,'capacity','0',618)
COMMIT
INSERT INTO AGENT_PARAMETERS_RAW_LOG VALUES(853,'throughput','25.0',619)
COMMIT
INSERT INTO AGENT_PARAMETERS_RAW_LOG VALUES(853,'schedule','null',620)
COMMIT
INSERT INTO AGENT_PARAMETERS_RAW_LOG VALUES(853,'avoidedIfClosed','false',621)
COMMIT
DELETE FROM AGENTS_RAW_LOG WHERE ID=854
INSERT INTO AGENTS_RAW_LOG VALUES(854,15,'root._table4seater39_controller_xjal','2026-03-22 00:00:00.000000',88)
COMMIT
INSERT INTO AGENT_PARAMETERS_RAW_LOG VALUES(854,'appliedClass','class com.anylogic.engine.Agent',622)
COMMIT
INSERT INTO AGENT_PARAMETERS_RAW_LOG VALUES(854,'speedRestricted','false',623)
COMMIT
INSERT INTO AGENT_PARAMETERS_RAW_LOG VALUES(854,'maxSpeed','1.0',624)
COMMIT
INSERT INTO AGENT_PARAMETERS_RAW_LOG VALUES(854,'accessRestricted','true',625)
COMMIT
INSERT INTO AGENT_PARAMETERS_RAW_LOG VALUES(854,'accessRestrictionType','AREA_ACCESS_RESTRICTION_BY_CAPACITY',626)
COMMIT
INSERT INTO AGENT_PARAMETERS_RAW_LOG VALUES(854,'capacity','0',627)
COMMIT
INSERT INTO AGENT_PARAMETERS_RAW_LOG VALUES(854,'throughput','25.0',628)
COMMIT
INSERT INTO AGENT_PARAMETERS_RAW_LOG VALUES(854,'schedule','null',629)
COMMIT
INSERT INTO AGENT_PARAMETERS_RAW_LOG VALUES(854,'avoidedIfClosed','false',630)
COMMIT
DELETE FROM AGENTS_RAW_LOG WHERE ID=855
INSERT INTO AGENTS_RAW_LOG VALUES(855,15,'root._table4seater40_controller_xjal','2026-03-22 00:00:00.000000',89)
COMMIT
INSERT INTO AGENT_PARAMETERS_RAW_LOG VALUES(855,'appliedClass','class com.anylogic.engine.Agent',631)
COMMIT
INSERT INTO AGENT_PARAMETERS_RAW_LOG VALUES(855,'speedRestricted','false',632)
COMMIT
INSERT INTO AGENT_PARAMETERS_RAW_LOG VALUES(855,'maxSpeed','1.0',633)
COMMIT
INSERT INTO AGENT_PARAMETERS_RAW_LOG VALUES(855,'accessRestricted','true',634)
COMMIT
INSERT INTO AGENT_PARAMETERS_RAW_LOG VALUES(855,'accessRestrictionType','AREA_ACCESS_RESTRICTION_BY_CAPACITY',635)
COMMIT
INSERT INTO AGENT_PARAMETERS_RAW_LOG VALUES(855,'capacity','0',636)
COMMIT
INSERT INTO AGENT_PARAMETERS_RAW_LOG VALUES(855,'throughput','25.0',637)
COMMIT
INSERT INTO AGENT_PARAMETERS_RAW_LOG VALUES(855,'schedule','null',638)
COMMIT
INSERT INTO AGENT_PARAMETERS_RAW_LOG VALUES(855,'avoidedIfClosed','false',639)
COMMIT
DELETE FROM AGENTS_RAW_LOG WHERE ID=856
INSERT INTO AGENTS_RAW_LOG VALUES(856,15,'root._table4seater41_controller_xjal','2026-03-22 00:00:00.000000',90)
COMMIT
INSERT INTO AGENT_PARAMETERS_RAW_LOG VALUES(856,'appliedClass','class com.anylogic.engine.Agent',640)
COMMIT
INSERT INTO AGENT_PARAMETERS_RAW_LOG VALUES(856,'speedRestricted','false',641)
COMMIT
INSERT INTO AGENT_PARAMETERS_RAW_LOG VALUES(856,'maxSpeed','1.0',642)
COMMIT
INSERT INTO AGENT_PARAMETERS_RAW_LOG VALUES(856,'accessRestricted','true',643)
COMMIT
INSERT INTO AGENT_PARAMETERS_RAW_LOG VALUES(856,'accessRestrictionType','AREA_ACCESS_RESTRICTION_BY_CAPACITY',644)
COMMIT
INSERT INTO AGENT_PARAMETERS_RAW_LOG VALUES(856,'capacity','0',645)
COMMIT
INSERT INTO AGENT_PARAMETERS_RAW_LOG VALUES(856,'throughput','25.0',646)
COMMIT
INSERT INTO AGENT_PARAMETERS_RAW_LOG VALUES(856,'schedule','null',647)
COMMIT
INSERT INTO AGENT_PARAMETERS_RAW_LOG VALUES(856,'avoidedIfClosed','false',648)
COMMIT
DELETE FROM AGENTS_RAW_LOG WHERE ID=857
INSERT INTO AGENTS_RAW_LOG VALUES(857,15,'root._table4seater42_controller_xjal','2026-03-22 00:00:00.000000',91)
COMMIT
INSERT INTO AGENT_PARAMETERS_RAW_LOG VALUES(857,'appliedClass','class com.anylogic.engine.Agent',649)
COMMIT
INSERT INTO AGENT_PARAMETERS_RAW_LOG VALUES(857,'speedRestricted','false',650)
COMMIT
INSERT INTO AGENT_PARAMETERS_RAW_LOG VALUES(857,'maxSpeed','1.0',651)
COMMIT
INSERT INTO AGENT_PARAMETERS_RAW_LOG VALUES(857,'accessRestricted','true',652)
COMMIT
INSERT INTO AGENT_PARAMETERS_RAW_LOG VALUES(857,'accessRestrictionType','AREA_ACCESS_RESTRICTION_BY_CAPACITY',653)
COMMIT
INSERT INTO AGENT_PARAMETERS_RAW_LOG VALUES(857,'capacity','0',654)
COMMIT
INSERT INTO AGENT_PARAMETERS_RAW_LOG VALUES(857,'throughput','25.0',655)
COMMIT
INSERT INTO AGENT_PARAMETERS_RAW_LOG VALUES(857,'schedule','null',656)
COMMIT
INSERT INTO AGENT_PARAMETERS_RAW_LOG VALUES(857,'avoidedIfClosed','false',657)
COMMIT
DELETE FROM AGENTS_RAW_LOG WHERE ID=858
INSERT INTO AGENTS_RAW_LOG VALUES(858,15,'root._table4seater43_controller_xjal','2026-03-22 00:00:00.000000',92)
COMMIT
INSERT INTO AGENT_PARAMETERS_RAW_LOG VALUES(858,'appliedClass','class com.anylogic.engine.Agent',658)
COMMIT
INSERT INTO AGENT_PARAMETERS_RAW_LOG VALUES(858,'speedRestricted','false',659)
COMMIT
INSERT INTO AGENT_PARAMETERS_RAW_LOG VALUES(858,'maxSpeed','1.0',660)
COMMIT
INSERT INTO AGENT_PARAMETERS_RAW_LOG VALUES(858,'accessRestricted','true',661)
COMMIT
INSERT INTO AGENT_PARAMETERS_RAW_LOG VALUES(858,'accessRestrictionType','AREA_ACCESS_RESTRICTION_BY_CAPACITY',662)
COMMIT
INSERT INTO AGENT_PARAMETERS_RAW_LOG VALUES(858,'capacity','0',663)
COMMIT
INSERT INTO AGENT_PARAMETERS_RAW_LOG VALUES(858,'throughput','25.0',664)
COMMIT
INSERT INTO AGENT_PARAMETERS_RAW_LOG VALUES(858,'schedule','null',665)
COMMIT
INSERT INTO AGENT_PARAMETERS_RAW_LOG VALUES(858,'avoidedIfClosed','false',666)
COMMIT
DELETE FROM AGENTS_RAW_LOG WHERE ID=859
INSERT INTO AGENTS_RAW_LOG VALUES(859,15,'root._table4seater44_controller_xjal','2026-03-22 00:00:00.000000',93)
COMMIT
INSERT INTO AGENT_PARAMETERS_RAW_LOG VALUES(859,'appliedClass','class com.anylogic.engine.Agent',667)
COMMIT
INSERT INTO AGENT_PARAMETERS_RAW_LOG VALUES(859,'speedRestricted','false',668)
COMMIT
INSERT INTO AGENT_PARAMETERS_RAW_LOG VALUES(859,'maxSpeed','1.0',669)
COMMIT
INSERT INTO AGENT_PARAMETERS_RAW_LOG VALUES(859,'accessRestricted','true',670)
COMMIT
INSERT INTO AGENT_PARAMETERS_RAW_LOG VALUES(859,'accessRestrictionType','AREA_ACCESS_RESTRICTION_BY_CAPACITY',671)
COMMIT
INSERT INTO AGENT_PARAMETERS_RAW_LOG VALUES(859,'capacity','0',672)
COMMIT
INSERT INTO AGENT_PARAMETERS_RAW_LOG VALUES(859,'throughput','25.0',673)
COMMIT
INSERT INTO AGENT_PARAMETERS_RAW_LOG VALUES(859,'schedule','null',674)
COMMIT
INSERT INTO AGENT_PARAMETERS_RAW_LOG VALUES(859,'avoidedIfClosed','false',675)
COMMIT
DELETE FROM AGENTS_RAW_LOG WHERE ID=860
INSERT INTO AGENTS_RAW_LOG VALUES(860,15,'root._table4seater45_controller_xjal','2026-03-22 00:00:00.000000',94)
COMMIT
INSERT INTO AGENT_PARAMETERS_RAW_LOG VALUES(860,'appliedClass','class com.anylogic.engine.Agent',676)
COMMIT
INSERT INTO AGENT_PARAMETERS_RAW_LOG VALUES(860,'speedRestricted','false',677)
COMMIT
INSERT INTO AGENT_PARAMETERS_RAW_LOG VALUES(860,'maxSpeed','1.0',678)
COMMIT
INSERT INTO AGENT_PARAMETERS_RAW_LOG VALUES(860,'accessRestricted','true',679)
COMMIT
INSERT INTO AGENT_PARAMETERS_RAW_LOG VALUES(860,'accessRestrictionType','AREA_ACCESS_RESTRICTION_BY_CAPACITY',680)
COMMIT
INSERT INTO AGENT_PARAMETERS_RAW_LOG VALUES(860,'capacity','0',681)
COMMIT
INSERT INTO AGENT_PARAMETERS_RAW_LOG VALUES(860,'throughput','25.0',682)
COMMIT
INSERT INTO AGENT_PARAMETERS_RAW_LOG VALUES(860,'schedule','null',683)
COMMIT
INSERT INTO AGENT_PARAMETERS_RAW_LOG VALUES(860,'avoidedIfClosed','false',684)
COMMIT
DELETE FROM AGENTS_RAW_LOG WHERE ID=861
INSERT INTO AGENTS_RAW_LOG VALUES(861,15,'root._table4seater46_controller_xjal','2026-03-22 00:00:00.000000',95)
COMMIT
INSERT INTO AGENT_PARAMETERS_RAW_LOG VALUES(861,'appliedClass','class com.anylogic.engine.Agent',685)
COMMIT
INSERT INTO AGENT_PARAMETERS_RAW_LOG VALUES(861,'speedRestricted','false',686)
COMMIT
INSERT INTO AGENT_PARAMETERS_RAW_LOG VALUES(861,'maxSpeed','1.0',687)
COMMIT
INSERT INTO AGENT_PARAMETERS_RAW_LOG VALUES(861,'accessRestricted','true',688)
COMMIT
INSERT INTO AGENT_PARAMETERS_RAW_LOG VALUES(861,'accessRestrictionType','AREA_ACCESS_RESTRICTION_BY_CAPACITY',689)
COMMIT
INSERT INTO AGENT_PARAMETERS_RAW_LOG VALUES(861,'capacity','0',690)
COMMIT
INSERT INTO AGENT_PARAMETERS_RAW_LOG VALUES(861,'throughput','25.0',691)
COMMIT
INSERT INTO AGENT_PARAMETERS_RAW_LOG VALUES(861,'schedule','null',692)
COMMIT
INSERT INTO AGENT_PARAMETERS_RAW_LOG VALUES(861,'avoidedIfClosed','false',693)
COMMIT
DELETE FROM AGENTS_RAW_LOG WHERE ID=862
INSERT INTO AGENTS_RAW_LOG VALUES(862,15,'root._table4seater47_controller_xjal','2026-03-22 00:00:00.000000',96)
COMMIT
INSERT INTO AGENT_PARAMETERS_RAW_LOG VALUES(862,'appliedClass','class com.anylogic.engine.Agent',694)
COMMIT
INSERT INTO AGENT_PARAMETERS_RAW_LOG VALUES(862,'speedRestricted','false',695)
COMMIT
INSERT INTO AGENT_PARAMETERS_RAW_LOG VALUES(862,'maxSpeed','1.0',696)
COMMIT
INSERT INTO AGENT_PARAMETERS_RAW_LOG VALUES(862,'accessRestricted','true',697)
COMMIT
INSERT INTO AGENT_PARAMETERS_RAW_LOG VALUES(862,'accessRestrictionType','AREA_ACCESS_RESTRICTION_BY_CAPACITY',698)
COMMIT
INSERT INTO AGENT_PARAMETERS_RAW_LOG VALUES(862,'capacity','0',699)
COMMIT
INSERT INTO AGENT_PARAMETERS_RAW_LOG VALUES(862,'throughput','25.0',700)
COMMIT
INSERT INTO AGENT_PARAMETERS_RAW_LOG VALUES(862,'schedule','null',701)
COMMIT
INSERT INTO AGENT_PARAMETERS_RAW_LOG VALUES(862,'avoidedIfClosed','false',702)
COMMIT
DELETE FROM AGENTS_RAW_LOG WHERE ID=863
INSERT INTO AGENTS_RAW_LOG VALUES(863,15,'root._table4seater48_controller_xjal','2026-03-22 00:00:00.000000',97)
COMMIT
INSERT INTO AGENT_PARAMETERS_RAW_LOG VALUES(863,'appliedClass','class com.anylogic.engine.Agent',703)
COMMIT
INSERT INTO AGENT_PARAMETERS_RAW_LOG VALUES(863,'speedRestricted','false',704)
COMMIT
INSERT INTO AGENT_PARAMETERS_RAW_LOG VALUES(863,'maxSpeed','1.0',705)
COMMIT
INSERT INTO AGENT_PARAMETERS_RAW_LOG VALUES(863,'accessRestricted','true',706)
COMMIT
INSERT INTO AGENT_PARAMETERS_RAW_LOG VALUES(863,'accessRestrictionType','AREA_ACCESS_RESTRICTION_BY_CAPACITY',707)
COMMIT
INSERT INTO AGENT_PARAMETERS_RAW_LOG VALUES(863,'capacity','0',708)
COMMIT
INSERT INTO AGENT_PARAMETERS_RAW_LOG VALUES(863,'throughput','25.0',709)
COMMIT
INSERT INTO AGENT_PARAMETERS_RAW_LOG VALUES(863,'schedule','null',710)
COMMIT
INSERT INTO AGENT_PARAMETERS_RAW_LOG VALUES(863,'avoidedIfClosed','false',711)
COMMIT
DELETE FROM AGENTS_RAW_LOG WHERE ID=864
INSERT INTO AGENTS_RAW_LOG VALUES(864,15,'root._table4seater49_controller_xjal','2026-03-22 00:00:00.000000',98)
COMMIT
INSERT INTO AGENT_PARAMETERS_RAW_LOG VALUES(864,'appliedClass','class com.anylogic.engine.Agent',712)
COMMIT
INSERT INTO AGENT_PARAMETERS_RAW_LOG VALUES(864,'speedRestricted','false',713)
COMMIT
INSERT INTO AGENT_PARAMETERS_RAW_LOG VALUES(864,'maxSpeed','1.0',714)
COMMIT
INSERT INTO AGENT_PARAMETERS_RAW_LOG VALUES(864,'accessRestricted','true',715)
COMMIT
INSERT INTO AGENT_PARAMETERS_RAW_LOG VALUES(864,'accessRestrictionType','AREA_ACCESS_RESTRICTION_BY_CAPACITY',716)
COMMIT
INSERT INTO AGENT_PARAMETERS_RAW_LOG VALUES(864,'capacity','0',717)
COMMIT
INSERT INTO AGENT_PARAMETERS_RAW_LOG VALUES(864,'throughput','25.0',718)
COMMIT
INSERT INTO AGENT_PARAMETERS_RAW_LOG VALUES(864,'schedule','null',719)
COMMIT
INSERT INTO AGENT_PARAMETERS_RAW_LOG VALUES(864,'avoidedIfClosed','false',720)
COMMIT
DELETE FROM AGENTS_RAW_LOG WHERE ID=865
INSERT INTO AGENTS_RAW_LOG VALUES(865,15,'root._table4seater50_controller_xjal','2026-03-22 00:00:00.000000',99)
COMMIT
INSERT INTO AGENT_PARAMETERS_RAW_LOG VALUES(865,'appliedClass','class com.anylogic.engine.Agent',721)
COMMIT
INSERT INTO AGENT_PARAMETERS_RAW_LOG VALUES(865,'speedRestricted','false',722)
COMMIT
INSERT INTO AGENT_PARAMETERS_RAW_LOG VALUES(865,'maxSpeed','1.0',723)
COMMIT
INSERT INTO AGENT_PARAMETERS_RAW_LOG VALUES(865,'accessRestricted','true',724)
COMMIT
INSERT INTO AGENT_PARAMETERS_RAW_LOG VALUES(865,'accessRestrictionType','AREA_ACCESS_RESTRICTION_BY_CAPACITY',725)
COMMIT
INSERT INTO AGENT_PARAMETERS_RAW_LOG VALUES(865,'capacity','0',726)
COMMIT
INSERT INTO AGENT_PARAMETERS_RAW_LOG VALUES(865,'throughput','25.0',727)
COMMIT
INSERT INTO AGENT_PARAMETERS_RAW_LOG VALUES(865,'schedule','null',728)
COMMIT
INSERT INTO AGENT_PARAMETERS_RAW_LOG VALUES(865,'avoidedIfClosed','false',729)
COMMIT
DELETE FROM AGENTS_RAW_LOG WHERE ID=866
INSERT INTO AGENTS_RAW_LOG VALUES(866,15,'root._table4seater51_controller_xjal','2026-03-22 00:00:00.000000',100)
COMMIT
INSERT INTO AGENT_PARAMETERS_RAW_LOG VALUES(866,'appliedClass','class com.anylogic.engine.Agent',730)
COMMIT
INSERT INTO AGENT_PARAMETERS_RAW_LOG VALUES(866,'speedRestricted','false',731)
COMMIT
INSERT INTO AGENT_PARAMETERS_RAW_LOG VALUES(866,'maxSpeed','1.0',732)
COMMIT
INSERT INTO AGENT_PARAMETERS_RAW_LOG VALUES(866,'accessRestricted','true',733)
COMMIT
INSERT INTO AGENT_PARAMETERS_RAW_LOG VALUES(866,'accessRestrictionType','AREA_ACCESS_RESTRICTION_BY_CAPACITY',734)
COMMIT
INSERT INTO AGENT_PARAMETERS_RAW_LOG VALUES(866,'capacity','0',735)
COMMIT
INSERT INTO AGENT_PARAMETERS_RAW_LOG VALUES(866,'throughput','25.0',736)
COMMIT
INSERT INTO AGENT_PARAMETERS_RAW_LOG VALUES(866,'schedule','null',737)
COMMIT
INSERT INTO AGENT_PARAMETERS_RAW_LOG VALUES(866,'avoidedIfClosed','false',738)
COMMIT
DELETE FROM AGENTS_RAW_LOG WHERE ID=867
INSERT INTO AGENTS_RAW_LOG VALUES(867,15,'root._table4seater52_controller_xjal','2026-03-22 00:00:00.000000',101)
COMMIT
INSERT INTO AGENT_PARAMETERS_RAW_LOG VALUES(867,'appliedClass','class com.anylogic.engine.Agent',739)
COMMIT
INSERT INTO AGENT_PARAMETERS_RAW_LOG VALUES(867,'speedRestricted','false',740)
COMMIT
INSERT INTO AGENT_PARAMETERS_RAW_LOG VALUES(867,'maxSpeed','1.0',741)
COMMIT
INSERT INTO AGENT_PARAMETERS_RAW_LOG VALUES(867,'accessRestricted','true',742)
COMMIT
INSERT INTO AGENT_PARAMETERS_RAW_LOG VALUES(867,'accessRestrictionType','AREA_ACCESS_RESTRICTION_BY_CAPACITY',743)
COMMIT
INSERT INTO AGENT_PARAMETERS_RAW_LOG VALUES(867,'capacity','0',744)
COMMIT
INSERT INTO AGENT_PARAMETERS_RAW_LOG VALUES(867,'throughput','25.0',745)
COMMIT
INSERT INTO AGENT_PARAMETERS_RAW_LOG VALUES(867,'schedule','null',746)
COMMIT
INSERT INTO AGENT_PARAMETERS_RAW_LOG VALUES(867,'avoidedIfClosed','false',747)
COMMIT
DELETE FROM AGENTS_RAW_LOG WHERE ID=868
INSERT INTO AGENTS_RAW_LOG VALUES(868,15,'root._table4seater53_controller_xjal','2026-03-22 00:00:00.000000',102)
COMMIT
INSERT INTO AGENT_PARAMETERS_RAW_LOG VALUES(868,'appliedClass','class com.anylogic.engine.Agent',748)
COMMIT
INSERT INTO AGENT_PARAMETERS_RAW_LOG VALUES(868,'speedRestricted','false',749)
COMMIT
INSERT INTO AGENT_PARAMETERS_RAW_LOG VALUES(868,'maxSpeed','1.0',750)
COMMIT
INSERT INTO AGENT_PARAMETERS_RAW_LOG VALUES(868,'accessRestricted','true',751)
COMMIT
INSERT INTO AGENT_PARAMETERS_RAW_LOG VALUES(868,'accessRestrictionType','AREA_ACCESS_RESTRICTION_BY_CAPACITY',752)
COMMIT
INSERT INTO AGENT_PARAMETERS_RAW_LOG VALUES(868,'capacity','0',753)
COMMIT
INSERT INTO AGENT_PARAMETERS_RAW_LOG VALUES(868,'throughput','25.0',754)
COMMIT
INSERT INTO AGENT_PARAMETERS_RAW_LOG VALUES(868,'schedule','null',755)
COMMIT
INSERT INTO AGENT_PARAMETERS_RAW_LOG VALUES(868,'avoidedIfClosed','false',756)
COMMIT
DELETE FROM AGENTS_RAW_LOG WHERE ID=869
INSERT INTO AGENTS_RAW_LOG VALUES(869,15,'root._table4seater54_controller_xjal','2026-03-22 00:00:00.000000',103)
COMMIT
INSERT INTO AGENT_PARAMETERS_RAW_LOG VALUES(869,'appliedClass','class com.anylogic.engine.Agent',757)
COMMIT
INSERT INTO AGENT_PARAMETERS_RAW_LOG VALUES(869,'speedRestricted','false',758)
COMMIT
INSERT INTO AGENT_PARAMETERS_RAW_LOG VALUES(869,'maxSpeed','1.0',759)
COMMIT
INSERT INTO AGENT_PARAMETERS_RAW_LOG VALUES(869,'accessRestricted','true',760)
COMMIT
INSERT INTO AGENT_PARAMETERS_RAW_LOG VALUES(869,'accessRestrictionType','AREA_ACCESS_RESTRICTION_BY_CAPACITY',761)
COMMIT
INSERT INTO AGENT_PARAMETERS_RAW_LOG VALUES(869,'capacity','0',762)
COMMIT
INSERT INTO AGENT_PARAMETERS_RAW_LOG VALUES(869,'throughput','25.0',763)
COMMIT
INSERT INTO AGENT_PARAMETERS_RAW_LOG VALUES(869,'schedule','null',764)
COMMIT
INSERT INTO AGENT_PARAMETERS_RAW_LOG VALUES(869,'avoidedIfClosed','false',765)
COMMIT
DELETE FROM AGENTS_RAW_LOG WHERE ID=870
INSERT INTO AGENTS_RAW_LOG VALUES(870,15,'root._table4seater55_controller_xjal','2026-03-22 00:00:00.000000',104)
COMMIT
INSERT INTO AGENT_PARAMETERS_RAW_LOG VALUES(870,'appliedClass','class com.anylogic.engine.Agent',766)
COMMIT
INSERT INTO AGENT_PARAMETERS_RAW_LOG VALUES(870,'speedRestricted','false',767)
COMMIT
INSERT INTO AGENT_PARAMETERS_RAW_LOG VALUES(870,'maxSpeed','1.0',768)
COMMIT
INSERT INTO AGENT_PARAMETERS_RAW_LOG VALUES(870,'accessRestricted','true',769)
COMMIT
INSERT INTO AGENT_PARAMETERS_RAW_LOG VALUES(870,'accessRestrictionType','AREA_ACCESS_RESTRICTION_BY_CAPACITY',770)
COMMIT
INSERT INTO AGENT_PARAMETERS_RAW_LOG VALUES(870,'capacity','0',771)
COMMIT
INSERT INTO AGENT_PARAMETERS_RAW_LOG VALUES(870,'throughput','25.0',772)
COMMIT
INSERT INTO AGENT_PARAMETERS_RAW_LOG VALUES(870,'schedule','null',773)
COMMIT
INSERT INTO AGENT_PARAMETERS_RAW_LOG VALUES(870,'avoidedIfClosed','false',774)
COMMIT
DELETE FROM AGENTS_RAW_LOG WHERE ID=871
INSERT INTO AGENTS_RAW_LOG VALUES(871,15,'root._table4seater56_controller_xjal','2026-03-22 00:00:00.000000',105)
COMMIT
INSERT INTO AGENT_PARAMETERS_RAW_LOG VALUES(871,'appliedClass','class com.anylogic.engine.Agent',775)
COMMIT
INSERT INTO AGENT_PARAMETERS_RAW_LOG VALUES(871,'speedRestricted','false',776)
COMMIT
INSERT INTO AGENT_PARAMETERS_RAW_LOG VALUES(871,'maxSpeed','1.0',777)
COMMIT
INSERT INTO AGENT_PARAMETERS_RAW_LOG VALUES(871,'accessRestricted','true',778)
COMMIT
INSERT INTO AGENT_PARAMETERS_RAW_LOG VALUES(871,'accessRestrictionType','AREA_ACCESS_RESTRICTION_BY_CAPACITY',779)
COMMIT
INSERT INTO AGENT_PARAMETERS_RAW_LOG VALUES(871,'capacity','0',780)
COMMIT
INSERT INTO AGENT_PARAMETERS_RAW_LOG VALUES(871,'throughput','25.0',781)
COMMIT
INSERT INTO AGENT_PARAMETERS_RAW_LOG VALUES(871,'schedule','null',782)
COMMIT
INSERT INTO AGENT_PARAMETERS_RAW_LOG VALUES(871,'avoidedIfClosed','false',783)
COMMIT
DELETE FROM AGENTS_RAW_LOG WHERE ID=872
INSERT INTO AGENTS_RAW_LOG VALUES(872,15,'root._table4seater57_controller_xjal','2026-03-22 00:00:00.000000',106)
COMMIT
INSERT INTO AGENT_PARAMETERS_RAW_LOG VALUES(872,'appliedClass','class com.anylogic.engine.Agent',784)
COMMIT
INSERT INTO AGENT_PARAMETERS_RAW_LOG VALUES(872,'speedRestricted','false',785)
COMMIT
INSERT INTO AGENT_PARAMETERS_RAW_LOG VALUES(872,'maxSpeed','1.0',786)
COMMIT
INSERT INTO AGENT_PARAMETERS_RAW_LOG VALUES(872,'accessRestricted','true',787)
COMMIT
INSERT INTO AGENT_PARAMETERS_RAW_LOG VALUES(872,'accessRestrictionType','AREA_ACCESS_RESTRICTION_BY_CAPACITY',788)
COMMIT
INSERT INTO AGENT_PARAMETERS_RAW_LOG VALUES(872,'capacity','0',789)
COMMIT
INSERT INTO AGENT_PARAMETERS_RAW_LOG VALUES(872,'throughput','25.0',790)
COMMIT
INSERT INTO AGENT_PARAMETERS_RAW_LOG VALUES(872,'schedule','null',791)
COMMIT
INSERT INTO AGENT_PARAMETERS_RAW_LOG VALUES(872,'avoidedIfClosed','false',792)
COMMIT
DELETE FROM AGENTS_RAW_LOG WHERE ID=873
INSERT INTO AGENTS_RAW_LOG VALUES(873,15,'root._table4seater1_controller_xjal','2026-03-22 00:00:00.000000',107)
COMMIT
INSERT INTO AGENT_PARAMETERS_RAW_LOG VALUES(873,'appliedClass','class com.anylogic.engine.Agent',793)
COMMIT
INSERT INTO AGENT_PARAMETERS_RAW_LOG VALUES(873,'speedRestricted','false',794)
COMMIT
INSERT INTO AGENT_PARAMETERS_RAW_LOG VALUES(873,'maxSpeed','1.0',795)
COMMIT
INSERT INTO AGENT_PARAMETERS_RAW_LOG VALUES(873,'accessRestricted','true',796)
COMMIT
INSERT INTO AGENT_PARAMETERS_RAW_LOG VALUES(873,'accessRestrictionType','AREA_ACCESS_RESTRICTION_BY_CAPACITY',797)
COMMIT
INSERT INTO AGENT_PARAMETERS_RAW_LOG VALUES(873,'capacity','0',798)
COMMIT
INSERT INTO AGENT_PARAMETERS_RAW_LOG VALUES(873,'throughput','25.0',799)
COMMIT
INSERT INTO AGENT_PARAMETERS_RAW_LOG VALUES(873,'schedule','null',800)
COMMIT
INSERT INTO AGENT_PARAMETERS_RAW_LOG VALUES(873,'avoidedIfClosed','false',801)
COMMIT
INSERT INTO AGENT_TYPES_RAW_LOG VALUES(16,'com.anylogic.libraries.processmodeling.PMLSettings',16)
COMMIT
INSERT INTO AGENTS_RAW_LOG VALUES(874,16,'?<PMLSettings>','2026-03-22 00:00:00.000000',108)
COMMIT
INSERT INTO AGENTS_RAW_LOG VALUES(877,12,'?<Enter>','2026-03-22 00:00:00.000000',109)
COMMIT
INSERT INTO AGENTS_RAW_LOG VALUES(881,6,'?<MoveTo>','2026-03-22 00:00:00.000000',110)
COMMIT
INSERT INTO AGENTS_RAW_LOG VALUES(888,7,'?<SelectOutput>','2026-03-22 00:00:00.000000',111)
COMMIT
INSERT INTO AGENTS_RAW_LOG VALUES(895,13,'?<ResourceTaskEnd>','2026-03-22 00:00:00.000000',112)
COMMIT
INSERT INTO AGENTS_RAW_LOG VALUES(912,7,'?<SelectOutput>','2026-03-22 00:00:00.000000',113)
COMMIT
INSERT INTO AGENTS_RAW_LOG VALUES(921,12,'?<Enter>','2026-03-22 00:00:00.000000',114)
COMMIT
INSERT INTO AGENTS_RAW_LOG VALUES(925,6,'?<MoveTo>','2026-03-22 00:00:00.000000',115)
COMMIT
INSERT INTO AGENTS_RAW_LOG VALUES(932,7,'?<SelectOutput>','2026-03-22 00:00:00.000000',116)
COMMIT
INSERT INTO AGENTS_RAW_LOG VALUES(939,13,'?<ResourceTaskEnd>','2026-03-22 00:00:00.000000',117)
COMMIT
INSERT INTO AGENTS_RAW_LOG VALUES(956,7,'?<SelectOutput>','2026-03-22 00:00:00.000000',118)
COMMIT
DELETE FROM AGENTS_RAW_LOG WHERE ID=874
INSERT INTO AGENTS_RAW_LOG VALUES(874,16,'root.?<PMLSettings>','2026-03-22 00:00:00.000000',108)
COMMIT
INSERT INTO AGENT_PARAMETERS_RAW_LOG VALUES(874,'offsetForAttachedUnits','10.0',802)
COMMIT
INSERT INTO AGENT_PARAMETERS_RAW_LOG VALUES(874,'animationLocationInitialCapacity','100',803)
COMMIT
INSERT INTO AGENT_PARAMETERS_RAW_LOG VALUES(874,'enableStatsByDefault','true',804)
COMMIT
DELETE FROM AGENTS_RAW_LOG WHERE ID=877
INSERT INTO AGENTS_RAW_LOG VALUES(877,12,'root.?<PMLSettings>.releaseForCanceledUnitsReturningHome.unitWrapUpEnter','2026-03-22 00:00:00.000000',109)
COMMIT
INSERT INTO AGENT_PARAMETERS_RAW_LOG VALUES(877,'locationType','LOCATION_NOT_SPECIFIED',805)
COMMIT
INSERT INTO AGENT_PARAMETERS_RAW_LOG VALUES(877,'locationXYZInNetwork','false',806)
COMMIT
INSERT INTO AGENT_PARAMETERS_RAW_LOG VALUES(877,'addToCustomPopulation','false',807)
COMMIT
INSERT INTO AGENT_PARAMETERS_RAW_LOG VALUES(877,'pushProtocol','true',808)
COMMIT
DELETE FROM AGENTS_RAW_LOG WHERE ID=881
INSERT INTO AGENTS_RAW_LOG VALUES(881,6,'root.?<PMLSettings>.releaseForCanceledUnitsReturningHome.moveToHome','2026-03-22 00:00:00.000000',110)
COMMIT
INSERT INTO AGENT_PARAMETERS_RAW_LOG VALUES(881,'mode','MODE_MOVE_TO',809)
COMMIT
INSERT INTO AGENT_PARAMETERS_RAW_LOG VALUES(881,'destinationType','DEST_NODE_XYZ',810)
COMMIT
INSERT INTO AGENT_PARAMETERS_RAW_LOG VALUES(881,'destinationInNetwork','false',811)
COMMIT
INSERT INTO AGENT_PARAMETERS_RAW_LOG VALUES(881,'useOffsets','false',812)
COMMIT
INSERT INTO AGENT_PARAMETERS_RAW_LOG VALUES(881,'straightMovement','false',813)
COMMIT
INSERT INTO AGENT_PARAMETERS_RAW_LOG VALUES(881,'destinationUseRotation','true',814)
COMMIT
INSERT INTO AGENT_PARAMETERS_RAW_LOG VALUES(881,'restoreSpeedOnArrival','false',815)
COMMIT
DELETE FROM AGENTS_RAW_LOG WHERE ID=888
INSERT INTO AGENTS_RAW_LOG VALUES(888,7,'root.?<PMLSettings>.releaseForCanceledUnitsReturningHome.goHome','2026-03-22 00:00:00.000000',111)
COMMIT
INSERT INTO AGENT_PARAMETERS_RAW_LOG VALUES(888,'conditionIsProbabilistic','false',816)
COMMIT
INSERT INTO AGENT_PARAMETERS_RAW_LOG VALUES(888,'choiceIsVolatile','true',817)
COMMIT
DELETE FROM AGENTS_RAW_LOG WHERE ID=895
INSERT INTO AGENTS_RAW_LOG VALUES(895,13,'root.?<PMLSettings>.releaseForCanceledUnitsReturningHome.resourceEnd','2026-03-22 00:00:00.000000',112)
COMMIT
DELETE FROM AGENTS_RAW_LOG WHERE ID=912
INSERT INTO AGENTS_RAW_LOG VALUES(912,7,'root.?<PMLSettings>.releaseForCanceledUnitsReturningHome.unitOut','2026-03-22 00:00:00.000000',113)
COMMIT
INSERT INTO AGENT_PARAMETERS_RAW_LOG VALUES(912,'conditionIsProbabilistic','false',818)
COMMIT
INSERT INTO AGENT_PARAMETERS_RAW_LOG VALUES(912,'choiceIsVolatile','true',819)
COMMIT
DELETE FROM AGENTS_RAW_LOG WHERE ID=921
INSERT INTO AGENTS_RAW_LOG VALUES(921,12,'root.?<PMLSettings>.releaseForCanceledUnitsStayingWhereTheyAre.unitWrapUpEnter','2026-03-22 00:00:00.000000',114)
COMMIT
INSERT INTO AGENT_PARAMETERS_RAW_LOG VALUES(921,'locationType','LOCATION_NOT_SPECIFIED',820)
COMMIT
INSERT INTO AGENT_PARAMETERS_RAW_LOG VALUES(921,'locationXYZInNetwork','false',821)
COMMIT
INSERT INTO AGENT_PARAMETERS_RAW_LOG VALUES(921,'addToCustomPopulation','false',822)
COMMIT
INSERT INTO AGENT_PARAMETERS_RAW_LOG VALUES(921,'pushProtocol','true',823)
COMMIT
DELETE FROM AGENTS_RAW_LOG WHERE ID=925
INSERT INTO AGENTS_RAW_LOG VALUES(925,6,'root.?<PMLSettings>.releaseForCanceledUnitsStayingWhereTheyAre.moveToHome','2026-03-22 00:00:00.000000',115)
COMMIT
INSERT INTO AGENT_PARAMETERS_RAW_LOG VALUES(925,'mode','MODE_MOVE_TO',824)
COMMIT
INSERT INTO AGENT_PARAMETERS_RAW_LOG VALUES(925,'destinationType','DEST_NODE_XYZ',825)
COMMIT
INSERT INTO AGENT_PARAMETERS_RAW_LOG VALUES(925,'destinationInNetwork','false',826)
COMMIT
INSERT INTO AGENT_PARAMETERS_RAW_LOG VALUES(925,'useOffsets','false',827)
COMMIT
INSERT INTO AGENT_PARAMETERS_RAW_LOG VALUES(925,'straightMovement','false',828)
COMMIT
INSERT INTO AGENT_PARAMETERS_RAW_LOG VALUES(925,'destinationUseRotation','true',829)
COMMIT
INSERT INTO AGENT_PARAMETERS_RAW_LOG VALUES(925,'restoreSpeedOnArrival','false',830)
COMMIT
DELETE FROM AGENTS_RAW_LOG WHERE ID=932
INSERT INTO AGENTS_RAW_LOG VALUES(932,7,'root.?<PMLSettings>.releaseForCanceledUnitsStayingWhereTheyAre.goHome','2026-03-22 00:00:00.000000',116)
COMMIT
INSERT INTO AGENT_PARAMETERS_RAW_LOG VALUES(932,'conditionIsProbabilistic','false',831)
COMMIT
INSERT INTO AGENT_PARAMETERS_RAW_LOG VALUES(932,'choiceIsVolatile','true',832)
COMMIT
DELETE FROM AGENTS_RAW_LOG WHERE ID=939
INSERT INTO AGENTS_RAW_LOG VALUES(939,13,'root.?<PMLSettings>.releaseForCanceledUnitsStayingWhereTheyAre.resourceEnd','2026-03-22 00:00:00.000000',117)
COMMIT
DELETE FROM AGENTS_RAW_LOG WHERE ID=956
INSERT INTO AGENTS_RAW_LOG VALUES(956,7,'root.?<PMLSettings>.releaseForCanceledUnitsStayingWhereTheyAre.unitOut','2026-03-22 00:00:00.000000',118)
COMMIT
INSERT INTO AGENT_PARAMETERS_RAW_LOG VALUES(956,'conditionIsProbabilistic','false',833)
COMMIT
INSERT INTO AGENT_PARAMETERS_RAW_LOG VALUES(956,'choiceIsVolatile','true',834)
COMMIT
INSERT INTO AGENT_TYPES_RAW_LOG VALUES(17,'com.anylogic.engine.Agent',17)
COMMIT
INSERT INTO AGENTS_RAW_LOG VALUES(964,17,'<population>[0]','2026-03-22 00:00:00.000000',119)
COMMIT
DELETE FROM AGENTS_RAW_LOG WHERE ID=964
INSERT INTO AGENTS_RAW_LOG VALUES(964,17,'root.<population>[0]','2026-03-22 00:00:00.000000',119)
COMMIT
INSERT INTO AGENTS_RAW_LOG VALUES(965,17,'<population>[1]','2026-03-22 00:00:00.000000',120)
COMMIT
DELETE FROM AGENTS_RAW_LOG WHERE ID=965
INSERT INTO AGENTS_RAW_LOG VALUES(965,17,'root.<population>[1]','2026-03-22 00:00:00.000000',120)
COMMIT
INSERT INTO AGENTS_RAW_LOG VALUES(966,17,'<population>[2]','2026-03-22 00:00:00.000000',121)
COMMIT
DELETE FROM AGENTS_RAW_LOG WHERE ID=966
INSERT INTO AGENTS_RAW_LOG VALUES(966,17,'root.<population>[2]','2026-03-22 00:00:00.000000',121)
COMMIT
INSERT INTO AGENTS_RAW_LOG VALUES(967,17,'<population>[3]','2026-03-22 00:00:00.000000',122)
COMMIT
DELETE FROM AGENTS_RAW_LOG WHERE ID=967
INSERT INTO AGENTS_RAW_LOG VALUES(967,17,'root.<population>[3]','2026-03-22 00:00:00.000000',122)
COMMIT
INSERT INTO AGENT_TYPES_RAW_LOG VALUES(18,'bellyup.Waiter',18)
COMMIT
INSERT INTO AGENTS_RAW_LOG VALUES(968,18,'<population>[4]','2026-03-22 00:00:00.000000',123)
COMMIT
DELETE FROM AGENTS_RAW_LOG WHERE ID=968
INSERT INTO AGENTS_RAW_LOG VALUES(968,18,'root.<population>[4]','2026-03-22 00:00:00.000000',123)
COMMIT
INSERT INTO AGENTS_RAW_LOG VALUES(969,18,'<population>[5]','2026-03-22 00:00:00.000000',124)
COMMIT
DELETE FROM AGENTS_RAW_LOG WHERE ID=969
INSERT INTO AGENTS_RAW_LOG VALUES(969,18,'root.<population>[5]','2026-03-22 00:00:00.000000',124)
COMMIT
INSERT INTO AGENTS_RAW_LOG VALUES(970,18,'<population>[6]','2026-03-22 00:00:00.000000',125)
COMMIT
DELETE FROM AGENTS_RAW_LOG WHERE ID=970
INSERT INTO AGENTS_RAW_LOG VALUES(970,18,'root.<population>[6]','2026-03-22 00:00:00.000000',125)
COMMIT
INSERT INTO AGENTS_RAW_LOG VALUES(1686,17,'<population>[7]','2026-03-22 00:00:00.000000',126)
COMMIT
DELETE FROM AGENTS_RAW_LOG WHERE ID=1686
INSERT INTO AGENTS_RAW_LOG VALUES(1686,17,'root.<population>[7]','2026-03-22 00:00:00.000000',126)
COMMIT
INSERT INTO AGENTS_RAW_LOG VALUES(1687,17,'<population>[8]','2026-03-22 00:00:00.000000',127)
COMMIT
DELETE FROM AGENTS_RAW_LOG WHERE ID=1687
INSERT INTO AGENTS_RAW_LOG VALUES(1687,17,'root.<population>[8]','2026-03-22 00:00:00.000000',127)
COMMIT
INSERT INTO AGENTS_RAW_LOG VALUES(1688,17,'<population>[9]','2026-03-22 00:00:00.000000',128)
COMMIT
DELETE FROM AGENTS_RAW_LOG WHERE ID=1688
INSERT INTO AGENTS_RAW_LOG VALUES(1688,17,'root.<population>[9]','2026-03-22 00:00:00.000000',128)
COMMIT
INSERT INTO AGENTS_RAW_LOG VALUES(1689,17,'<population>[10]','2026-03-22 00:00:00.000000',129)
COMMIT
DELETE FROM AGENTS_RAW_LOG WHERE ID=1689
INSERT INTO AGENTS_RAW_LOG VALUES(1689,17,'root.<population>[10]','2026-03-22 00:00:00.000000',129)
COMMIT
INSERT INTO AGENTS_RAW_LOG VALUES(1690,17,'<population>[11]','2026-03-22 00:00:00.000000',130)
COMMIT
DELETE FROM AGENTS_RAW_LOG WHERE ID=1690
INSERT INTO AGENTS_RAW_LOG VALUES(1690,17,'root.<population>[11]','2026-03-22 00:00:00.000000',130)
COMMIT
INSERT INTO AGENTS_RAW_LOG VALUES(1691,17,'<population>[12]','2026-03-22 00:00:00.000000',131)
COMMIT
DELETE FROM AGENTS_RAW_LOG WHERE ID=1691
INSERT INTO AGENTS_RAW_LOG VALUES(1691,17,'root.<population>[12]','2026-03-22 00:00:00.000000',131)
COMMIT
INSERT INTO AGENTS_RAW_LOG VALUES(1692,17,'<population>[13]','2026-03-22 00:00:00.000000',132)
COMMIT
DELETE FROM AGENTS_RAW_LOG WHERE ID=1692
INSERT INTO AGENTS_RAW_LOG VALUES(1692,17,'root.<population>[13]','2026-03-22 00:00:00.000000',132)
COMMIT
INSERT INTO AGENTS_RAW_LOG VALUES(1693,17,'<population>[14]','2026-03-22 00:00:00.000000',133)
COMMIT
DELETE FROM AGENTS_RAW_LOG WHERE ID=1693
INSERT INTO AGENTS_RAW_LOG VALUES(1693,17,'root.<population>[14]','2026-03-22 00:00:00.000000',133)
COMMIT
INSERT INTO AGENTS_RAW_LOG VALUES(1694,17,'<population>[15]','2026-03-22 00:00:00.000000',134)
COMMIT
DELETE FROM AGENTS_RAW_LOG WHERE ID=1694
INSERT INTO AGENTS_RAW_LOG VALUES(1694,17,'root.<population>[15]','2026-03-22 00:00:00.000000',134)
COMMIT
INSERT INTO AGENTS_RAW_LOG VALUES(1695,17,'<population>[16]','2026-03-22 00:00:00.000000',135)
COMMIT
DELETE FROM AGENTS_RAW_LOG WHERE ID=1695
INSERT INTO AGENTS_RAW_LOG VALUES(1695,17,'root.<population>[16]','2026-03-22 00:00:00.000000',135)
COMMIT
INSERT INTO AGENTS_RAW_LOG VALUES(1696,17,'<population>[17]','2026-03-22 00:00:00.000000',136)
COMMIT
DELETE FROM AGENTS_RAW_LOG WHERE ID=1696
INSERT INTO AGENTS_RAW_LOG VALUES(1696,17,'root.<population>[17]','2026-03-22 00:00:00.000000',136)
COMMIT
INSERT INTO AGENTS_RAW_LOG VALUES(1697,17,'<population>[18]','2026-03-22 00:00:00.000000',137)
COMMIT
DELETE FROM AGENTS_RAW_LOG WHERE ID=1697
INSERT INTO AGENTS_RAW_LOG VALUES(1697,17,'root.<population>[18]','2026-03-22 00:00:00.000000',137)
COMMIT
INSERT INTO AGENTS_RAW_LOG VALUES(1698,17,'<population>[19]','2026-03-22 00:00:00.000000',138)
COMMIT
DELETE FROM AGENTS_RAW_LOG WHERE ID=1698
INSERT INTO AGENTS_RAW_LOG VALUES(1698,17,'root.<population>[19]','2026-03-22 00:00:00.000000',138)
COMMIT
INSERT INTO AGENTS_RAW_LOG VALUES(1699,17,'<population>[20]','2026-03-22 00:00:00.000000',139)
COMMIT
DELETE FROM AGENTS_RAW_LOG WHERE ID=1699
INSERT INTO AGENTS_RAW_LOG VALUES(1699,17,'root.<population>[20]','2026-03-22 00:00:00.000000',139)
COMMIT
INSERT INTO AGENTS_RAW_LOG VALUES(1700,17,'<population>[21]','2026-03-22 00:00:00.000000',140)
COMMIT
DELETE FROM AGENTS_RAW_LOG WHERE ID=1700
INSERT INTO AGENTS_RAW_LOG VALUES(1700,17,'root.<population>[21]','2026-03-22 00:00:00.000000',140)
COMMIT
INSERT INTO AGENTS_RAW_LOG VALUES(1701,17,'<population>[22]','2026-03-22 00:00:00.000000',141)
COMMIT
DELETE FROM AGENTS_RAW_LOG WHERE ID=1701
INSERT INTO AGENTS_RAW_LOG VALUES(1701,17,'root.<population>[22]','2026-03-22 00:00:00.000000',141)
COMMIT
INSERT INTO AGENTS_RAW_LOG VALUES(1702,17,'<population>[23]','2026-03-22 00:00:00.000000',142)
COMMIT
DELETE FROM AGENTS_RAW_LOG WHERE ID=1702
INSERT INTO AGENTS_RAW_LOG VALUES(1702,17,'root.<population>[23]','2026-03-22 00:00:00.000000',142)
COMMIT
INSERT INTO AGENTS_RAW_LOG VALUES(1703,17,'<population>[24]','2026-03-22 00:00:00.000000',143)
COMMIT
DELETE FROM AGENTS_RAW_LOG WHERE ID=1703
INSERT INTO AGENTS_RAW_LOG VALUES(1703,17,'root.<population>[24]','2026-03-22 00:00:00.000000',143)
COMMIT
INSERT INTO AGENTS_RAW_LOG VALUES(1704,17,'<population>[25]','2026-03-22 00:00:00.000000',144)
COMMIT
DELETE FROM AGENTS_RAW_LOG WHERE ID=1704
INSERT INTO AGENTS_RAW_LOG VALUES(1704,17,'root.<population>[25]','2026-03-22 00:00:00.000000',144)
COMMIT
INSERT INTO AGENTS_RAW_LOG VALUES(1705,17,'<population>[26]','2026-03-22 00:00:00.000000',145)
COMMIT
DELETE FROM AGENTS_RAW_LOG WHERE ID=1705
INSERT INTO AGENTS_RAW_LOG VALUES(1705,17,'root.<population>[26]','2026-03-22 00:00:00.000000',145)
COMMIT
INSERT INTO AGENTS_RAW_LOG VALUES(1706,17,'<population>[27]','2026-03-22 00:00:00.000000',146)
COMMIT
DELETE FROM AGENTS_RAW_LOG WHERE ID=1706
INSERT INTO AGENTS_RAW_LOG VALUES(1706,17,'root.<population>[27]','2026-03-22 00:00:00.000000',146)
COMMIT
INSERT INTO AGENTS_RAW_LOG VALUES(1707,17,'<population>[28]','2026-03-22 00:00:00.000000',147)
COMMIT
DELETE FROM AGENTS_RAW_LOG WHERE ID=1707
INSERT INTO AGENTS_RAW_LOG VALUES(1707,17,'root.<population>[28]','2026-03-22 00:00:00.000000',147)
COMMIT
INSERT INTO AGENTS_RAW_LOG VALUES(1708,17,'<population>[29]','2026-03-22 00:00:00.000000',148)
COMMIT
DELETE FROM AGENTS_RAW_LOG WHERE ID=1708
INSERT INTO AGENTS_RAW_LOG VALUES(1708,17,'root.<population>[29]','2026-03-22 00:00:00.000000',148)
COMMIT
INSERT INTO AGENTS_RAW_LOG VALUES(1709,17,'<population>[30]','2026-03-22 00:00:00.000000',149)
COMMIT
DELETE FROM AGENTS_RAW_LOG WHERE ID=1709
INSERT INTO AGENTS_RAW_LOG VALUES(1709,17,'root.<population>[30]','2026-03-22 00:00:00.000000',149)
COMMIT
INSERT INTO AGENTS_RAW_LOG VALUES(1710,17,'<population>[31]','2026-03-22 00:00:00.000000',150)
COMMIT
DELETE FROM AGENTS_RAW_LOG WHERE ID=1710
INSERT INTO AGENTS_RAW_LOG VALUES(1710,17,'root.<population>[31]','2026-03-22 00:00:00.000000',150)
COMMIT
INSERT INTO AGENTS_RAW_LOG VALUES(1711,17,'<population>[32]','2026-03-22 00:00:00.000000',151)
COMMIT
DELETE FROM AGENTS_RAW_LOG WHERE ID=1711
INSERT INTO AGENTS_RAW_LOG VALUES(1711,17,'root.<population>[32]','2026-03-22 00:00:00.000000',151)
COMMIT
INSERT INTO AGENTS_RAW_LOG VALUES(1712,17,'<population>[33]','2026-03-22 00:00:00.000000',152)
COMMIT
DELETE FROM AGENTS_RAW_LOG WHERE ID=1712
INSERT INTO AGENTS_RAW_LOG VALUES(1712,17,'root.<population>[33]','2026-03-22 00:00:00.000000',152)
COMMIT
INSERT INTO AGENTS_RAW_LOG VALUES(1713,17,'<population>[34]','2026-03-22 00:00:00.000000',153)
COMMIT
DELETE FROM AGENTS_RAW_LOG WHERE ID=1713
INSERT INTO AGENTS_RAW_LOG VALUES(1713,17,'root.<population>[34]','2026-03-22 00:00:00.000000',153)
COMMIT
INSERT INTO AGENTS_RAW_LOG VALUES(1714,17,'<population>[35]','2026-03-22 00:00:00.000000',154)
COMMIT
DELETE FROM AGENTS_RAW_LOG WHERE ID=1714
INSERT INTO AGENTS_RAW_LOG VALUES(1714,17,'root.<population>[35]','2026-03-22 00:00:00.000000',154)
COMMIT
INSERT INTO AGENTS_RAW_LOG VALUES(1715,17,'<population>[36]','2026-03-22 00:00:00.000000',155)
COMMIT
DELETE FROM AGENTS_RAW_LOG WHERE ID=1715
INSERT INTO AGENTS_RAW_LOG VALUES(1715,17,'root.<population>[36]','2026-03-22 00:00:00.000000',155)
COMMIT
INSERT INTO AGENTS_RAW_LOG VALUES(1716,17,'<population>[37]','2026-03-22 00:00:00.000000',156)
COMMIT
DELETE FROM AGENTS_RAW_LOG WHERE ID=1716
INSERT INTO AGENTS_RAW_LOG VALUES(1716,17,'root.<population>[37]','2026-03-22 00:00:00.000000',156)
COMMIT
INSERT INTO AGENTS_RAW_LOG VALUES(1717,17,'<population>[38]','2026-03-22 00:00:00.000000',157)
COMMIT
DELETE FROM AGENTS_RAW_LOG WHERE ID=1717
INSERT INTO AGENTS_RAW_LOG VALUES(1717,17,'root.<population>[38]','2026-03-22 00:00:00.000000',157)
COMMIT
INSERT INTO AGENTS_RAW_LOG VALUES(1718,17,'<population>[39]','2026-03-22 00:00:00.000000',158)
COMMIT
DELETE FROM AGENTS_RAW_LOG WHERE ID=1718
INSERT INTO AGENTS_RAW_LOG VALUES(1718,17,'root.<population>[39]','2026-03-22 00:00:00.000000',158)
COMMIT
INSERT INTO AGENTS_RAW_LOG VALUES(1719,17,'<population>[40]','2026-03-22 00:00:00.000000',159)
COMMIT
DELETE FROM AGENTS_RAW_LOG WHERE ID=1719
INSERT INTO AGENTS_RAW_LOG VALUES(1719,17,'root.<population>[40]','2026-03-22 00:00:00.000000',159)
COMMIT
INSERT INTO AGENTS_RAW_LOG VALUES(1720,17,'<population>[41]','2026-03-22 00:00:00.000000',160)
COMMIT
DELETE FROM AGENTS_RAW_LOG WHERE ID=1720
INSERT INTO AGENTS_RAW_LOG VALUES(1720,17,'root.<population>[41]','2026-03-22 00:00:00.000000',160)
COMMIT
INSERT INTO AGENTS_RAW_LOG VALUES(1721,17,'<population>[42]','2026-03-22 00:00:00.000000',161)
COMMIT
DELETE FROM AGENTS_RAW_LOG WHERE ID=1721
INSERT INTO AGENTS_RAW_LOG VALUES(1721,17,'root.<population>[42]','2026-03-22 00:00:00.000000',161)
COMMIT
INSERT INTO AGENTS_RAW_LOG VALUES(1722,17,'<population>[43]','2026-03-22 00:00:00.000000',162)
COMMIT
DELETE FROM AGENTS_RAW_LOG WHERE ID=1722
INSERT INTO AGENTS_RAW_LOG VALUES(1722,17,'root.<population>[43]','2026-03-22 00:00:00.000000',162)
COMMIT
INSERT INTO AGENTS_RAW_LOG VALUES(1723,17,'<population>[44]','2026-03-22 00:00:00.000000',163)
COMMIT
DELETE FROM AGENTS_RAW_LOG WHERE ID=1723
INSERT INTO AGENTS_RAW_LOG VALUES(1723,17,'root.<population>[44]','2026-03-22 00:00:00.000000',163)
COMMIT
INSERT INTO AGENTS_RAW_LOG VALUES(1724,17,'<population>[45]','2026-03-22 00:00:00.000000',164)
COMMIT
DELETE FROM AGENTS_RAW_LOG WHERE ID=1724
INSERT INTO AGENTS_RAW_LOG VALUES(1724,17,'root.<population>[45]','2026-03-22 00:00:00.000000',164)
COMMIT
INSERT INTO AGENTS_RAW_LOG VALUES(1725,17,'<population>[46]','2026-03-22 00:00:00.000000',165)
COMMIT
DELETE FROM AGENTS_RAW_LOG WHERE ID=1725
INSERT INTO AGENTS_RAW_LOG VALUES(1725,17,'root.<population>[46]','2026-03-22 00:00:00.000000',165)
COMMIT
INSERT INTO AGENTS_RAW_LOG VALUES(1726,17,'<population>[47]','2026-03-22 00:00:00.000000',166)
COMMIT
DELETE FROM AGENTS_RAW_LOG WHERE ID=1726
INSERT INTO AGENTS_RAW_LOG VALUES(1726,17,'root.<population>[47]','2026-03-22 00:00:00.000000',166)
COMMIT
INSERT INTO AGENTS_RAW_LOG VALUES(1727,17,'<population>[48]','2026-03-22 00:00:00.000000',167)
COMMIT
DELETE FROM AGENTS_RAW_LOG WHERE ID=1727
INSERT INTO AGENTS_RAW_LOG VALUES(1727,17,'root.<population>[48]','2026-03-22 00:00:00.000000',167)
COMMIT
INSERT INTO AGENTS_RAW_LOG VALUES(1728,17,'<population>[49]','2026-03-22 00:00:00.000000',168)
COMMIT
DELETE FROM AGENTS_RAW_LOG WHERE ID=1728
INSERT INTO AGENTS_RAW_LOG VALUES(1728,17,'root.<population>[49]','2026-03-22 00:00:00.000000',168)
COMMIT
INSERT INTO AGENTS_RAW_LOG VALUES(1729,17,'<population>[50]','2026-03-22 00:00:00.000000',169)
COMMIT
DELETE FROM AGENTS_RAW_LOG WHERE ID=1729
INSERT INTO AGENTS_RAW_LOG VALUES(1729,17,'root.<population>[50]','2026-03-22 00:00:00.000000',169)
COMMIT
INSERT INTO AGENTS_RAW_LOG VALUES(1730,17,'<population>[51]','2026-03-22 00:00:00.000000',170)
COMMIT
DELETE FROM AGENTS_RAW_LOG WHERE ID=1730
INSERT INTO AGENTS_RAW_LOG VALUES(1730,17,'root.<population>[51]','2026-03-22 00:00:00.000000',170)
COMMIT
INSERT INTO AGENTS_RAW_LOG VALUES(1731,17,'<population>[52]','2026-03-22 00:00:00.000000',171)
COMMIT
DELETE FROM AGENTS_RAW_LOG WHERE ID=1731
INSERT INTO AGENTS_RAW_LOG VALUES(1731,17,'root.<population>[52]','2026-03-22 00:00:00.000000',171)
COMMIT
INSERT INTO AGENTS_RAW_LOG VALUES(1732,17,'<population>[53]','2026-03-22 00:00:00.000000',172)
COMMIT
DELETE FROM AGENTS_RAW_LOG WHERE ID=1732
INSERT INTO AGENTS_RAW_LOG VALUES(1732,17,'root.<population>[53]','2026-03-22 00:00:00.000000',172)
COMMIT
INSERT INTO AGENTS_RAW_LOG VALUES(1733,17,'<population>[54]','2026-03-22 00:00:00.000000',173)
COMMIT
DELETE FROM AGENTS_RAW_LOG WHERE ID=1733
INSERT INTO AGENTS_RAW_LOG VALUES(1733,17,'root.<population>[54]','2026-03-22 00:00:00.000000',173)
COMMIT
INSERT INTO AGENTS_RAW_LOG VALUES(1734,17,'<population>[55]','2026-03-22 00:00:00.000000',174)
COMMIT
DELETE FROM AGENTS_RAW_LOG WHERE ID=1734
INSERT INTO AGENTS_RAW_LOG VALUES(1734,17,'root.<population>[55]','2026-03-22 00:00:00.000000',174)
COMMIT
INSERT INTO AGENTS_RAW_LOG VALUES(1735,17,'<population>[56]','2026-03-22 00:00:00.000000',175)
COMMIT
DELETE FROM AGENTS_RAW_LOG WHERE ID=1735
INSERT INTO AGENTS_RAW_LOG VALUES(1735,17,'root.<population>[56]','2026-03-22 00:00:00.000000',175)
COMMIT
INSERT INTO AGENTS_RAW_LOG VALUES(1736,17,'<population>[57]','2026-03-22 00:00:00.000000',176)
COMMIT
DELETE FROM AGENTS_RAW_LOG WHERE ID=1736
INSERT INTO AGENTS_RAW_LOG VALUES(1736,17,'root.<population>[57]','2026-03-22 00:00:00.000000',176)
COMMIT
INSERT INTO AGENTS_RAW_LOG VALUES(1737,17,'<population>[58]','2026-03-22 00:00:00.000000',177)
COMMIT
DELETE FROM AGENTS_RAW_LOG WHERE ID=1737
INSERT INTO AGENTS_RAW_LOG VALUES(1737,17,'root.<population>[58]','2026-03-22 00:00:00.000000',177)
COMMIT
INSERT INTO AGENTS_RAW_LOG VALUES(1738,17,'<population>[59]','2026-03-22 00:00:00.000000',178)
COMMIT
DELETE FROM AGENTS_RAW_LOG WHERE ID=1738
INSERT INTO AGENTS_RAW_LOG VALUES(1738,17,'root.<population>[59]','2026-03-22 00:00:00.000000',178)
COMMIT
INSERT INTO AGENTS_RAW_LOG VALUES(1739,17,'<population>[60]','2026-03-22 00:00:00.000000',179)
COMMIT
DELETE FROM AGENTS_RAW_LOG WHERE ID=1739
INSERT INTO AGENTS_RAW_LOG VALUES(1739,17,'root.<population>[60]','2026-03-22 00:00:00.000000',179)
COMMIT
INSERT INTO AGENTS_RAW_LOG VALUES(1740,17,'<population>[61]','2026-03-22 00:00:00.000000',180)
COMMIT
DELETE FROM AGENTS_RAW_LOG WHERE ID=1740
INSERT INTO AGENTS_RAW_LOG VALUES(1740,17,'root.<population>[61]','2026-03-22 00:00:00.000000',180)
COMMIT
INSERT INTO AGENTS_RAW_LOG VALUES(1741,17,'<population>[62]','2026-03-22 00:00:00.000000',181)
COMMIT
DELETE FROM AGENTS_RAW_LOG WHERE ID=1741
INSERT INTO AGENTS_RAW_LOG VALUES(1741,17,'root.<population>[62]','2026-03-22 00:00:00.000000',181)
COMMIT
INSERT INTO AGENTS_RAW_LOG VALUES(1742,17,'<population>[63]','2026-03-22 00:00:00.000000',182)
COMMIT
DELETE FROM AGENTS_RAW_LOG WHERE ID=1742
INSERT INTO AGENTS_RAW_LOG VALUES(1742,17,'root.<population>[63]','2026-03-22 00:00:00.000000',182)
COMMIT
INSERT INTO AGENTS_RAW_LOG VALUES(1743,17,'<population>[64]','2026-03-22 00:00:00.000000',183)
COMMIT
DELETE FROM AGENTS_RAW_LOG WHERE ID=1743
INSERT INTO AGENTS_RAW_LOG VALUES(1743,17,'root.<population>[64]','2026-03-22 00:00:00.000000',183)
COMMIT
INSERT INTO AGENTS_RAW_LOG VALUES(1744,17,'<population>[65]','2026-03-22 00:00:00.000000',184)
COMMIT
DELETE FROM AGENTS_RAW_LOG WHERE ID=1744
INSERT INTO AGENTS_RAW_LOG VALUES(1744,17,'root.<population>[65]','2026-03-22 00:00:00.000000',184)
COMMIT
INSERT INTO AGENTS_RAW_LOG VALUES(1745,17,'<population>[66]','2026-03-22 00:00:00.000000',185)
COMMIT
DELETE FROM AGENTS_RAW_LOG WHERE ID=1745
INSERT INTO AGENTS_RAW_LOG VALUES(1745,17,'root.<population>[66]','2026-03-22 00:00:00.000000',185)
COMMIT
INSERT INTO AGENTS_RAW_LOG VALUES(1746,17,'<population>[67]','2026-03-22 00:00:00.000000',186)
COMMIT
DELETE FROM AGENTS_RAW_LOG WHERE ID=1746
INSERT INTO AGENTS_RAW_LOG VALUES(1746,17,'root.<population>[67]','2026-03-22 00:00:00.000000',186)
COMMIT
INSERT INTO AGENTS_RAW_LOG VALUES(1747,17,'<population>[68]','2026-03-22 00:00:00.000000',187)
COMMIT
DELETE FROM AGENTS_RAW_LOG WHERE ID=1747
INSERT INTO AGENTS_RAW_LOG VALUES(1747,17,'root.<population>[68]','2026-03-22 00:00:00.000000',187)
COMMIT
INSERT INTO AGENTS_RAW_LOG VALUES(1748,17,'<population>[69]','2026-03-22 00:00:00.000000',188)
COMMIT
DELETE FROM AGENTS_RAW_LOG WHERE ID=1748
INSERT INTO AGENTS_RAW_LOG VALUES(1748,17,'root.<population>[69]','2026-03-22 00:00:00.000000',188)
COMMIT
INSERT INTO AGENTS_RAW_LOG VALUES(1749,17,'<population>[70]','2026-03-22 00:00:00.000000',189)
COMMIT
DELETE FROM AGENTS_RAW_LOG WHERE ID=1749
INSERT INTO AGENTS_RAW_LOG VALUES(1749,17,'root.<population>[70]','2026-03-22 00:00:00.000000',189)
COMMIT
INSERT INTO AGENTS_RAW_LOG VALUES(1750,17,'<population>[71]','2026-03-22 00:00:00.000000',190)
COMMIT
DELETE FROM AGENTS_RAW_LOG WHERE ID=1750
INSERT INTO AGENTS_RAW_LOG VALUES(1750,17,'root.<population>[71]','2026-03-22 00:00:00.000000',190)
COMMIT
INSERT INTO AGENTS_RAW_LOG VALUES(1751,17,'<population>[72]','2026-03-22 00:00:00.000000',191)
COMMIT
DELETE FROM AGENTS_RAW_LOG WHERE ID=1751
INSERT INTO AGENTS_RAW_LOG VALUES(1751,17,'root.<population>[72]','2026-03-22 00:00:00.000000',191)
COMMIT
INSERT INTO AGENTS_RAW_LOG VALUES(1752,17,'<population>[73]','2026-03-22 00:00:00.000000',192)
COMMIT
DELETE FROM AGENTS_RAW_LOG WHERE ID=1752
INSERT INTO AGENTS_RAW_LOG VALUES(1752,17,'root.<population>[73]','2026-03-22 00:00:00.000000',192)
COMMIT
INSERT INTO AGENTS_RAW_LOG VALUES(1753,17,'<population>[74]','2026-03-22 00:00:00.000000',193)
COMMIT
DELETE FROM AGENTS_RAW_LOG WHERE ID=1753
INSERT INTO AGENTS_RAW_LOG VALUES(1753,17,'root.<population>[74]','2026-03-22 00:00:00.000000',193)
COMMIT
INSERT INTO AGENTS_RAW_LOG VALUES(1754,17,'<population>[75]','2026-03-22 00:00:00.000000',194)
COMMIT
DELETE FROM AGENTS_RAW_LOG WHERE ID=1754
INSERT INTO AGENTS_RAW_LOG VALUES(1754,17,'root.<population>[75]','2026-03-22 00:00:00.000000',194)
COMMIT
INSERT INTO AGENTS_RAW_LOG VALUES(1755,17,'<population>[76]','2026-03-22 00:00:00.000000',195)
COMMIT
DELETE FROM AGENTS_RAW_LOG WHERE ID=1755
INSERT INTO AGENTS_RAW_LOG VALUES(1755,17,'root.<population>[76]','2026-03-22 00:00:00.000000',195)
COMMIT
INSERT INTO AGENTS_RAW_LOG VALUES(1756,17,'<population>[77]','2026-03-22 00:00:00.000000',196)
COMMIT
DELETE FROM AGENTS_RAW_LOG WHERE ID=1756
INSERT INTO AGENTS_RAW_LOG VALUES(1756,17,'root.<population>[77]','2026-03-22 00:00:00.000000',196)
COMMIT
INSERT INTO AGENTS_RAW_LOG VALUES(1757,17,'<population>[78]','2026-03-22 00:00:00.000000',197)
COMMIT
DELETE FROM AGENTS_RAW_LOG WHERE ID=1757
INSERT INTO AGENTS_RAW_LOG VALUES(1757,17,'root.<population>[78]','2026-03-22 00:00:00.000000',197)
COMMIT
INSERT INTO AGENT_TYPES_RAW_LOG VALUES(19,'bellyup.Customer',19)
COMMIT
INSERT INTO AGENTS_RAW_LOG VALUES(1758,19,'<population>[79]','2026-03-22 00:00:14.202000',198)
COMMIT
DELETE FROM AGENTS_RAW_LOG WHERE ID=1758
INSERT INTO AGENTS_RAW_LOG VALUES(1758,19,'root.<population>[79]','2026-03-22 00:00:14.202000',198)
COMMIT
INSERT INTO AGENTS_RAW_LOG VALUES(1759,19,'<population>[80]','2026-03-22 00:00:14.545000',199)
COMMIT
DELETE FROM AGENTS_RAW_LOG WHERE ID=1759
INSERT INTO AGENTS_RAW_LOG VALUES(1759,19,'root.<population>[80]','2026-03-22 00:00:14.545000',199)
COMMIT
INSERT INTO AGENTS_RAW_LOG VALUES(1760,19,'<population>[81]','2026-03-22 00:00:15.418000',200)
COMMIT
DELETE FROM AGENTS_RAW_LOG WHERE ID=1760
INSERT INTO AGENTS_RAW_LOG VALUES(1760,19,'root.<population>[81]','2026-03-22 00:00:15.418000',200)
COMMIT
INSERT INTO AGENTS_RAW_LOG VALUES(1761,19,'<population>[82]','2026-03-22 00:00:15.882000',201)
COMMIT
DELETE FROM AGENTS_RAW_LOG WHERE ID=1761
INSERT INTO AGENTS_RAW_LOG VALUES(1761,19,'root.<population>[82]','2026-03-22 00:00:15.882000',201)
COMMIT
INSERT INTO AGENTS_RAW_LOG VALUES(1762,19,'<population>[83]','2026-03-22 00:00:29.735000',202)
COMMIT
DELETE FROM AGENTS_RAW_LOG WHERE ID=1762
INSERT INTO AGENTS_RAW_LOG VALUES(1762,19,'root.<population>[83]','2026-03-22 00:00:29.735000',202)
COMMIT
INSERT INTO AGENTS_RAW_LOG VALUES(1763,19,'<population>[84]','2026-03-22 00:00:29.762000',203)
COMMIT
DELETE FROM AGENTS_RAW_LOG WHERE ID=1763
INSERT INTO AGENTS_RAW_LOG VALUES(1763,19,'root.<population>[84]','2026-03-22 00:00:29.762000',203)
COMMIT
INSERT INTO AGENTS_RAW_LOG VALUES(1764,19,'<population>[85]','2026-03-22 00:00:29.807000',204)
COMMIT
DELETE FROM AGENTS_RAW_LOG WHERE ID=1764
INSERT INTO AGENTS_RAW_LOG VALUES(1764,19,'root.<population>[85]','2026-03-22 00:00:29.807000',204)
COMMIT
INSERT INTO AGENTS_RAW_LOG VALUES(1765,19,'<population>[86]','2026-03-22 00:00:29.865000',205)
COMMIT
DELETE FROM AGENTS_RAW_LOG WHERE ID=1765
INSERT INTO AGENTS_RAW_LOG VALUES(1765,19,'root.<population>[86]','2026-03-22 00:00:29.865000',205)
COMMIT
INSERT INTO AGENT_MOVEMENT_RAW_LOG VALUES(1758,0.4264289894253114E0,'2026-03-22 00:00:14.202000','2026-03-22 00:00:38.699000',0)
COMMIT
INSERT INTO AGENT_MOVEMENT_RAW_LOG VALUES(1760,0.44616538678470125E0,'2026-03-22 00:00:15.418000','2026-03-22 00:00:38.699000',1)
COMMIT
INSERT INTO AGENT_MOVEMENT_RAW_LOG VALUES(1762,0.450377362407931E0,'2026-03-22 00:00:29.735000','2026-03-22 00:00:38.699000',2)
COMMIT
INSERT INTO AGENT_MOVEMENT_RAW_LOG VALUES(1764,0.5520142467004034E0,'2026-03-22 00:00:29.807000','2026-03-22 00:00:38.699000',3)
COMMIT
INSERT INTO AGENT_MOVEMENT_RAW_LOG VALUES(1760,0.3041695423035409E0,'2026-03-22 00:00:38.699000','2026-03-22 00:00:39.899000',4)
COMMIT
INSERT INTO AGENT_MOVEMENT_RAW_LOG VALUES(1759,0.44264907059830666E0,'2026-03-22 00:00:14.545000','2026-03-22 00:00:43.799000',5)
COMMIT
INSERT INTO AGENT_MOVEMENT_RAW_LOG VALUES(1761,0.18432262872467925E0,'2026-03-22 00:00:15.882000','2026-03-22 00:00:43.799000',6)
COMMIT
INSERT INTO AGENT_MOVEMENT_RAW_LOG VALUES(1763,0.4540835046744389E0,'2026-03-22 00:00:29.762000','2026-03-22 00:00:43.799000',7)
COMMIT
INSERT INTO AGENT_MOVEMENT_RAW_LOG VALUES(1765,0.3347043606164927E0,'2026-03-22 00:00:29.865000','2026-03-22 00:00:43.799000',8)
COMMIT
INSERT INTO AGENT_MOVEMENT_RAW_LOG VALUES(1758,0.4147373458955401E0,'2026-03-22 00:00:38.699000','2026-03-22 00:00:48.899000',9)
COMMIT
INSERT INTO AGENT_MOVEMENT_RAW_LOG VALUES(1762,0.4480657371581875E0,'2026-03-22 00:00:38.699000','2026-03-22 00:00:50.187000',10)
COMMIT
INSERT INTO AGENT_MOVEMENT_RAW_LOG VALUES(1764,0.397210316881736E0,'2026-03-22 00:00:38.699000','2026-03-22 00:00:50.187000',11)
COMMIT
INSERT INTO AGENT_MOVEMENT_RAW_LOG VALUES(1759,0.5599333906928756E0,'2026-03-22 00:00:43.799000','2026-03-22 00:00:51.299000',12)
COMMIT
INSERT INTO AGENT_MOVEMENT_RAW_LOG VALUES(1760,1.0446823193080783E0,'2026-03-22 00:00:50.187000','2026-03-22 00:00:54.299000',13)
COMMIT
INSERT INTO AGENT_MOVEMENT_RAW_LOG VALUES(1761,0.5401353516496987E0,'2026-03-22 00:00:43.799000','2026-03-22 00:00:57.899000',14)
COMMIT
INSERT INTO AGENT_MOVEMENT_RAW_LOG VALUES(1763,0.39030028171968245E0,'2026-03-22 00:00:43.799000','2026-03-22 00:00:57.899000',15)
COMMIT
INSERT INTO AGENT_MOVEMENT_RAW_LOG VALUES(1765,0.45609832353897717E0,'2026-03-22 00:00:43.799000','2026-03-22 00:00:57.899000',16)
COMMIT
INSERT INTO AGENT_MOVEMENT_RAW_LOG VALUES(1758,0.41051252709297703E0,'2026-03-22 00:00:50.187000','2026-03-22 00:00:58.499000',17)
COMMIT
INSERT INTO FLOWCHART_ENTRIES_RAW_LOG VALUES(0,1758,242,'2026-03-22 00:00:58.499000')
COMMIT
INSERT INTO AGENT_MOVEMENT_RAW_LOG VALUES(1762,0.4637426997237855E0,'2026-03-22 00:00:50.187000','2026-03-22 00:00:59.099000',18)
COMMIT
INSERT INTO AGENT_MOVEMENT_RAW_LOG VALUES(1764,0.4617651606548197E0,'2026-03-22 00:00:50.187000','2026-03-22 00:00:59.099000',19)
COMMIT
INSERT INTO AGENT_MOVEMENT_RAW_LOG VALUES(1764,0.34974792602446264E0,'2026-03-22 00:00:59.099000','2026-03-22 00:01:00.299000',20)
COMMIT
INSERT INTO AGENT_MOVEMENT_RAW_LOG VALUES(1759,0.44779672386028474E0,'2026-03-22 00:00:53.086000','2026-03-22 00:01:00.599000',21)
COMMIT
INSERT INTO FLOWCHART_ENTRIES_RAW_LOG VALUES(1,1759,242,'2026-03-22 00:01:00.599000')
COMMIT
INSERT INTO AGENT_MOVEMENT_RAW_LOG VALUES(1760,0.5501071552588652E0,'2026-03-22 00:00:55.611000','2026-03-22 00:01:01.799000',22)
COMMIT
INSERT INTO FLOWCHART_ENTRIES_RAW_LOG VALUES(2,1760,242,'2026-03-22 00:01:01.799000')
COMMIT
INSERT INTO AGENT_MOVEMENT_RAW_LOG VALUES(1765,0.5180043220838207E0,'2026-03-22 00:00:57.899000','2026-03-22 00:01:04.199000',23)
COMMIT
INSERT INTO AGENT_MOVEMENT_RAW_LOG VALUES(1763,0.35330710448433017E0,'2026-03-22 00:00:57.899000','2026-03-22 00:01:04.199000',24)
COMMIT
INSERT INTO AGENT_MOVEMENT_RAW_LOG VALUES(1761,0.5168493948145467E0,'2026-03-22 00:00:57.899000','2026-03-22 00:01:05.999000',25)
COMMIT
INSERT INTO AGENT_MOVEMENT_RAW_LOG VALUES(1763,0.4068145513243109E0,'2026-03-22 00:01:04.199000','2026-03-22 00:01:05.999000',26)
COMMIT
INSERT INTO AGENT_MOVEMENT_RAW_LOG VALUES(1762,0.44762130278706996E0,'2026-03-22 00:00:59.099000','2026-03-22 00:01:08.399000',27)
COMMIT
INSERT INTO AGENT_MOVEMENT_RAW_LOG VALUES(1765,0.5495209273021754E0,'2026-03-22 00:01:07.086000','2026-03-22 00:01:12.899000',28)
COMMIT
INSERT INTO AGENT_MOVEMENT_RAW_LOG VALUES(1764,1.0867754711919277E0,'2026-03-22 00:01:09.261000','2026-03-22 00:01:13.199000',29)
COMMIT
INSERT INTO AGENT_MOVEMENT_RAW_LOG VALUES(1761,0.4620913361449787E0,'2026-03-22 00:01:07.086000','2026-03-22 00:01:14.999000',30)
COMMIT
INSERT INTO FLOWCHART_ENTRIES_RAW_LOG VALUES(3,1761,242,'2026-03-22 00:01:14.999000')
COMMIT
INSERT INTO AGENT_MOVEMENT_RAW_LOG VALUES(1763,0.5511799515464929E0,'2026-03-22 00:01:13.962000','2026-03-22 00:01:19.799000',31)
COMMIT
INSERT INTO AGENT_MOVEMENT_RAW_LOG VALUES(1764,0.9551994933573509E0,'2026-03-22 00:01:14.729000','2026-03-22 00:01:21.299000',32)
COMMIT
INSERT INTO FLOWCHART_ENTRIES_RAW_LOG VALUES(4,1764,242,'2026-03-22 00:01:21.299000')
COMMIT
INSERT INTO AGENT_MOVEMENT_RAW_LOG VALUES(1762,0.45787048624712684E0,'2026-03-22 00:01:09.261000','2026-03-22 00:01:22.499000',33)
COMMIT
INSERT INTO FLOWCHART_ENTRIES_RAW_LOG VALUES(5,1762,242,'2026-03-22 00:01:22.499000')
COMMIT
INSERT INTO AGENT_MOVEMENT_RAW_LOG VALUES(1760,0.8331802290355801E0,'2026-03-22 00:01:01.799000','2026-03-22 00:01:24.299000',34)
COMMIT
INSERT INTO AGENT_MOVEMENT_RAW_LOG VALUES(1760,0.19610572232143203E0,'2026-03-22 00:01:24.299000','2026-03-22 00:01:27.899000',35)
COMMIT
INSERT INTO AGENT_MOVEMENT_RAW_LOG VALUES(1765,0.4187376330027161E0,'2026-03-22 00:01:13.962000','2026-03-22 00:01:27.899000',36)
COMMIT
INSERT INTO FLOWCHART_ENTRIES_RAW_LOG VALUES(6,1765,242,'2026-03-22 00:01:27.899000')
COMMIT
INSERT INTO AGENT_MOVEMENT_RAW_LOG VALUES(1760,0.0017411159012747505E0,'2026-03-22 00:01:27.899000','2026-03-22 00:01:31.199000',37)
COMMIT
INSERT INTO AGENT_MOVEMENT_RAW_LOG VALUES(1763,0.5603850278728663E0,'2026-03-22 00:01:20.799000','2026-03-22 00:01:32.699000',38)
COMMIT
INSERT INTO FLOWCHART_ENTRIES_RAW_LOG VALUES(7,1763,242,'2026-03-22 00:01:32.699000')
COMMIT
INSERT INTO AGENT_MOVEMENT_RAW_LOG VALUES(1760,0.460644819288594E0,'2026-03-22 00:01:31.199000','2026-03-22 00:01:34.799000',39)
COMMIT
INSERT INTO AGENT_MOVEMENT_RAW_LOG VALUES(1760,0.49657219482267384E0,'2026-03-22 00:01:34.799000','2026-03-22 00:01:38.399000',40)
COMMIT
INSERT INTO AGENT_MOVEMENT_RAW_LOG VALUES(1758,0.4251526165784346E0,'2026-03-22 00:00:58.499000','2026-03-22 00:01:40.199000',41)
COMMIT
INSERT INTO AGENT_MOVEMENT_RAW_LOG VALUES(1759,0.44268457291661617E0,'2026-03-22 00:01:00.599000','2026-03-22 00:01:41.099000',42)
COMMIT
INSERT INTO AGENT_MOVEMENT_RAW_LOG VALUES(1760,0.5577648914003236E0,'2026-03-22 00:01:38.399000','2026-03-22 00:01:41.999000',43)
COMMIT
INSERT INTO AGENT_MOVEMENT_RAW_LOG VALUES(1758,0.22323634441674148E0,'2026-03-22 00:01:40.199000','2026-03-22 00:01:43.799000',44)
COMMIT
INSERT INTO AGENT_MOVEMENT_RAW_LOG VALUES(1759,0.39383062063504887E0,'2026-03-22 00:01:41.099000','2026-03-22 00:01:44.699000',45)
COMMIT
INSERT INTO AGENT_MOVEMENT_RAW_LOG VALUES(1760,0.5917948315361817E0,'2026-03-22 00:01:41.999000','2026-03-22 00:01:45.599000',46)
COMMIT
INSERT INTO AGENT_MOVEMENT_RAW_LOG VALUES(1758,0.02038896017217556E0,'2026-03-22 00:01:43.799000','2026-03-22 00:01:47.099000',47)
COMMIT
INSERT INTO AGENT_MOVEMENT_RAW_LOG VALUES(1759,0.03641334696305831E0,'2026-03-22 00:01:44.699000','2026-03-22 00:01:47.999000',48)
COMMIT
INSERT INTO AGENT_MOVEMENT_RAW_LOG VALUES(1761,0.50564017583709E0,'2026-03-22 00:01:14.999000','2026-03-22 00:01:48.899000',49)
COMMIT
INSERT INTO AGENT_MOVEMENT_RAW_LOG VALUES(1760,0.5975474823937174E0,'2026-03-22 00:01:45.599000','2026-03-22 00:01:49.199000',50)
COMMIT
INSERT INTO AGENT_MOVEMENT_RAW_LOG VALUES(1758,0.45050761115825977E0,'2026-03-22 00:01:47.099000','2026-03-22 00:01:50.699000',51)
COMMIT
INSERT INTO AGENTS_RAW_LOG VALUES(1766,19,'<population>[87]','2026-03-22 00:01:50.752000',206)
COMMIT
DELETE FROM AGENTS_RAW_LOG WHERE ID=1766
INSERT INTO AGENTS_RAW_LOG VALUES(1766,19,'root.<population>[87]','2026-03-22 00:01:50.752000',206)
COMMIT
INSERT INTO AGENTS_RAW_LOG VALUES(1767,19,'<population>[88]','2026-03-22 00:01:51.328000',207)
COMMIT
DELETE FROM AGENTS_RAW_LOG WHERE ID=1767
INSERT INTO AGENTS_RAW_LOG VALUES(1767,19,'root.<population>[88]','2026-03-22 00:01:51.328000',207)
COMMIT
INSERT INTO AGENTS_RAW_LOG VALUES(1768,19,'<population>[89]','2026-03-22 00:01:51.393000',208)
COMMIT
DELETE FROM AGENTS_RAW_LOG WHERE ID=1768
INSERT INTO AGENTS_RAW_LOG VALUES(1768,19,'root.<population>[89]','2026-03-22 00:01:51.393000',208)
COMMIT
INSERT INTO AGENT_MOVEMENT_RAW_LOG VALUES(1759,0.6315076971652732E0,'2026-03-22 00:01:47.999000','2026-03-22 00:01:51.599000',52)
COMMIT
INSERT INTO AGENTS_RAW_LOG VALUES(1769,19,'<population>[90]','2026-03-22 00:01:52.086000',209)
COMMIT
DELETE FROM AGENTS_RAW_LOG WHERE ID=1769
INSERT INTO AGENTS_RAW_LOG VALUES(1769,19,'root.<population>[90]','2026-03-22 00:01:52.086000',209)
COMMIT
INSERT INTO AGENT_MOVEMENT_RAW_LOG VALUES(1761,0.026694363842731498E0,'2026-03-22 00:01:48.899000','2026-03-22 00:01:52.199000',53)
COMMIT
INSERT INTO AGENT_MOVEMENT_RAW_LOG VALUES(1760,0.6321440387795155E0,'2026-03-22 00:01:49.199000','2026-03-22 00:01:52.799000',54)
COMMIT
INSERT INTO AGENT_MOVEMENT_RAW_LOG VALUES(1758,0.42086170781014864E0,'2026-03-22 00:01:50.699000','2026-03-22 00:01:54.299000',55)
COMMIT
INSERT INTO AGENT_MOVEMENT_RAW_LOG VALUES(1759,0.6512818770643312E0,'2026-03-22 00:01:51.599000','2026-03-22 00:01:55.199000',56)
COMMIT
INSERT INTO AGENT_MOVEMENT_RAW_LOG VALUES(1761,0.04341254660203612E0,'2026-03-22 00:01:52.199000','2026-03-22 00:01:55.499000',57)
COMMIT
INSERT INTO AGENT_MOVEMENT_RAW_LOG VALUES(1760,0.6214472197461932E0,'2026-03-22 00:01:52.799000','2026-03-22 00:01:56.399000',58)
COMMIT
INSERT INTO AGENT_MOVEMENT_RAW_LOG VALUES(1758,0.41792781239739507E0,'2026-03-22 00:01:54.299000','2026-03-22 00:01:57.899000',59)
COMMIT
INSERT INTO AGENT_MOVEMENT_RAW_LOG VALUES(1759,0.6795892881593826E0,'2026-03-22 00:01:55.199000','2026-03-22 00:01:58.799000',60)
COMMIT
INSERT INTO AGENT_MOVEMENT_RAW_LOG VALUES(1760,0.605159230031951E0,'2026-03-22 00:01:56.399000','2026-03-22 00:01:59.999000',61)
COMMIT
INSERT INTO AGENT_MOVEMENT_RAW_LOG VALUES(1758,0.41899852812956884E0,'2026-03-22 00:01:57.899000','2026-03-22 00:02:01.499000',62)
COMMIT
INSERT INTO AGENT_MOVEMENT_RAW_LOG VALUES(1761,0.4580136823739101E0,'2026-03-22 00:01:55.499000','2026-03-22 00:02:01.499000',63)
COMMIT
INSERT INTO AGENT_MOVEMENT_RAW_LOG VALUES(1759,0.6903015602089233E0,'2026-03-22 00:01:58.799000','2026-03-22 00:02:02.399000',64)
COMMIT
INSERT INTO AGENT_MOVEMENT_RAW_LOG VALUES(1760,0.6153662605398792E0,'2026-03-22 00:01:59.999000','2026-03-22 00:02:03.599000',65)
COMMIT
INSERT INTO AGENT_MOVEMENT_RAW_LOG VALUES(1758,0.42020526507302447E0,'2026-03-22 00:02:01.499000','2026-03-22 00:02:05.099000',66)
COMMIT
INSERT INTO AGENT_MOVEMENT_RAW_LOG VALUES(1761,0.6442253733311614E0,'2026-03-22 00:02:01.499000','2026-03-22 00:02:05.399000',67)
COMMIT
INSERT INTO AGENT_MOVEMENT_RAW_LOG VALUES(1759,0.6063964790807002E0,'2026-03-22 00:02:02.399000','2026-03-22 00:02:05.999000',68)
COMMIT
INSERT INTO AGENT_MOVEMENT_RAW_LOG VALUES(1760,0.6231156552608613E0,'2026-03-22 00:02:03.599000','2026-03-22 00:02:07.199000',69)
COMMIT
INSERT INTO AGENT_MOVEMENT_RAW_LOG VALUES(1758,0.42145823614988615E0,'2026-03-22 00:02:05.099000','2026-03-22 00:02:08.699000',70)
COMMIT
INSERT INTO AGENT_MOVEMENT_RAW_LOG VALUES(1761,0.7047168154724276E0,'2026-03-22 00:02:05.399000','2026-03-22 00:02:08.699000',71)
COMMIT
INSERT INTO AGENT_MOVEMENT_RAW_LOG VALUES(1764,0.4355958626084085E0,'2026-03-22 00:01:21.299000','2026-03-22 00:02:08.999000',72)
COMMIT
INSERT INTO AGENT_MOVEMENT_RAW_LOG VALUES(1759,0.5938242332189078E0,'2026-03-22 00:02:05.999000','2026-03-22 00:02:09.299000',73)
COMMIT
INSERT INTO AGENT_MOVEMENT_RAW_LOG VALUES(1760,0.6280694553740126E0,'2026-03-22 00:02:07.199000','2026-03-22 00:02:10.499000',74)
COMMIT
INSERT INTO AGENT_MOVEMENT_RAW_LOG VALUES(1762,0.4327150375238635E0,'2026-03-22 00:01:22.499000','2026-03-22 00:02:10.799000',75)
COMMIT
INSERT INTO AGENT_MOVEMENT_RAW_LOG VALUES(1768,0.4983859171093196E0,'2026-03-22 00:01:51.393000','2026-03-22 00:02:11.099000',76)
COMMIT
INSERT INTO AGENT_MOVEMENT_RAW_LOG VALUES(1767,0.4513441732265007E0,'2026-03-22 00:01:51.328000','2026-03-22 00:02:11.099000',77)
COMMIT
INSERT INTO AGENT_MOVEMENT_RAW_LOG VALUES(1763,0.5170536308355212E0,'2026-03-22 00:01:32.699000','2026-03-22 00:02:11.399000',78)
COMMIT
INSERT INTO AGENT_MOVEMENT_RAW_LOG VALUES(1758,0.4496908926888172E0,'2026-03-22 00:02:08.699000','2026-03-22 00:02:11.999000',79)
COMMIT
INSERT INTO AGENT_MOVEMENT_RAW_LOG VALUES(1761,0.6905812601038965E0,'2026-03-22 00:02:08.699000','2026-03-22 00:02:11.999000',80)
COMMIT
INSERT INTO AGENT_MOVEMENT_RAW_LOG VALUES(1764,0.19980052385325886E0,'2026-03-22 00:02:08.999000','2026-03-22 00:02:11.999000',81)
COMMIT
INSERT INTO AGENT_MOVEMENT_RAW_LOG VALUES(1759,0.5898523027408432E0,'2026-03-22 00:02:09.299000','2026-03-22 00:02:12.599000',82)
COMMIT
INSERT INTO AGENT_MOVEMENT_RAW_LOG VALUES(1765,0.45867907375890254E0,'2026-03-22 00:01:27.899000','2026-03-22 00:02:12.599000',83)
COMMIT
INSERT INTO AGENT_MOVEMENT_RAW_LOG VALUES(1767,0.6877016822805141E0,'2026-03-22 00:02:11.099000','2026-03-22 00:02:13.199000',84)
COMMIT
INSERT INTO AGENT_MOVEMENT_RAW_LOG VALUES(1766,0.5274772842015979E0,'2026-03-22 00:01:50.752000','2026-03-22 00:02:14.099000',85)
COMMIT
INSERT INTO AGENT_MOVEMENT_RAW_LOG VALUES(1769,0.5572040365556576E0,'2026-03-22 00:01:52.086000','2026-03-22 00:02:14.099000',86)
COMMIT
INSERT INTO AGENT_MOVEMENT_RAW_LOG VALUES(1759,0.6274835548765797E0,'2026-03-22 00:02:12.599000','2026-03-22 00:02:15.899000',87)
COMMIT
INSERT INTO AGENT_MOVEMENT_RAW_LOG VALUES(1765,0.5491172552091363E0,'2026-03-22 00:02:12.599000','2026-03-22 00:02:16.199000',88)
COMMIT
INSERT INTO AGENT_MOVEMENT_RAW_LOG VALUES(1768,0.8131040013316186E0,'2026-03-22 00:02:11.099000','2026-03-22 00:02:16.499000',89)
COMMIT
INSERT INTO AGENT_MOVEMENT_RAW_LOG VALUES(1769,0.10953446345103514E0,'2026-03-22 00:02:14.099000','2026-03-22 00:02:16.799000',90)
COMMIT
INSERT INTO AGENT_MOVEMENT_RAW_LOG VALUES(1759,0.6554017096158749E0,'2026-03-22 00:02:15.899000','2026-03-22 00:02:19.199000',91)
COMMIT
INSERT INTO AGENT_MOVEMENT_RAW_LOG VALUES(1765,0.06959446470785398E0,'2026-03-22 00:02:16.199000','2026-03-22 00:02:19.199000',92)
COMMIT
INSERT INTO AGENT_MOVEMENT_RAW_LOG VALUES(1759,0.6186575309759781E0,'2026-03-22 00:02:19.199000','2026-03-22 00:02:22.499000',93)
COMMIT
INSERT INTO AGENT_MOVEMENT_RAW_LOG VALUES(1765,0.5416300656410752E0,'2026-03-22 00:02:19.199000','2026-03-22 00:02:22.499000',94)
COMMIT
INSERT INTO AGENT_MOVEMENT_RAW_LOG VALUES(1766,0.49908489933682615E0,'2026-03-22 00:02:14.099000','2026-03-22 00:02:22.499000',95)
COMMIT
INSERT INTO AGENT_MOVEMENT_RAW_LOG VALUES(1767,1.031929446719977E0,'2026-03-22 00:02:18.170000','2026-03-22 00:02:22.499000',96)
COMMIT
INSERT INTO AGENT_MOVEMENT_RAW_LOG VALUES(1761,0.2011052993522003E0,'2026-03-22 00:02:11.999000','2026-03-22 00:02:23.999000',97)
COMMIT
INSERT INTO AGENT_MOVEMENT_RAW_LOG VALUES(1759,0.5452048766102714E0,'2026-03-22 00:02:22.499000','2026-03-22 00:02:25.799000',98)
COMMIT
INSERT INTO AGENT_MOVEMENT_RAW_LOG VALUES(1765,0.5636117725915838E0,'2026-03-22 00:02:22.499000','2026-03-22 00:02:25.799000',99)
COMMIT
INSERT INTO AGENT_MOVEMENT_RAW_LOG VALUES(1764,0.4602309884105957E0,'2026-03-22 00:02:11.999000','2026-03-22 00:02:26.099000',100)
COMMIT
INSERT INTO AGENT_MOVEMENT_RAW_LOG VALUES(1763,0.19158238196045108E0,'2026-03-22 00:02:11.399000','2026-03-22 00:02:26.399000',101)
COMMIT
INSERT INTO AGENT_MOVEMENT_RAW_LOG VALUES(1769,0.9113706256938129E0,'2026-03-22 00:02:23.188000','2026-03-22 00:02:27.899000',102)
COMMIT
INSERT INTO AGENT_MOVEMENT_RAW_LOG VALUES(1759,0.5378015677046948E0,'2026-03-22 00:02:25.799000','2026-03-22 00:02:29.099000',103)
COMMIT
INSERT INTO AGENT_MOVEMENT_RAW_LOG VALUES(1765,0.6331143866740747E0,'2026-03-22 00:02:25.799000','2026-03-22 00:02:29.099000',104)
COMMIT
INSERT INTO AGENT_MOVEMENT_RAW_LOG VALUES(1764,0.5142971262551537E0,'2026-03-22 00:02:26.099000','2026-03-22 00:02:29.399000',105)
COMMIT
INSERT INTO AGENT_MOVEMENT_RAW_LOG VALUES(1761,0.5548260555587611E0,'2026-03-22 00:02:23.999000','2026-03-22 00:02:30.300000',106)
COMMIT
INSERT INTO AGENT_MOVEMENT_RAW_LOG VALUES(1759,0.5666670933226674E0,'2026-03-22 00:02:29.099000','2026-03-22 00:02:32.400000',107)
COMMIT
INSERT INTO AGENT_MOVEMENT_RAW_LOG VALUES(1765,0.6543761588347058E0,'2026-03-22 00:02:29.099000','2026-03-22 00:02:32.400000',108)
COMMIT
INSERT INTO AGENT_MOVEMENT_RAW_LOG VALUES(1764,0.49910360770573253E0,'2026-03-22 00:02:29.399000','2026-03-22 00:02:32.700000',109)
COMMIT
INSERT INTO AGENT_MOVEMENT_RAW_LOG VALUES(1768,0.6569453554366662E0,'2026-03-22 00:02:18.170000','2026-03-22 00:02:33.300000',110)
COMMIT
INSERT INTO FLOWCHART_ENTRIES_RAW_LOG VALUES(8,1768,242,'2026-03-22 00:02:33.300000')
COMMIT
INSERT INTO AGENTS_RAW_LOG VALUES(1770,19,'<population>[91]','2026-03-22 00:02:35.639000',210)
COMMIT
DELETE FROM AGENTS_RAW_LOG WHERE ID=1770
INSERT INTO AGENTS_RAW_LOG VALUES(1770,19,'root.<population>[91]','2026-03-22 00:02:35.639000',210)
COMMIT
INSERT INTO AGENT_MOVEMENT_RAW_LOG VALUES(1759,0.5594305704451135E0,'2026-03-22 00:02:32.400000','2026-03-22 00:02:35.700000',111)
COMMIT
INSERT INTO AGENT_MOVEMENT_RAW_LOG VALUES(1765,0.6456237521019085E0,'2026-03-22 00:02:32.400000','2026-03-22 00:02:35.700000',112)
COMMIT
INSERT INTO AGENT_MOVEMENT_RAW_LOG VALUES(1764,0.4861537655957187E0,'2026-03-22 00:02:32.700000','2026-03-22 00:02:36.000000',113)
COMMIT
INSERT INTO AGENTS_RAW_LOG VALUES(1771,19,'<population>[92]','2026-03-22 00:02:36.365000',211)
COMMIT
DELETE FROM AGENTS_RAW_LOG WHERE ID=1771
INSERT INTO AGENTS_RAW_LOG VALUES(1771,19,'root.<population>[92]','2026-03-22 00:02:36.365000',211)
COMMIT
INSERT INTO AGENTS_RAW_LOG VALUES(1772,19,'<population>[93]','2026-03-22 00:02:36.733000',212)
COMMIT
DELETE FROM AGENTS_RAW_LOG WHERE ID=1772
INSERT INTO AGENTS_RAW_LOG VALUES(1772,19,'root.<population>[93]','2026-03-22 00:02:36.733000',212)
COMMIT
INSERT INTO AGENTS_RAW_LOG VALUES(1773,19,'<population>[94]','2026-03-22 00:02:37.482000',213)
COMMIT
DELETE FROM AGENTS_RAW_LOG WHERE ID=1773
INSERT INTO AGENTS_RAW_LOG VALUES(1773,19,'root.<population>[94]','2026-03-22 00:02:37.482000',213)
COMMIT
INSERT INTO AGENTS_RAW_LOG VALUES(1774,19,'<population>[95]','2026-03-22 00:02:37.653000',214)
COMMIT
DELETE FROM AGENTS_RAW_LOG WHERE ID=1774
INSERT INTO AGENTS_RAW_LOG VALUES(1774,19,'root.<population>[95]','2026-03-22 00:02:37.653000',214)
COMMIT
INSERT INTO AGENTS_RAW_LOG VALUES(1775,19,'<population>[96]','2026-03-22 00:02:37.766000',215)
COMMIT
DELETE FROM AGENTS_RAW_LOG WHERE ID=1775
INSERT INTO AGENTS_RAW_LOG VALUES(1775,19,'root.<population>[96]','2026-03-22 00:02:37.766000',215)
COMMIT
INSERT INTO AGENT_MOVEMENT_RAW_LOG VALUES(1766,0.6269601976054229E0,'2026-03-22 00:02:23.188000','2026-03-22 00:02:37.800000',114)
COMMIT
INSERT INTO FLOWCHART_ENTRIES_RAW_LOG VALUES(9,1766,242,'2026-03-22 00:02:37.800000')
COMMIT
INSERT INTO AGENT_MOVEMENT_RAW_LOG VALUES(1759,0.5712430346281236E0,'2026-03-22 00:02:35.700000','2026-03-22 00:02:39.000000',115)
COMMIT
INSERT INTO AGENT_MOVEMENT_RAW_LOG VALUES(1765,0.6826467132051257E0,'2026-03-22 00:02:35.700000','2026-03-22 00:02:39.000000',116)
COMMIT
INSERT INTO AGENT_MOVEMENT_RAW_LOG VALUES(1764,0.5412650227624611E0,'2026-03-22 00:02:36.000000','2026-03-22 00:02:39.300000',117)
COMMIT
INSERT INTO AGENT_MOVEMENT_RAW_LOG VALUES(1767,0.6162208325391484E0,'2026-03-22 00:02:23.850000','2026-03-22 00:02:39.600000',118)
COMMIT
INSERT INTO FLOWCHART_ENTRIES_RAW_LOG VALUES(10,1767,242,'2026-03-22 00:02:39.600000')
COMMIT
INSERT INTO AGENT_MOVEMENT_RAW_LOG VALUES(1769,0.8318184436535565E0,'2026-03-22 00:02:29.091000','2026-03-22 00:02:40.500000',119)
COMMIT
INSERT INTO FLOWCHART_ENTRIES_RAW_LOG VALUES(11,1769,242,'2026-03-22 00:02:40.500000')
COMMIT
INSERT INTO AGENT_MOVEMENT_RAW_LOG VALUES(1759,0.5258053141283707E0,'2026-03-22 00:02:39.000000','2026-03-22 00:02:42.300000',120)
COMMIT
INSERT INTO AGENT_MOVEMENT_RAW_LOG VALUES(1765,0.6254826451197074E0,'2026-03-22 00:02:39.000000','2026-03-22 00:02:42.300000',121)
COMMIT
INSERT INTO AGENT_MOVEMENT_RAW_LOG VALUES(1764,0.5096327424920559E0,'2026-03-22 00:02:39.300000','2026-03-22 00:02:42.600000',122)
COMMIT
INSERT INTO AGENT_MOVEMENT_RAW_LOG VALUES(1759,0.5333985336860124E0,'2026-03-22 00:02:42.300000','2026-03-22 00:02:45.600000',123)
COMMIT
INSERT INTO AGENT_MOVEMENT_RAW_LOG VALUES(1765,0.6711410671303298E0,'2026-03-22 00:02:42.300000','2026-03-22 00:02:45.600000',124)
COMMIT
INSERT INTO AGENT_MOVEMENT_RAW_LOG VALUES(1764,0.4775233424843757E0,'2026-03-22 00:02:42.600000','2026-03-22 00:02:45.900000',125)
COMMIT
INSERT INTO AGENT_MOVEMENT_RAW_LOG VALUES(1759,0.5102773196340559E0,'2026-03-22 00:02:45.600000','2026-03-22 00:02:48.900000',126)
COMMIT
INSERT INTO AGENT_MOVEMENT_RAW_LOG VALUES(1765,0.6497090863851163E0,'2026-03-22 00:02:45.600000','2026-03-22 00:02:48.900000',127)
COMMIT
INSERT INTO AGENT_MOVEMENT_RAW_LOG VALUES(1764,0.48513601760945574E0,'2026-03-22 00:02:45.900000','2026-03-22 00:02:49.200000',128)
COMMIT
INSERT INTO AGENT_MOVEMENT_RAW_LOG VALUES(1759,0.551908241252909E0,'2026-03-22 00:02:48.900000','2026-03-22 00:02:52.200000',129)
COMMIT
INSERT INTO AGENT_MOVEMENT_RAW_LOG VALUES(1765,0.6535321872267328E0,'2026-03-22 00:02:48.900000','2026-03-22 00:02:52.200000',130)
COMMIT
INSERT INTO AGENT_MOVEMENT_RAW_LOG VALUES(1764,0.4529072602861968E0,'2026-03-22 00:02:49.200000','2026-03-22 00:02:52.500000',131)
COMMIT
INSERT INTO AGENT_MOVEMENT_RAW_LOG VALUES(1770,0.5372039074374987E0,'2026-03-22 00:02:35.639000','2026-03-22 00:02:53.700000',132)
COMMIT
INSERT INTO AGENT_MOVEMENT_RAW_LOG VALUES(1772,0.5070763049211757E0,'2026-03-22 00:02:36.733000','2026-03-22 00:02:53.700000',133)
COMMIT
INSERT INTO AGENT_MOVEMENT_RAW_LOG VALUES(1774,0.5692685327023365E0,'2026-03-22 00:02:37.653000','2026-03-22 00:02:53.700000',134)
COMMIT
INSERT INTO AGENT_MOVEMENT_RAW_LOG VALUES(1774,0.4472826526947748E0,'2026-03-22 00:02:53.700000','2026-03-22 00:02:54.900000',135)
COMMIT
INSERT INTO AGENT_MOVEMENT_RAW_LOG VALUES(1772,0.3382672307906973E0,'2026-03-22 00:02:53.700000','2026-03-22 00:02:54.900000',136)
COMMIT
INSERT INTO AGENT_MOVEMENT_RAW_LOG VALUES(1759,0.5551879524203008E0,'2026-03-22 00:02:52.200000','2026-03-22 00:02:55.500000',137)
COMMIT
INSERT INTO AGENT_MOVEMENT_RAW_LOG VALUES(1760,0.7972516285789376E0,'2026-03-22 00:02:10.499000','2026-03-22 00:02:55.500000',138)
COMMIT
INSERT INTO AGENT_MOVEMENT_RAW_LOG VALUES(1765,0.6202588533010926E0,'2026-03-22 00:02:52.200000','2026-03-22 00:02:55.500000',139)
COMMIT
INSERT INTO AGENT_MOVEMENT_RAW_LOG VALUES(1764,0.46585794310008133E0,'2026-03-22 00:02:52.500000','2026-03-22 00:02:55.800000',140)
COMMIT
INSERT INTO AGENT_MOVEMENT_RAW_LOG VALUES(1771,0.5677949875556405E0,'2026-03-22 00:02:36.365000','2026-03-22 00:02:57.900000',141)
COMMIT
INSERT INTO AGENT_MOVEMENT_RAW_LOG VALUES(1773,0.5142241162982464E0,'2026-03-22 00:02:37.482000','2026-03-22 00:02:57.900000',142)
COMMIT
INSERT INTO AGENT_MOVEMENT_RAW_LOG VALUES(1775,0.5931529089956471E0,'2026-03-22 00:02:37.766000','2026-03-22 00:02:57.900000',143)
COMMIT
INSERT INTO AGENT_MOVEMENT_RAW_LOG VALUES(1772,0.24457605232871274E0,'2026-03-22 00:02:54.900000','2026-03-22 00:02:58.200000',144)
COMMIT
INSERT INTO AGENT_MOVEMENT_RAW_LOG VALUES(1759,0.5956944827245902E0,'2026-03-22 00:02:55.500000','2026-03-22 00:02:58.800000',145)
COMMIT
INSERT INTO AGENT_MOVEMENT_RAW_LOG VALUES(1760,0.1448877209414458E0,'2026-03-22 00:02:55.500000','2026-03-22 00:02:58.800000',146)
COMMIT
INSERT INTO AGENT_MOVEMENT_RAW_LOG VALUES(1765,0.6330771745892574E0,'2026-03-22 00:02:55.500000','2026-03-22 00:02:58.800000',147)
COMMIT
INSERT INTO AGENT_MOVEMENT_RAW_LOG VALUES(1775,0.42313109788029574E0,'2026-03-22 00:02:57.900000','2026-03-22 00:02:58.800000',148)
COMMIT
INSERT INTO AGENT_MOVEMENT_RAW_LOG VALUES(1773,0.42901816907707147E0,'2026-03-22 00:02:57.900000','2026-03-22 00:02:58.800000',149)
COMMIT
INSERT INTO AGENT_MOVEMENT_RAW_LOG VALUES(1764,0.43616117545828526E0,'2026-03-22 00:02:55.800000','2026-03-22 00:02:59.100000',150)
COMMIT
INSERT INTO AGENT_MOVEMENT_RAW_LOG VALUES(1773,0.6526679064341704E0,'2026-03-22 00:02:58.800000','2026-03-22 00:03:00.300000',151)
COMMIT
INSERT INTO AGENT_MOVEMENT_RAW_LOG VALUES(1759,0.5672454759201844E0,'2026-03-22 00:02:58.800000','2026-03-22 00:03:02.100000',152)
COMMIT
INSERT INTO AGENT_MOVEMENT_RAW_LOG VALUES(1760,0.12352756579658958E0,'2026-03-22 00:02:58.800000','2026-03-22 00:03:02.100000',153)
COMMIT
INSERT INTO AGENT_MOVEMENT_RAW_LOG VALUES(1765,0.6178327945346783E0,'2026-03-22 00:02:58.800000','2026-03-22 00:03:02.100000',154)
COMMIT
INSERT INTO AGENT_MOVEMENT_RAW_LOG VALUES(1770,0.5021195104622184E0,'2026-03-22 00:02:53.700000','2026-03-22 00:03:02.400000',155)
COMMIT
INSERT INTO AGENT_MOVEMENT_RAW_LOG VALUES(1764,0.68186686361989E0,'2026-03-22 00:02:59.100000','2026-03-22 00:03:03.000000',156)
COMMIT
INSERT INTO AGENT_MOVEMENT_RAW_LOG VALUES(1771,0.6787498628611557E0,'2026-03-22 00:02:57.900000','2026-03-22 00:03:03.900000',157)
COMMIT
INSERT INTO AGENT_MOVEMENT_RAW_LOG VALUES(1759,0.5717774277219009E0,'2026-03-22 00:03:02.100000','2026-03-22 00:03:05.400000',158)
COMMIT
INSERT INTO AGENT_MOVEMENT_RAW_LOG VALUES(1760,0.10216831124054113E0,'2026-03-22 00:03:02.100000','2026-03-22 00:03:05.400000',159)
COMMIT
INSERT INTO AGENT_MOVEMENT_RAW_LOG VALUES(1765,0.6254350831858354E0,'2026-03-22 00:03:02.100000','2026-03-22 00:03:05.400000',160)
COMMIT
INSERT INTO AGENT_MOVEMENT_RAW_LOG VALUES(1764,0.43537578817598815E0,'2026-03-22 00:03:03.000000','2026-03-22 00:03:06.300000',161)
COMMIT
INSERT INTO AGENT_MOVEMENT_RAW_LOG VALUES(1774,1.1678743789439745E0,'2026-03-22 00:03:03.228000','2026-03-22 00:03:06.900000',162)
COMMIT
INSERT INTO AGENT_MOVEMENT_RAW_LOG VALUES(1759,0.5374772184923643E0,'2026-03-22 00:03:05.400000','2026-03-22 00:03:08.700000',163)
COMMIT
INSERT INTO AGENT_MOVEMENT_RAW_LOG VALUES(1760,0.12880908133163504E0,'2026-03-22 00:03:05.400000','2026-03-22 00:03:08.700000',164)
COMMIT
INSERT INTO AGENT_MOVEMENT_RAW_LOG VALUES(1765,0.6084688023217377E0,'2026-03-22 00:03:05.400000','2026-03-22 00:03:08.700000',165)
COMMIT
INSERT INTO AGENT_MOVEMENT_RAW_LOG VALUES(1775,1.0111659085298288E0,'2026-03-22 00:03:04.870000','2026-03-22 00:03:09.000000',166)
COMMIT
INSERT INTO AGENT_MOVEMENT_RAW_LOG VALUES(1764,0.4868175244249782E0,'2026-03-22 00:03:06.300000','2026-03-22 00:03:09.600000',167)
COMMIT
INSERT INTO AGENTS_RAW_LOG VALUES(1776,19,'<population>[97]','2026-03-22 00:03:11.831000',216)
COMMIT
DELETE FROM AGENTS_RAW_LOG WHERE ID=1776
INSERT INTO AGENTS_RAW_LOG VALUES(1776,19,'root.<population>[97]','2026-03-22 00:03:11.831000',216)
COMMIT
INSERT INTO AGENT_MOVEMENT_RAW_LOG VALUES(1759,0.5647688296873083E0,'2026-03-22 00:03:08.700000','2026-03-22 00:03:12.000000',168)
COMMIT
INSERT INTO AGENT_MOVEMENT_RAW_LOG VALUES(1760,0.10744985261063773E0,'2026-03-22 00:03:08.700000','2026-03-22 00:03:12.000000',169)
COMMIT
INSERT INTO AGENT_MOVEMENT_RAW_LOG VALUES(1765,0.6321345663131483E0,'2026-03-22 00:03:08.700000','2026-03-22 00:03:12.000000',170)
COMMIT
INSERT INTO AGENTS_RAW_LOG VALUES(1777,19,'<population>[98]','2026-03-22 00:03:12.329000',217)
COMMIT
DELETE FROM AGENTS_RAW_LOG WHERE ID=1777
INSERT INTO AGENTS_RAW_LOG VALUES(1777,19,'root.<population>[98]','2026-03-22 00:03:12.329000',217)
COMMIT
INSERT INTO AGENT_MOVEMENT_RAW_LOG VALUES(1772,0.9172880061930462E0,'2026-03-22 00:03:08.374000','2026-03-22 00:03:13.200000',171)
COMMIT
INSERT INTO AGENTS_RAW_LOG VALUES(1778,19,'<population>[99]','2026-03-22 00:03:14.066000',218)
COMMIT
DELETE FROM AGENTS_RAW_LOG WHERE ID=1778
INSERT INTO AGENTS_RAW_LOG VALUES(1778,19,'root.<population>[99]','2026-03-22 00:03:14.066000',218)
COMMIT
INSERT INTO AGENTS_RAW_LOG VALUES(1779,19,'<population>[100]','2026-03-22 00:03:14.143000',219)
COMMIT
DELETE FROM AGENTS_RAW_LOG WHERE ID=1779
INSERT INTO AGENTS_RAW_LOG VALUES(1779,19,'root.<population>[100]','2026-03-22 00:03:14.143000',219)
COMMIT
INSERT INTO AGENT_MOVEMENT_RAW_LOG VALUES(1773,0.8903726802435206E0,'2026-03-22 00:03:10.207000','2026-03-22 00:03:14.700000',172)
COMMIT
INSERT INTO AGENT_MOVEMENT_RAW_LOG VALUES(1764,0.5027418711607653E0,'2026-03-22 00:03:09.600000','2026-03-22 00:03:15.000000',173)
COMMIT
INSERT INTO AGENT_MOVEMENT_RAW_LOG VALUES(1774,1.0092234878812085E0,'2026-03-22 00:03:08.374000','2026-03-22 00:03:15.000000',174)
COMMIT
INSERT INTO FLOWCHART_ENTRIES_RAW_LOG VALUES(12,1774,NULL,'2026-03-22 00:03:15.000000')
COMMIT
INSERT INTO DESTROYED_AGENTS_RAW_LOG VALUES(1774,'2026-03-22 00:03:15.000000',0)
COMMIT
INSERT INTO AGENT_MOVEMENT_RAW_LOG VALUES(1759,0.5670464149328074E0,'2026-03-22 00:03:12.000000','2026-03-22 00:03:15.300000',175)
COMMIT
INSERT INTO AGENT_MOVEMENT_RAW_LOG VALUES(1760,0.13409062402691455E0,'2026-03-22 00:03:12.000000','2026-03-22 00:03:15.300000',176)
COMMIT
INSERT INTO AGENT_MOVEMENT_RAW_LOG VALUES(1765,0.6167482542129562E0,'2026-03-22 00:03:12.000000','2026-03-22 00:03:15.300000',177)
COMMIT
INSERT INTO AGENT_MOVEMENT_RAW_LOG VALUES(1770,0.5108170224263495E0,'2026-03-22 00:03:03.228000','2026-03-22 00:03:15.600000',178)
COMMIT
INSERT INTO FLOWCHART_ENTRIES_RAW_LOG VALUES(13,1770,NULL,'2026-03-22 00:03:15.600000')
COMMIT
INSERT INTO DESTROYED_AGENTS_RAW_LOG VALUES(1770,'2026-03-22 00:03:15.600000',1)
COMMIT
INSERT INTO AGENT_MOVEMENT_RAW_LOG VALUES(1771,0.5221810970696132E0,'2026-03-22 00:03:04.870000','2026-03-22 00:03:17.400000',179)
COMMIT
INSERT INTO FLOWCHART_ENTRIES_RAW_LOG VALUES(14,1771,NULL,'2026-03-22 00:03:17.400000')
COMMIT
INSERT INTO DESTROYED_AGENTS_RAW_LOG VALUES(1771,'2026-03-22 00:03:17.400000',2)
COMMIT
INSERT INTO AGENT_MOVEMENT_RAW_LOG VALUES(1764,0.4660237852384892E0,'2026-03-22 00:03:15.000000','2026-03-22 00:03:18.300000',180)
COMMIT
INSERT INTO AGENT_MOVEMENT_RAW_LOG VALUES(1759,0.6012260970168807E0,'2026-03-22 00:03:15.300000','2026-03-22 00:03:18.600000',181)
COMMIT
INSERT INTO AGENT_MOVEMENT_RAW_LOG VALUES(1760,0.11273139545215663E0,'2026-03-22 00:03:15.300000','2026-03-22 00:03:18.600000',182)
COMMIT
INSERT INTO AGENT_MOVEMENT_RAW_LOG VALUES(1765,0.6248300044060711E0,'2026-03-22 00:03:15.300000','2026-03-22 00:03:18.600000',183)
COMMIT
INSERT INTO AGENT_MOVEMENT_RAW_LOG VALUES(1775,0.5626621724638107E0,'2026-03-22 00:03:10.207000','2026-03-22 00:03:21.000000',184)
COMMIT
INSERT INTO FLOWCHART_ENTRIES_RAW_LOG VALUES(15,1775,NULL,'2026-03-22 00:03:21.000000')
COMMIT
INSERT INTO DESTROYED_AGENTS_RAW_LOG VALUES(1775,'2026-03-22 00:03:21.000000',3)
COMMIT
INSERT INTO AGENT_MOVEMENT_RAW_LOG VALUES(1764,0.45985079125498507E0,'2026-03-22 00:03:18.300000','2026-03-22 00:03:21.600000',185)
COMMIT
INSERT INTO AGENT_MOVEMENT_RAW_LOG VALUES(1766,0.5116431771016897E0,'2026-03-22 00:02:37.800000','2026-03-22 00:03:21.600000',186)
COMMIT
INSERT INTO AGENT_MOVEMENT_RAW_LOG VALUES(1759,0.5654907640499731E0,'2026-03-22 00:03:18.600000','2026-03-22 00:03:21.900000',187)
COMMIT
INSERT INTO AGENT_MOVEMENT_RAW_LOG VALUES(1760,0.09137216687769865E0,'2026-03-22 00:03:18.600000','2026-03-22 00:03:21.900000',188)
COMMIT
INSERT INTO AGENT_MOVEMENT_RAW_LOG VALUES(1765,0.587709810675661E0,'2026-03-22 00:03:18.600000','2026-03-22 00:03:21.900000',189)
COMMIT
INSERT INTO AGENT_MOVEMENT_RAW_LOG VALUES(1768,0.44377698865161685E0,'2026-03-22 00:02:33.300000','2026-03-22 00:03:22.200000',190)
COMMIT
INSERT INTO AGENT_MOVEMENT_RAW_LOG VALUES(1767,0.5207835874191241E0,'2026-03-22 00:02:39.600000','2026-03-22 00:03:23.100000',191)
COMMIT
INSERT INTO AGENT_MOVEMENT_RAW_LOG VALUES(1772,0.6624469698060836E0,'2026-03-22 00:03:14.363000','2026-03-22 00:03:23.700000',192)
COMMIT
INSERT INTO FLOWCHART_ENTRIES_RAW_LOG VALUES(16,1772,NULL,'2026-03-22 00:03:23.700000')
COMMIT
INSERT INTO DESTROYED_AGENTS_RAW_LOG VALUES(1772,'2026-03-22 00:03:23.700000',4)
COMMIT
INSERT INTO AGENT_MOVEMENT_RAW_LOG VALUES(1764,0.443032997101893E0,'2026-03-22 00:03:21.600000','2026-03-22 00:03:24.900000',193)
COMMIT
INSERT INTO AGENT_MOVEMENT_RAW_LOG VALUES(1766,0.6982848154071049E0,'2026-03-22 00:03:21.600000','2026-03-22 00:03:24.900000',194)
COMMIT
INSERT INTO AGENT_MOVEMENT_RAW_LOG VALUES(1759,0.5771049044871958E0,'2026-03-22 00:03:21.900000','2026-03-22 00:03:25.200000',195)
COMMIT
INSERT INTO AGENT_MOVEMENT_RAW_LOG VALUES(1760,0.11801293830325693E0,'2026-03-22 00:03:21.900000','2026-03-22 00:03:25.200000',196)
COMMIT
INSERT INTO AGENT_MOVEMENT_RAW_LOG VALUES(1765,0.6299321977545929E0,'2026-03-22 00:03:21.900000','2026-03-22 00:03:25.200000',197)
COMMIT
INSERT INTO AGENT_MOVEMENT_RAW_LOG VALUES(1767,0.018385272446910027E0,'2026-03-22 00:03:23.100000','2026-03-22 00:03:26.100000',198)
COMMIT
INSERT INTO AGENT_MOVEMENT_RAW_LOG VALUES(1769,0.4880981344823389E0,'2026-03-22 00:02:40.500000','2026-03-22 00:03:26.400000',199)
COMMIT
INSERT INTO AGENT_MOVEMENT_RAW_LOG VALUES(1773,0.6030375273327292E0,'2026-03-22 00:03:15.828000','2026-03-22 00:03:26.400000',200)
COMMIT
INSERT INTO FLOWCHART_ENTRIES_RAW_LOG VALUES(17,1773,NULL,'2026-03-22 00:03:26.400000')
COMMIT
INSERT INTO DESTROYED_AGENTS_RAW_LOG VALUES(1773,'2026-03-22 00:03:26.400000',5)
COMMIT
INSERT INTO AGENT_MOVEMENT_RAW_LOG VALUES(1764,0.4691602267062019E0,'2026-03-22 00:03:24.900000','2026-03-22 00:03:28.200000',201)
COMMIT
INSERT INTO AGENT_MOVEMENT_RAW_LOG VALUES(1766,0.6764869581144483E0,'2026-03-22 00:03:24.900000','2026-03-22 00:03:28.200000',202)
COMMIT
INSERT INTO AGENT_MOVEMENT_RAW_LOG VALUES(1768,0.14167300445336567E0,'2026-03-22 00:03:22.200000','2026-03-22 00:03:28.200000',203)
COMMIT
INSERT INTO AGENT_MOVEMENT_RAW_LOG VALUES(1759,0.5556180707701922E0,'2026-03-22 00:03:25.200000','2026-03-22 00:03:28.500000',204)
COMMIT
INSERT INTO AGENT_MOVEMENT_RAW_LOG VALUES(1760,0.1637620345776343E0,'2026-03-22 00:03:25.200000','2026-03-22 00:03:28.500000',205)
COMMIT
INSERT INTO AGENT_MOVEMENT_RAW_LOG VALUES(1765,0.6178969497924007E0,'2026-03-22 00:03:25.200000','2026-03-22 00:03:28.500000',206)
COMMIT
INSERT INTO AGENT_MOVEMENT_RAW_LOG VALUES(1762,0.37739194324432906E0,'2026-03-22 00:02:10.799000','2026-03-22 00:03:28.800000',207)
COMMIT
INSERT INTO AGENT_MOVEMENT_RAW_LOG VALUES(1767,0.06835879681827792E0,'2026-03-22 00:03:26.100000','2026-03-22 00:03:29.100000',208)
COMMIT
INSERT INTO AGENT_MOVEMENT_RAW_LOG VALUES(1769,0.2189016362934753E0,'2026-03-22 00:03:26.400000','2026-03-22 00:03:29.700000',209)
COMMIT
INSERT INTO AGENT_MOVEMENT_RAW_LOG VALUES(1763,0.4315646357299492E0,'2026-03-22 00:02:26.399000','2026-03-22 00:03:30.300000',210)
COMMIT
INSERT INTO AGENT_MOVEMENT_RAW_LOG VALUES(1776,0.47789071731026356E0,'2026-03-22 00:03:11.831000','2026-03-22 00:03:31.200000',211)
COMMIT
INSERT INTO AGENT_MOVEMENT_RAW_LOG VALUES(1778,0.49438835028874806E0,'2026-03-22 00:03:14.066000','2026-03-22 00:03:31.200000',212)
COMMIT
INSERT INTO AGENT_MOVEMENT_RAW_LOG VALUES(1764,0.5031660863530729E0,'2026-03-22 00:03:28.200000','2026-03-22 00:03:31.500000',213)
COMMIT
INSERT INTO AGENT_MOVEMENT_RAW_LOG VALUES(1766,0.747764263799908E0,'2026-03-22 00:03:28.200000','2026-03-22 00:03:31.500000',214)
COMMIT
INSERT INTO AGENT_MOVEMENT_RAW_LOG VALUES(1768,0.14159484367337383E0,'2026-03-22 00:03:28.200000','2026-03-22 00:03:31.500000',215)
COMMIT
INSERT INTO AGENT_MOVEMENT_RAW_LOG VALUES(1759,0.5854340533596416E0,'2026-03-22 00:03:28.500000','2026-03-22 00:03:31.800000',216)
COMMIT
INSERT INTO AGENT_MOVEMENT_RAW_LOG VALUES(1760,0.19324548128695287E0,'2026-03-22 00:03:28.500000','2026-03-22 00:03:31.800000',217)
COMMIT
INSERT INTO AGENT_MOVEMENT_RAW_LOG VALUES(1762,0.020525746832939437E0,'2026-03-22 00:03:28.800000','2026-03-22 00:03:31.800000',218)
COMMIT
INSERT INTO AGENT_MOVEMENT_RAW_LOG VALUES(1765,0.6186960331380532E0,'2026-03-22 00:03:28.500000','2026-03-22 00:03:31.800000',219)
COMMIT
INSERT INTO AGENT_MOVEMENT_RAW_LOG VALUES(1767,0.6929410114214594E0,'2026-03-22 00:03:29.100000','2026-03-22 00:03:32.400000',220)
COMMIT
INSERT INTO AGENT_MOVEMENT_RAW_LOG VALUES(1769,0.17164375916172228E0,'2026-03-22 00:03:29.700000','2026-03-22 00:03:33.000000',221)
COMMIT
INSERT INTO AGENT_MOVEMENT_RAW_LOG VALUES(1761,0.4472462309630042E0,'2026-03-22 00:02:30.300000','2026-03-22 00:03:33.300000',222)
COMMIT
INSERT INTO AGENT_MOVEMENT_RAW_LOG VALUES(1763,0.06003450725494008E0,'2026-03-22 00:03:30.300000','2026-03-22 00:03:33.300000',223)
COMMIT
INSERT INTO AGENT_MOVEMENT_RAW_LOG VALUES(1764,0.4767292839090481E0,'2026-03-22 00:03:31.500000','2026-03-22 00:03:34.800000',224)
COMMIT
INSERT INTO AGENT_MOVEMENT_RAW_LOG VALUES(1766,0.6880629274190451E0,'2026-03-22 00:03:31.500000','2026-03-22 00:03:34.800000',225)
COMMIT
INSERT INTO AGENT_MOVEMENT_RAW_LOG VALUES(1778,0.37912023248285764E0,'2026-03-22 00:03:31.200000','2026-03-22 00:03:34.800000',226)
COMMIT
INSERT INTO AGENT_MOVEMENT_RAW_LOG VALUES(1759,0.572256121092163E0,'2026-03-22 00:03:31.800000','2026-03-22 00:03:35.100000',227)
COMMIT
INSERT INTO AGENT_MOVEMENT_RAW_LOG VALUES(1760,0.20519014313176817E0,'2026-03-22 00:03:31.800000','2026-03-22 00:03:35.100000',228)
COMMIT
INSERT INTO AGENT_MOVEMENT_RAW_LOG VALUES(1765,0.5889761434427787E0,'2026-03-22 00:03:31.800000','2026-03-22 00:03:35.100000',229)
COMMIT
INSERT INTO AGENT_MOVEMENT_RAW_LOG VALUES(1777,0.5287516681911328E0,'2026-03-22 00:03:12.329000','2026-03-22 00:03:35.100000',230)
COMMIT
INSERT INTO AGENT_MOVEMENT_RAW_LOG VALUES(1779,0.4384238067096056E0,'2026-03-22 00:03:14.143000','2026-03-22 00:03:35.100000',231)
COMMIT
INSERT INTO AGENT_MOVEMENT_RAW_LOG VALUES(1768,0.6187978563001353E0,'2026-03-22 00:03:31.500000','2026-03-22 00:03:35.400000',232)
COMMIT
INSERT INTO AGENT_MOVEMENT_RAW_LOG VALUES(1767,0.6705125718225886E0,'2026-03-22 00:03:32.400000','2026-03-22 00:03:35.700000',233)
COMMIT
INSERT INTO AGENT_MOVEMENT_RAW_LOG VALUES(1779,0.5068871575957578E0,'2026-03-22 00:03:35.100000','2026-03-22 00:03:36.000000',234)
COMMIT
INSERT INTO AGENT_MOVEMENT_RAW_LOG VALUES(1769,0.5056994912318853E0,'2026-03-22 00:03:33.000000','2026-03-22 00:03:36.300000',235)
COMMIT
INSERT INTO AGENT_MOVEMENT_RAW_LOG VALUES(1762,0.357760419249544E0,'2026-03-22 00:03:31.800000','2026-03-22 00:03:38.100000',236)
COMMIT
INSERT INTO AGENT_MOVEMENT_RAW_LOG VALUES(1766,0.7042438486938492E0,'2026-03-22 00:03:34.800000','2026-03-22 00:03:38.100000',237)
COMMIT
INSERT INTO AGENT_MOVEMENT_RAW_LOG VALUES(1759,0.6006140963446882E0,'2026-03-22 00:03:35.100000','2026-03-22 00:03:38.400000',238)
COMMIT
INSERT INTO AGENT_MOVEMENT_RAW_LOG VALUES(1760,0.16913482357818477E0,'2026-03-22 00:03:35.100000','2026-03-22 00:03:38.400000',239)
COMMIT
INSERT INTO AGENT_MOVEMENT_RAW_LOG VALUES(1765,0.6241045542805121E0,'2026-03-22 00:03:35.100000','2026-03-22 00:03:38.400000',240)
COMMIT
INSERT INTO AGENT_MOVEMENT_RAW_LOG VALUES(1768,0.6011697544975236E0,'2026-03-22 00:03:35.400000','2026-03-22 00:03:38.700000',241)
COMMIT
INSERT INTO AGENT_MOVEMENT_RAW_LOG VALUES(1767,0.6934614065979879E0,'2026-03-22 00:03:35.700000','2026-03-22 00:03:39.000000',242)
COMMIT
INSERT INTO AGENT_MOVEMENT_RAW_LOG VALUES(1764,0.6336970701222587E0,'2026-03-22 00:03:34.800000','2026-03-22 00:03:39.300000',243)
COMMIT
INSERT INTO AGENT_MOVEMENT_RAW_LOG VALUES(1763,0.3499343421463974E0,'2026-03-22 00:03:33.300000','2026-03-22 00:03:39.600000',244)
COMMIT
INSERT INTO AGENT_MOVEMENT_RAW_LOG VALUES(1769,0.6025849029119231E0,'2026-03-22 00:03:36.300000','2026-03-22 00:03:39.600000',245)
COMMIT
INSERT INTO AGENT_MOVEMENT_RAW_LOG VALUES(1776,0.46496532997174517E0,'2026-03-22 00:03:31.200000','2026-03-22 00:03:40.500000',246)
COMMIT
INSERT INTO AGENT_MOVEMENT_RAW_LOG VALUES(1777,0.7746513236169653E0,'2026-03-22 00:03:35.100000','2026-03-22 00:03:40.500000',247)
COMMIT
INSERT INTO AGENT_MOVEMENT_RAW_LOG VALUES(1762,0.8316677854849738E0,'2026-03-22 00:03:38.100000','2026-03-22 00:03:41.400000',248)
COMMIT
INSERT INTO AGENT_MOVEMENT_RAW_LOG VALUES(1766,0.6998192931339575E0,'2026-03-22 00:03:38.100000','2026-03-22 00:03:41.400000',249)
COMMIT
INSERT INTO AGENT_MOVEMENT_RAW_LOG VALUES(1759,0.5695995117910091E0,'2026-03-22 00:03:38.400000','2026-03-22 00:03:41.700000',250)
COMMIT
INSERT INTO AGENT_MOVEMENT_RAW_LOG VALUES(1760,0.24962973191489715E0,'2026-03-22 00:03:38.400000','2026-03-22 00:03:41.700000',251)
COMMIT
INSERT INTO AGENT_MOVEMENT_RAW_LOG VALUES(1765,0.6017603269778307E0,'2026-03-22 00:03:38.400000','2026-03-22 00:03:41.700000',252)
COMMIT
INSERT INTO AGENT_MOVEMENT_RAW_LOG VALUES(1768,0.5432489668787793E0,'2026-03-22 00:03:38.700000','2026-03-22 00:03:42.000000',253)
COMMIT
INSERT INTO AGENT_MOVEMENT_RAW_LOG VALUES(1767,0.7304633768164704E0,'2026-03-22 00:03:39.000000','2026-03-22 00:03:42.300000',254)
COMMIT
INSERT INTO AGENT_MOVEMENT_RAW_LOG VALUES(1764,0.4674511559441472E0,'2026-03-22 00:03:39.300000','2026-03-22 00:03:42.600000',255)
COMMIT
INSERT INTO AGENT_MOVEMENT_RAW_LOG VALUES(1763,0.5773285890630404E0,'2026-03-22 00:03:39.600000','2026-03-22 00:03:42.900000',256)
COMMIT
INSERT INTO AGENT_MOVEMENT_RAW_LOG VALUES(1769,0.6656423848887777E0,'2026-03-22 00:03:39.600000','2026-03-22 00:03:42.900000',257)
COMMIT
INSERT INTO AGENT_MOVEMENT_RAW_LOG VALUES(1758,0.3950709109930974E0,'2026-03-22 00:02:11.999000','2026-03-22 00:03:44.100000',258)
COMMIT
INSERT INTO AGENT_MOVEMENT_RAW_LOG VALUES(1762,0.8559831269568562E0,'2026-03-22 00:03:41.400000','2026-03-22 00:03:44.700000',259)
COMMIT
INSERT INTO AGENT_MOVEMENT_RAW_LOG VALUES(1766,0.6991997010910129E0,'2026-03-22 00:03:41.400000','2026-03-22 00:03:44.700000',260)
COMMIT
INSERT INTO AGENT_MOVEMENT_RAW_LOG VALUES(1759,0.5802259050208451E0,'2026-03-22 00:03:41.700000','2026-03-22 00:03:45.000000',261)
COMMIT
INSERT INTO AGENT_MOVEMENT_RAW_LOG VALUES(1760,0.36284409525280975E0,'2026-03-22 00:03:41.700000','2026-03-22 00:03:45.000000',262)
COMMIT
INSERT INTO AGENT_MOVEMENT_RAW_LOG VALUES(1765,0.6156083672569463E0,'2026-03-22 00:03:41.700000','2026-03-22 00:03:45.000000',263)
COMMIT
INSERT INTO AGENT_MOVEMENT_RAW_LOG VALUES(1768,0.5580211153104371E0,'2026-03-22 00:03:42.000000','2026-03-22 00:03:45.300000',264)
COMMIT
INSERT INTO AGENT_MOVEMENT_RAW_LOG VALUES(1767,0.7397761889310599E0,'2026-03-22 00:03:42.300000','2026-03-22 00:03:45.600000',265)
COMMIT
INSERT INTO AGENT_MOVEMENT_RAW_LOG VALUES(1764,0.46007937480560845E0,'2026-03-22 00:03:42.600000','2026-03-22 00:03:45.900000',266)
COMMIT
INSERT INTO AGENT_MOVEMENT_RAW_LOG VALUES(1779,0.7520162793657276E0,'2026-03-22 00:03:41.482000','2026-03-22 00:03:45.900000',267)
COMMIT
INSERT INTO AGENT_MOVEMENT_RAW_LOG VALUES(1763,0.5900539480063136E0,'2026-03-22 00:03:42.900000','2026-03-22 00:03:46.200000',268)
COMMIT
INSERT INTO AGENT_MOVEMENT_RAW_LOG VALUES(1769,0.5672889236465841E0,'2026-03-22 00:03:42.900000','2026-03-22 00:03:46.200000',269)
COMMIT
INSERT INTO AGENT_MOVEMENT_RAW_LOG VALUES(1758,0.15990206730361956E0,'2026-03-22 00:03:44.100000','2026-03-22 00:03:47.400000',270)
COMMIT
INSERT INTO AGENT_MOVEMENT_RAW_LOG VALUES(1766,0.6922397402673195E0,'2026-03-22 00:03:44.700000','2026-03-22 00:03:48.000000',271)
COMMIT
INSERT INTO AGENT_MOVEMENT_RAW_LOG VALUES(1759,0.56152751885456E0,'2026-03-22 00:03:45.000000','2026-03-22 00:03:48.300000',272)
COMMIT
INSERT INTO AGENT_MOVEMENT_RAW_LOG VALUES(1760,0.4032419887732848E0,'2026-03-22 00:03:45.000000','2026-03-22 00:03:48.300000',273)
COMMIT
INSERT INTO AGENT_MOVEMENT_RAW_LOG VALUES(1762,0.787438675574266E0,'2026-03-22 00:03:44.700000','2026-03-22 00:03:48.300000',274)
COMMIT
INSERT INTO AGENT_MOVEMENT_RAW_LOG VALUES(1765,0.6125645786159389E0,'2026-03-22 00:03:45.000000','2026-03-22 00:03:48.300000',275)
COMMIT
INSERT INTO AGENT_MOVEMENT_RAW_LOG VALUES(1778,0.48001223452855946E0,'2026-03-22 00:03:41.638000','2026-03-22 00:03:48.300000',276)
COMMIT
INSERT INTO AGENT_MOVEMENT_RAW_LOG VALUES(1768,0.5737379191091525E0,'2026-03-22 00:03:45.300000','2026-03-22 00:03:48.600000',277)
COMMIT
INSERT INTO AGENT_MOVEMENT_RAW_LOG VALUES(1767,0.7633119125297365E0,'2026-03-22 00:03:45.600000','2026-03-22 00:03:48.900000',278)
COMMIT
INSERT INTO AGENT_MOVEMENT_RAW_LOG VALUES(1764,0.477056265201608E0,'2026-03-22 00:03:45.900000','2026-03-22 00:03:49.200000',279)
COMMIT
INSERT INTO AGENT_MOVEMENT_RAW_LOG VALUES(1763,0.5897699365765671E0,'2026-03-22 00:03:46.200000','2026-03-22 00:03:49.500000',280)
COMMIT
INSERT INTO AGENT_MOVEMENT_RAW_LOG VALUES(1769,0.5638540103650485E0,'2026-03-22 00:03:46.200000','2026-03-22 00:03:49.500000',281)
COMMIT
INSERT INTO AGENT_MOVEMENT_RAW_LOG VALUES(1758,0.17672692589524533E0,'2026-03-22 00:03:47.400000','2026-03-22 00:03:50.700000',282)
COMMIT
INSERT INTO AGENT_MOVEMENT_RAW_LOG VALUES(1766,0.6989464452352133E0,'2026-03-22 00:03:48.000000','2026-03-22 00:03:51.300000',283)
COMMIT
INSERT INTO AGENT_MOVEMENT_RAW_LOG VALUES(1759,0.5914052703949068E0,'2026-03-22 00:03:48.300000','2026-03-22 00:03:51.600000',284)
COMMIT
INSERT INTO AGENT_MOVEMENT_RAW_LOG VALUES(1760,0.4100115663459085E0,'2026-03-22 00:03:48.300000','2026-03-22 00:03:51.600000',285)
COMMIT
INSERT INTO AGENT_MOVEMENT_RAW_LOG VALUES(1762,0.8249968088132259E0,'2026-03-22 00:03:48.300000','2026-03-22 00:03:51.600000',286)
COMMIT
INSERT INTO AGENT_MOVEMENT_RAW_LOG VALUES(1765,0.5990213993771256E0,'2026-03-22 00:03:48.300000','2026-03-22 00:03:51.600000',287)
COMMIT
INSERT INTO AGENT_MOVEMENT_RAW_LOG VALUES(1768,0.5841848023979145E0,'2026-03-22 00:03:48.600000','2026-03-22 00:03:51.900000',288)
COMMIT
INSERT INTO AGENT_MOVEMENT_RAW_LOG VALUES(1767,0.7856093200002086E0,'2026-03-22 00:03:48.900000','2026-03-22 00:03:52.200000',289)
COMMIT
INSERT INTO AGENT_MOVEMENT_RAW_LOG VALUES(1761,0.4837644598518595E0,'2026-03-22 00:03:33.300000','2026-03-22 00:03:52.500000',290)
COMMIT
INSERT INTO AGENT_MOVEMENT_RAW_LOG VALUES(1764,0.5028035247929395E0,'2026-03-22 00:03:49.200000','2026-03-22 00:03:52.500000',291)
COMMIT
INSERT INTO AGENT_MOVEMENT_RAW_LOG VALUES(1763,0.6070490414705875E0,'2026-03-22 00:03:49.500000','2026-03-22 00:03:52.800000',292)
COMMIT
INSERT INTO AGENT_MOVEMENT_RAW_LOG VALUES(1769,0.557445307800021E0,'2026-03-22 00:03:49.500000','2026-03-22 00:03:52.800000',293)
COMMIT
INSERT INTO AGENT_MOVEMENT_RAW_LOG VALUES(1758,0.21523916163972548E0,'2026-03-22 00:03:50.700000','2026-03-22 00:03:54.000000',294)
COMMIT
INSERT INTO AGENT_MOVEMENT_RAW_LOG VALUES(1766,0.6892768094468964E0,'2026-03-22 00:03:51.300000','2026-03-22 00:03:54.600000',295)
COMMIT
INSERT INTO AGENT_MOVEMENT_RAW_LOG VALUES(1759,0.5730266739982078E0,'2026-03-22 00:03:51.600000','2026-03-22 00:03:54.900000',296)
COMMIT
INSERT INTO AGENT_MOVEMENT_RAW_LOG VALUES(1760,0.39244700280874223E0,'2026-03-22 00:03:51.600000','2026-03-22 00:03:54.900000',297)
COMMIT
INSERT INTO AGENT_MOVEMENT_RAW_LOG VALUES(1762,0.8681804494815528E0,'2026-03-22 00:03:51.600000','2026-03-22 00:03:54.900000',298)
COMMIT
INSERT INTO AGENT_MOVEMENT_RAW_LOG VALUES(1765,0.5751575552462457E0,'2026-03-22 00:03:51.600000','2026-03-22 00:03:54.900000',299)
COMMIT
INSERT INTO AGENT_MOVEMENT_RAW_LOG VALUES(1768,0.6085966115026098E0,'2026-03-22 00:03:51.900000','2026-03-22 00:03:55.200000',300)
COMMIT
INSERT INTO AGENT_MOVEMENT_RAW_LOG VALUES(1767,0.7986869474551116E0,'2026-03-22 00:03:52.200000','2026-03-22 00:03:55.500000',301)
COMMIT
INSERT INTO AGENT_MOVEMENT_RAW_LOG VALUES(1761,0.390269724366493E0,'2026-03-22 00:03:52.500000','2026-03-22 00:03:55.800000',302)
COMMIT
INSERT INTO AGENT_MOVEMENT_RAW_LOG VALUES(1764,0.4474455872984962E0,'2026-03-22 00:03:52.500000','2026-03-22 00:03:55.800000',303)
COMMIT
INSERT INTO AGENT_MOVEMENT_RAW_LOG VALUES(1763,0.6252623496712979E0,'2026-03-22 00:03:52.800000','2026-03-22 00:03:56.100000',304)
COMMIT
INSERT INTO AGENT_MOVEMENT_RAW_LOG VALUES(1769,0.6029614079362594E0,'2026-03-22 00:03:52.800000','2026-03-22 00:03:56.100000',305)
COMMIT
INSERT INTO AGENT_MOVEMENT_RAW_LOG VALUES(1758,0.2644819190283397E0,'2026-03-22 00:03:54.000000','2026-03-22 00:03:57.300000',306)
COMMIT
INSERT INTO AGENT_MOVEMENT_RAW_LOG VALUES(1766,0.6996615176154766E0,'2026-03-22 00:03:54.600000','2026-03-22 00:03:57.900000',307)
COMMIT
INSERT INTO AGENT_MOVEMENT_RAW_LOG VALUES(1759,0.5948423229948733E0,'2026-03-22 00:03:54.900000','2026-03-22 00:03:58.200000',308)
COMMIT
INSERT INTO AGENT_MOVEMENT_RAW_LOG VALUES(1760,0.3971840604664659E0,'2026-03-22 00:03:54.900000','2026-03-22 00:03:58.200000',309)
COMMIT
INSERT INTO AGENT_MOVEMENT_RAW_LOG VALUES(1765,0.6148028687195723E0,'2026-03-22 00:03:54.900000','2026-03-22 00:03:58.200000',310)
COMMIT
INSERT INTO AGENT_MOVEMENT_RAW_LOG VALUES(1762,0.7737872396697422E0,'2026-03-22 00:03:54.900000','2026-03-22 00:03:58.500000',311)
COMMIT
INSERT INTO AGENT_MOVEMENT_RAW_LOG VALUES(1768,0.5917816750493E0,'2026-03-22 00:03:55.200000','2026-03-22 00:03:58.500000',312)
COMMIT
INSERT INTO AGENT_MOVEMENT_RAW_LOG VALUES(1767,0.8044833484493016E0,'2026-03-22 00:03:55.500000','2026-03-22 00:03:58.800000',313)
COMMIT
INSERT INTO AGENT_MOVEMENT_RAW_LOG VALUES(1761,0.3467794342448592E0,'2026-03-22 00:03:55.800000','2026-03-22 00:03:59.100000',314)
COMMIT
INSERT INTO AGENT_MOVEMENT_RAW_LOG VALUES(1764,0.4604676970168548E0,'2026-03-22 00:03:55.800000','2026-03-22 00:03:59.100000',315)
COMMIT
INSERT INTO AGENT_MOVEMENT_RAW_LOG VALUES(1763,0.6085886316709339E0,'2026-03-22 00:03:56.100000','2026-03-22 00:03:59.400000',316)
COMMIT
INSERT INTO AGENT_MOVEMENT_RAW_LOG VALUES(1769,0.5258241928845974E0,'2026-03-22 00:03:56.100000','2026-03-22 00:03:59.400000',317)
COMMIT
INSERT INTO AGENT_MOVEMENT_RAW_LOG VALUES(1758,0.23204777221929523E0,'2026-03-22 00:03:57.300000','2026-03-22 00:04:00.600000',318)
COMMIT
INSERT INTO AGENT_MOVEMENT_RAW_LOG VALUES(1766,0.6728274942534642E0,'2026-03-22 00:03:57.900000','2026-03-22 00:04:01.200000',319)
COMMIT
INSERT INTO AGENT_MOVEMENT_RAW_LOG VALUES(1759,0.5670354081159658E0,'2026-03-22 00:03:58.200000','2026-03-22 00:04:01.500000',320)
COMMIT
INSERT INTO AGENT_MOVEMENT_RAW_LOG VALUES(1760,0.3934460507696879E0,'2026-03-22 00:03:58.200000','2026-03-22 00:04:01.500000',321)
COMMIT
INSERT INTO AGENT_MOVEMENT_RAW_LOG VALUES(1765,0.6081180200595259E0,'2026-03-22 00:03:58.200000','2026-03-22 00:04:01.500000',322)
COMMIT
INSERT INTO AGENT_MOVEMENT_RAW_LOG VALUES(1762,0.8172888703220741E0,'2026-03-22 00:03:58.500000','2026-03-22 00:04:01.800000',323)
COMMIT
INSERT INTO AGENT_MOVEMENT_RAW_LOG VALUES(1768,0.5843913198661952E0,'2026-03-22 00:03:58.500000','2026-03-22 00:04:01.800000',324)
COMMIT
INSERT INTO AGENT_MOVEMENT_RAW_LOG VALUES(1767,0.7934616978339196E0,'2026-03-22 00:03:58.800000','2026-03-22 00:04:02.100000',325)
COMMIT
INSERT INTO AGENT_MOVEMENT_RAW_LOG VALUES(1761,0.3443276425849188E0,'2026-03-22 00:03:59.100000','2026-03-22 00:04:02.400000',326)
COMMIT
INSERT INTO AGENT_MOVEMENT_RAW_LOG VALUES(1764,0.4501951819180619E0,'2026-03-22 00:03:59.100000','2026-03-22 00:04:02.400000',327)
COMMIT
INSERT INTO AGENT_MOVEMENT_RAW_LOG VALUES(1778,0.6128551842772128E0,'2026-03-22 00:03:49.569000','2026-03-22 00:04:02.400000',328)
COMMIT
INSERT INTO FLOWCHART_ENTRIES_RAW_LOG VALUES(18,1778,242,'2026-03-22 00:04:02.400000')
COMMIT
INSERT INTO AGENT_MOVEMENT_RAW_LOG VALUES(1763,0.6355082390408332E0,'2026-03-22 00:03:59.400000','2026-03-22 00:04:02.700000',329)
COMMIT
INSERT INTO AGENT_MOVEMENT_RAW_LOG VALUES(1769,0.5491611941167762E0,'2026-03-22 00:03:59.400000','2026-03-22 00:04:02.700000',330)
COMMIT
INSERT INTO AGENT_MOVEMENT_RAW_LOG VALUES(1776,0.5613160447223867E0,'2026-03-22 00:03:41.638000','2026-03-22 00:04:03.300000',331)
COMMIT
INSERT INTO FLOWCHART_ENTRIES_RAW_LOG VALUES(19,1776,242,'2026-03-22 00:04:03.300000')
COMMIT
INSERT INTO AGENT_MOVEMENT_RAW_LOG VALUES(1758,0.2470315601990041E0,'2026-03-22 00:04:00.600000','2026-03-22 00:04:03.900000',332)
COMMIT
INSERT INTO AGENT_MOVEMENT_RAW_LOG VALUES(1779,0.48840589407181295E0,'2026-03-22 00:03:47.039000','2026-03-22 00:04:04.200000',333)
COMMIT
INSERT INTO FLOWCHART_ENTRIES_RAW_LOG VALUES(20,1779,242,'2026-03-22 00:04:04.200000')
COMMIT
INSERT INTO AGENT_MOVEMENT_RAW_LOG VALUES(1766,0.7200330298315106E0,'2026-03-22 00:04:01.200000','2026-03-22 00:04:04.500000',334)
COMMIT
INSERT INTO AGENT_MOVEMENT_RAW_LOG VALUES(1759,0.5870203778417936E0,'2026-03-22 00:04:01.500000','2026-03-22 00:04:04.800000',335)
COMMIT
INSERT INTO AGENT_MOVEMENT_RAW_LOG VALUES(1760,0.3939895842573941E0,'2026-03-22 00:04:01.500000','2026-03-22 00:04:04.800000',336)
COMMIT
INSERT INTO AGENT_MOVEMENT_RAW_LOG VALUES(1765,0.5852898132094184E0,'2026-03-22 00:04:01.500000','2026-03-22 00:04:04.800000',337)
COMMIT
INSERT INTO AGENT_MOVEMENT_RAW_LOG VALUES(1762,0.8716535048652928E0,'2026-03-22 00:04:01.800000','2026-03-22 00:04:05.100000',338)
COMMIT
INSERT INTO AGENT_MOVEMENT_RAW_LOG VALUES(1768,0.5581973270140851E0,'2026-03-22 00:04:01.800000','2026-03-22 00:04:05.100000',339)
COMMIT
INSERT INTO AGENT_MOVEMENT_RAW_LOG VALUES(1777,0.5486794189976744E0,'2026-03-22 00:03:41.482000','2026-03-22 00:04:05.100000',340)
COMMIT
INSERT INTO FLOWCHART_ENTRIES_RAW_LOG VALUES(21,1777,242,'2026-03-22 00:04:05.100000')
COMMIT
INSERT INTO AGENT_MOVEMENT_RAW_LOG VALUES(1767,0.7771566909022424E0,'2026-03-22 00:04:02.100000','2026-03-22 00:04:05.400000',341)
COMMIT
INSERT INTO AGENT_MOVEMENT_RAW_LOG VALUES(1761,0.34494577308663305E0,'2026-03-22 00:04:02.400000','2026-03-22 00:04:05.700000',342)
COMMIT
INSERT INTO AGENT_MOVEMENT_RAW_LOG VALUES(1764,0.5053737587400456E0,'2026-03-22 00:04:02.400000','2026-03-22 00:04:05.700000',343)
COMMIT
INSERT INTO AGENT_MOVEMENT_RAW_LOG VALUES(1763,0.6331426837770284E0,'2026-03-22 00:04:02.700000','2026-03-22 00:04:06.000000',344)
COMMIT
INSERT INTO AGENT_MOVEMENT_RAW_LOG VALUES(1769,0.565786664741079E0,'2026-03-22 00:04:02.700000','2026-03-22 00:04:06.000000',345)
COMMIT
INSERT INTO AGENT_MOVEMENT_RAW_LOG VALUES(1758,0.21401540332703525E0,'2026-03-22 00:04:03.900000','2026-03-22 00:04:07.200000',346)
COMMIT
INSERT INTO AGENT_MOVEMENT_RAW_LOG VALUES(1766,0.6776349288722471E0,'2026-03-22 00:04:04.500000','2026-03-22 00:04:07.800000',347)
COMMIT
INSERT INTO AGENT_MOVEMENT_RAW_LOG VALUES(1759,0.5658624234760539E0,'2026-03-22 00:04:04.800000','2026-03-22 00:04:08.100000',348)
COMMIT
INSERT INTO AGENT_MOVEMENT_RAW_LOG VALUES(1760,0.3806084597688286E0,'2026-03-22 00:04:04.800000','2026-03-22 00:04:08.100000',349)
COMMIT
INSERT INTO AGENT_MOVEMENT_RAW_LOG VALUES(1765,0.5620849542563383E0,'2026-03-22 00:04:04.800000','2026-03-22 00:04:08.100000',350)
COMMIT
INSERT INTO AGENT_MOVEMENT_RAW_LOG VALUES(1768,0.5581762226431749E0,'2026-03-22 00:04:05.100000','2026-03-22 00:04:08.400000',351)
COMMIT
INSERT INTO AGENT_MOVEMENT_RAW_LOG VALUES(1762,0.7965690595195002E0,'2026-03-22 00:04:05.100000','2026-03-22 00:04:08.700000',352)
COMMIT
INSERT INTO AGENT_MOVEMENT_RAW_LOG VALUES(1767,0.7480721014762157E0,'2026-03-22 00:04:05.400000','2026-03-22 00:04:08.700000',353)
COMMIT
INSERT INTO AGENT_MOVEMENT_RAW_LOG VALUES(1761,0.3820057500411971E0,'2026-03-22 00:04:05.700000','2026-03-22 00:04:09.000000',354)
COMMIT
INSERT INTO AGENT_MOVEMENT_RAW_LOG VALUES(1764,0.497888003013789E0,'2026-03-22 00:04:05.700000','2026-03-22 00:04:09.000000',355)
COMMIT
INSERT INTO AGENT_MOVEMENT_RAW_LOG VALUES(1763,0.5918021237432844E0,'2026-03-22 00:04:06.000000','2026-03-22 00:04:09.300000',356)
COMMIT
INSERT INTO AGENT_MOVEMENT_RAW_LOG VALUES(1769,0.6579055610749479E0,'2026-03-22 00:04:06.000000','2026-03-22 00:04:09.300000',357)
COMMIT
INSERT INTO AGENT_MOVEMENT_RAW_LOG VALUES(1758,0.2289992784348486E0,'2026-03-22 00:04:07.200000','2026-03-22 00:04:10.500000',358)
COMMIT
INSERT INTO AGENT_MOVEMENT_RAW_LOG VALUES(1766,0.7209843154111567E0,'2026-03-22 00:04:07.800000','2026-03-22 00:04:11.100000',359)
COMMIT
INSERT INTO AGENT_MOVEMENT_RAW_LOG VALUES(1759,0.5900062286833888E0,'2026-03-22 00:04:08.100000','2026-03-22 00:04:11.400000',360)
COMMIT
INSERT INTO AGENT_MOVEMENT_RAW_LOG VALUES(1760,0.412495426136402E0,'2026-03-22 00:04:08.100000','2026-03-22 00:04:11.400000',361)
COMMIT
INSERT INTO AGENT_MOVEMENT_RAW_LOG VALUES(1765,0.613557595579528E0,'2026-03-22 00:04:08.100000','2026-03-22 00:04:11.400000',362)
COMMIT
INSERT INTO AGENT_MOVEMENT_RAW_LOG VALUES(1768,0.537090246679617E0,'2026-03-22 00:04:08.400000','2026-03-22 00:04:11.700000',363)
COMMIT
INSERT INTO AGENT_MOVEMENT_RAW_LOG VALUES(1767,0.7219399006178743E0,'2026-03-22 00:04:08.700000','2026-03-22 00:04:12.000000',364)
COMMIT
INSERT INTO AGENT_MOVEMENT_RAW_LOG VALUES(1761,0.36030465051893235E0,'2026-03-22 00:04:09.000000','2026-03-22 00:04:12.300000',365)
COMMIT
INSERT INTO AGENT_MOVEMENT_RAW_LOG VALUES(1762,0.782016141408082E0,'2026-03-22 00:04:08.700000','2026-03-22 00:04:12.300000',366)
COMMIT
INSERT INTO AGENT_MOVEMENT_RAW_LOG VALUES(1764,0.5221098699300694E0,'2026-03-22 00:04:09.000000','2026-03-22 00:04:12.300000',367)
COMMIT
INSERT INTO AGENT_MOVEMENT_RAW_LOG VALUES(1763,0.5949740860155402E0,'2026-03-22 00:04:09.300000','2026-03-22 00:04:12.600000',368)
COMMIT
INSERT INTO AGENT_MOVEMENT_RAW_LOG VALUES(1769,0.6017731630474444E0,'2026-03-22 00:04:09.300000','2026-03-22 00:04:12.600000',369)
COMMIT
INSERT INTO AGENT_MOVEMENT_RAW_LOG VALUES(1758,0.19598330621214935E0,'2026-03-22 00:04:10.500000','2026-03-22 00:04:13.800000',370)
COMMIT
INSERT INTO AGENT_MOVEMENT_RAW_LOG VALUES(1766,0.6786717209907726E0,'2026-03-22 00:04:11.100000','2026-03-22 00:04:14.400000',371)
COMMIT
INSERT INTO AGENT_MOVEMENT_RAW_LOG VALUES(1759,0.5658561029840652E0,'2026-03-22 00:04:11.400000','2026-03-22 00:04:14.700000',372)
COMMIT
INSERT INTO AGENT_MOVEMENT_RAW_LOG VALUES(1760,0.375220713561854E0,'2026-03-22 00:04:11.400000','2026-03-22 00:04:14.700000',373)
COMMIT
INSERT INTO AGENT_MOVEMENT_RAW_LOG VALUES(1765,0.5981300292810078E0,'2026-03-22 00:04:11.400000','2026-03-22 00:04:14.700000',374)
COMMIT
INSERT INTO AGENT_MOVEMENT_RAW_LOG VALUES(1768,0.5290042031608332E0,'2026-03-22 00:04:11.700000','2026-03-22 00:04:15.000000',375)
COMMIT
INSERT INTO AGENT_MOVEMENT_RAW_LOG VALUES(1767,0.7115349521583254E0,'2026-03-22 00:04:12.000000','2026-03-22 00:04:15.300000',376)
COMMIT
INSERT INTO AGENT_MOVEMENT_RAW_LOG VALUES(1761,0.37656265130572225E0,'2026-03-22 00:04:12.300000','2026-03-22 00:04:15.600000',377)
COMMIT
INSERT INTO AGENT_MOVEMENT_RAW_LOG VALUES(1762,0.8286768630808914E0,'2026-03-22 00:04:12.300000','2026-03-22 00:04:15.600000',378)
COMMIT
INSERT INTO AGENT_MOVEMENT_RAW_LOG VALUES(1764,0.48193263685302545E0,'2026-03-22 00:04:12.300000','2026-03-22 00:04:15.600000',379)
COMMIT
INSERT INTO AGENT_MOVEMENT_RAW_LOG VALUES(1763,0.6210208578247017E0,'2026-03-22 00:04:12.600000','2026-03-22 00:04:15.900000',380)
COMMIT
INSERT INTO AGENT_MOVEMENT_RAW_LOG VALUES(1769,0.6741849267046831E0,'2026-03-22 00:04:12.600000','2026-03-22 00:04:15.900000',381)
COMMIT
INSERT INTO AGENT_MOVEMENT_RAW_LOG VALUES(1758,0.21096745564416147E0,'2026-03-22 00:04:13.800000','2026-03-22 00:04:17.100000',382)
COMMIT
INSERT INTO AGENT_MOVEMENT_RAW_LOG VALUES(1766,0.7225558743197887E0,'2026-03-22 00:04:14.400000','2026-03-22 00:04:17.700000',383)
COMMIT
INSERT INTO AGENT_MOVEMENT_RAW_LOG VALUES(1759,0.5835642683360839E0,'2026-03-22 00:04:14.700000','2026-03-22 00:04:18.000000',384)
COMMIT
INSERT INTO AGENT_MOVEMENT_RAW_LOG VALUES(1760,0.38970078589703133E0,'2026-03-22 00:04:14.700000','2026-03-22 00:04:18.000000',385)
COMMIT
INSERT INTO AGENT_MOVEMENT_RAW_LOG VALUES(1765,0.5959011564520698E0,'2026-03-22 00:04:14.700000','2026-03-22 00:04:18.000000',386)
COMMIT
INSERT INTO AGENT_MOVEMENT_RAW_LOG VALUES(1768,0.5098958004403971E0,'2026-03-22 00:04:15.000000','2026-03-22 00:04:18.300000',387)
COMMIT
INSERT INTO AGENT_MOVEMENT_RAW_LOG VALUES(1767,0.6858164987767896E0,'2026-03-22 00:04:15.300000','2026-03-22 00:04:18.600000',388)
COMMIT
INSERT INTO AGENT_MOVEMENT_RAW_LOG VALUES(1761,0.354900402000598E0,'2026-03-22 00:04:15.600000','2026-03-22 00:04:18.900000',389)
COMMIT
INSERT INTO AGENT_MOVEMENT_RAW_LOG VALUES(1762,0.8380719611082285E0,'2026-03-22 00:04:15.600000','2026-03-22 00:04:18.900000',390)
COMMIT
INSERT INTO AGENT_MOVEMENT_RAW_LOG VALUES(1764,0.4714138589865985E0,'2026-03-22 00:04:15.600000','2026-03-22 00:04:18.900000',391)
COMMIT
INSERT INTO AGENT_MOVEMENT_RAW_LOG VALUES(1763,0.6498598543383063E0,'2026-03-22 00:04:15.900000','2026-03-22 00:04:19.200000',392)
COMMIT
INSERT INTO AGENT_MOVEMENT_RAW_LOG VALUES(1769,0.6067064489977708E0,'2026-03-22 00:04:15.900000','2026-03-22 00:04:19.200000',393)
COMMIT
INSERT INTO AGENT_MOVEMENT_RAW_LOG VALUES(1758,0.17795186451858347E0,'2026-03-22 00:04:17.100000','2026-03-22 00:04:20.400000',394)
COMMIT
INSERT INTO AGENT_MOVEMENT_RAW_LOG VALUES(1766,0.6808637932778663E0,'2026-03-22 00:04:17.700000','2026-03-22 00:04:21.000000',395)
COMMIT
INSERT INTO AGENT_MOVEMENT_RAW_LOG VALUES(1759,0.5701036998815164E0,'2026-03-22 00:04:18.000000','2026-03-22 00:04:21.300000',396)
COMMIT
INSERT INTO AGENT_MOVEMENT_RAW_LOG VALUES(1760,0.41325180266406814E0,'2026-03-22 00:04:18.000000','2026-03-22 00:04:21.300000',397)
COMMIT
INSERT INTO AGENT_MOVEMENT_RAW_LOG VALUES(1765,0.551020479620745E0,'2026-03-22 00:04:18.000000','2026-03-22 00:04:21.300000',398)
COMMIT
INSERT INTO AGENT_MOVEMENT_RAW_LOG VALUES(1768,0.5461884543597497E0,'2026-03-22 00:04:18.300000','2026-03-22 00:04:21.600000',399)
COMMIT
INSERT INTO AGENT_MOVEMENT_RAW_LOG VALUES(1767,0.7206281159573605E0,'2026-03-22 00:04:18.600000','2026-03-22 00:04:21.900000',400)
COMMIT
INSERT INTO AGENT_MOVEMENT_RAW_LOG VALUES(1761,0.371974581889585E0,'2026-03-22 00:04:18.900000','2026-03-22 00:04:22.200000',401)
COMMIT
INSERT INTO AGENT_MOVEMENT_RAW_LOG VALUES(1762,0.8592884571915952E0,'2026-03-22 00:04:18.900000','2026-03-22 00:04:22.200000',402)
COMMIT
INSERT INTO AGENT_MOVEMENT_RAW_LOG VALUES(1764,0.4677785802578026E0,'2026-03-22 00:04:18.900000','2026-03-22 00:04:22.200000',403)
COMMIT
INSERT INTO AGENT_MOVEMENT_RAW_LOG VALUES(1763,0.6164357018403415E0,'2026-03-22 00:04:19.200000','2026-03-22 00:04:22.500000',404)
COMMIT
INSERT INTO AGENT_MOVEMENT_RAW_LOG VALUES(1769,0.6809136576779302E0,'2026-03-22 00:04:19.200000','2026-03-22 00:04:22.500000',405)
COMMIT
INSERT INTO AGENT_MOVEMENT_RAW_LOG VALUES(1758,0.19293651092089142E0,'2026-03-22 00:04:20.400000','2026-03-22 00:04:23.700000',406)
COMMIT
INSERT INTO AGENT_MOVEMENT_RAW_LOG VALUES(1766,0.7246469393034072E0,'2026-03-22 00:04:21.000000','2026-03-22 00:04:24.300000',407)
COMMIT
INSERT INTO AGENT_MOVEMENT_RAW_LOG VALUES(1759,0.6044724607669586E0,'2026-03-22 00:04:21.300000','2026-03-22 00:04:24.600000',408)
COMMIT
INSERT INTO AGENT_MOVEMENT_RAW_LOG VALUES(1760,0.45595038335186927E0,'2026-03-22 00:04:21.300000','2026-03-22 00:04:24.600000',409)
COMMIT
INSERT INTO AGENT_MOVEMENT_RAW_LOG VALUES(1765,0.5852174073123129E0,'2026-03-22 00:04:21.300000','2026-03-22 00:04:24.600000',410)
COMMIT
INSERT INTO AGENT_MOVEMENT_RAW_LOG VALUES(1768,0.5126237270719096E0,'2026-03-22 00:04:21.600000','2026-03-22 00:04:24.900000',411)
COMMIT
INSERT INTO AGENT_MOVEMENT_RAW_LOG VALUES(1767,0.7246896996350802E0,'2026-03-22 00:04:21.900000','2026-03-22 00:04:25.200000',412)
COMMIT
INSERT INTO AGENT_MOVEMENT_RAW_LOG VALUES(1761,0.35000635134888686E0,'2026-03-22 00:04:22.200000','2026-03-22 00:04:25.500000',413)
COMMIT
INSERT INTO AGENT_MOVEMENT_RAW_LOG VALUES(1762,0.8480071477177907E0,'2026-03-22 00:04:22.200000','2026-03-22 00:04:25.500000',414)
COMMIT
INSERT INTO AGENT_MOVEMENT_RAW_LOG VALUES(1764,0.45802544716897414E0,'2026-03-22 00:04:22.200000','2026-03-22 00:04:25.500000',415)
COMMIT
INSERT INTO AGENT_MOVEMENT_RAW_LOG VALUES(1763,0.5620271531398915E0,'2026-03-22 00:04:22.500000','2026-03-22 00:04:25.800000',416)
COMMIT
INSERT INTO AGENT_MOVEMENT_RAW_LOG VALUES(1769,0.5728371715343137E0,'2026-03-22 00:04:22.500000','2026-03-22 00:04:25.800000',417)
COMMIT
INSERT INTO AGENT_MOVEMENT_RAW_LOG VALUES(1758,0.1599215698305547E0,'2026-03-22 00:04:23.700000','2026-03-22 00:04:27.000000',418)
COMMIT
INSERT INTO AGENT_MOVEMENT_RAW_LOG VALUES(1766,0.6836457213664556E0,'2026-03-22 00:04:24.300000','2026-03-22 00:04:27.600000',419)
COMMIT
INSERT INTO AGENT_MOVEMENT_RAW_LOG VALUES(1759,0.5784322114579387E0,'2026-03-22 00:04:24.600000','2026-03-22 00:04:27.900000',420)
COMMIT
INSERT INTO AGENT_MOVEMENT_RAW_LOG VALUES(1760,0.4319911197610657E0,'2026-03-22 00:04:24.600000','2026-03-22 00:04:27.900000',421)
COMMIT
INSERT INTO AGENT_MOVEMENT_RAW_LOG VALUES(1765,0.5766444508406336E0,'2026-03-22 00:04:24.600000','2026-03-22 00:04:27.900000',422)
COMMIT
INSERT INTO AGENT_MOVEMENT_RAW_LOG VALUES(1768,0.5182535970156837E0,'2026-03-22 00:04:24.900000','2026-03-22 00:04:28.200000',423)
COMMIT
INSERT INTO AGENT_MOVEMENT_RAW_LOG VALUES(1767,0.69802746177571E0,'2026-03-22 00:04:25.200000','2026-03-22 00:04:28.500000',424)
COMMIT
INSERT INTO AGENT_MOVEMENT_RAW_LOG VALUES(1761,0.3678696321522891E0,'2026-03-22 00:04:25.500000','2026-03-22 00:04:28.800000',425)
COMMIT
INSERT INTO AGENT_MOVEMENT_RAW_LOG VALUES(1762,0.8556255197686631E0,'2026-03-22 00:04:25.500000','2026-03-22 00:04:28.800000',426)
COMMIT
INSERT INTO AGENT_MOVEMENT_RAW_LOG VALUES(1763,0.6054119293941997E0,'2026-03-22 00:04:25.800000','2026-03-22 00:04:29.100000',427)
COMMIT
INSERT INTO AGENT_MOVEMENT_RAW_LOG VALUES(1769,0.6718308194336223E0,'2026-03-22 00:04:25.800000','2026-03-22 00:04:29.100000',428)
COMMIT
INSERT INTO AGENT_MOVEMENT_RAW_LOG VALUES(1758,0.17490711702125597E0,'2026-03-22 00:04:27.000000','2026-03-22 00:04:30.300000',429)
COMMIT
INSERT INTO AGENT_MOVEMENT_RAW_LOG VALUES(1764,0.5352134297410738E0,'2026-03-22 00:04:25.500000','2026-03-22 00:04:30.600000',430)
COMMIT
INSERT INTO AGENT_MOVEMENT_RAW_LOG VALUES(1766,0.7246324475922253E0,'2026-03-22 00:04:27.600000','2026-03-22 00:04:30.900000',431)
COMMIT
INSERT INTO AGENT_MOVEMENT_RAW_LOG VALUES(1759,0.5852489471930847E0,'2026-03-22 00:04:27.900000','2026-03-22 00:04:31.200000',432)
COMMIT
INSERT INTO AGENT_MOVEMENT_RAW_LOG VALUES(1760,0.4448162895726402E0,'2026-03-22 00:04:27.900000','2026-03-22 00:04:31.200000',433)
COMMIT
INSERT INTO AGENT_MOVEMENT_RAW_LOG VALUES(1765,0.6194164588373313E0,'2026-03-22 00:04:27.900000','2026-03-22 00:04:31.200000',434)
COMMIT
INSERT INTO AGENT_MOVEMENT_RAW_LOG VALUES(1768,0.4951514763280245E0,'2026-03-22 00:04:28.200000','2026-03-22 00:04:31.500000',435)
COMMIT
INSERT INTO AGENT_MOVEMENT_RAW_LOG VALUES(1767,0.6615775298782121E0,'2026-03-22 00:04:28.500000','2026-03-22 00:04:31.800000',436)
COMMIT
INSERT INTO AGENT_MOVEMENT_RAW_LOG VALUES(1761,0.3463601705156155E0,'2026-03-22 00:04:28.800000','2026-03-22 00:04:32.100000',437)
COMMIT
INSERT INTO AGENT_MOVEMENT_RAW_LOG VALUES(1762,0.8771729452340897E0,'2026-03-22 00:04:28.800000','2026-03-22 00:04:32.100000',438)
COMMIT
INSERT INTO AGENT_MOVEMENT_RAW_LOG VALUES(1763,0.6154025717022195E0,'2026-03-22 00:04:29.100000','2026-03-22 00:04:32.400000',439)
COMMIT
INSERT INTO AGENT_MOVEMENT_RAW_LOG VALUES(1769,0.5898838503386703E0,'2026-03-22 00:04:29.100000','2026-03-22 00:04:32.400000',440)
COMMIT
INSERT INTO AGENT_MOVEMENT_RAW_LOG VALUES(1758,0.1418934200843322E0,'2026-03-22 00:04:30.300000','2026-03-22 00:04:33.600000',441)
COMMIT
INSERT INTO AGENT_MOVEMENT_RAW_LOG VALUES(1764,0.4487343545137456E0,'2026-03-22 00:04:30.600000','2026-03-22 00:04:33.900000',442)
COMMIT
INSERT INTO AGENT_MOVEMENT_RAW_LOG VALUES(1766,0.6833997590494026E0,'2026-03-22 00:04:30.900000','2026-03-22 00:04:34.200000',443)
COMMIT
INSERT INTO AGENT_MOVEMENT_RAW_LOG VALUES(1759,0.5564095004935078E0,'2026-03-22 00:04:31.200000','2026-03-22 00:04:34.500000',444)
COMMIT
INSERT INTO AGENT_MOVEMENT_RAW_LOG VALUES(1760,0.4154841741743982E0,'2026-03-22 00:04:31.200000','2026-03-22 00:04:34.500000',445)
COMMIT
INSERT INTO AGENT_MOVEMENT_RAW_LOG VALUES(1765,0.604537854514651E0,'2026-03-22 00:04:31.200000','2026-03-22 00:04:34.500000',446)
COMMIT
INSERT INTO AGENT_MOVEMENT_RAW_LOG VALUES(1768,0.5153994588006079E0,'2026-03-22 00:04:31.500000','2026-03-22 00:04:34.800000',447)
COMMIT
INSERT INTO AGENT_MOVEMENT_RAW_LOG VALUES(1767,0.679402591364332E0,'2026-03-22 00:04:31.800000','2026-03-22 00:04:35.100000',448)
COMMIT
INSERT INTO AGENT_MOVEMENT_RAW_LOG VALUES(1761,0.36425247465145616E0,'2026-03-22 00:04:32.100000','2026-03-22 00:04:35.400000',449)
COMMIT
INSERT INTO AGENT_MOVEMENT_RAW_LOG VALUES(1762,0.7679855776053116E0,'2026-03-22 00:04:32.100000','2026-03-22 00:04:35.700000',450)
COMMIT
INSERT INTO AGENT_MOVEMENT_RAW_LOG VALUES(1763,0.5899908369110815E0,'2026-03-22 00:04:32.400000','2026-03-22 00:04:35.700000',451)
COMMIT
INSERT INTO AGENT_MOVEMENT_RAW_LOG VALUES(1769,0.6847739270428859E0,'2026-03-22 00:04:32.400000','2026-03-22 00:04:35.700000',452)
COMMIT
INSERT INTO AGENT_MOVEMENT_RAW_LOG VALUES(1758,0.15688111755738487E0,'2026-03-22 00:04:33.600000','2026-03-22 00:04:36.900000',453)
COMMIT
INSERT INTO AGENT_MOVEMENT_RAW_LOG VALUES(1764,0.48994092107512005E0,'2026-03-22 00:04:33.900000','2026-03-22 00:04:37.200000',454)
COMMIT
INSERT INTO AGENT_MOVEMENT_RAW_LOG VALUES(1766,0.6959422331798677E0,'2026-03-22 00:04:34.200000','2026-03-22 00:04:37.500000',455)
COMMIT
INSERT INTO AGENT_MOVEMENT_RAW_LOG VALUES(1759,0.5830742312617763E0,'2026-03-22 00:04:34.500000','2026-03-22 00:04:37.800000',456)
COMMIT
INSERT INTO AGENT_MOVEMENT_RAW_LOG VALUES(1760,0.43627941587318975E0,'2026-03-22 00:04:34.500000','2026-03-22 00:04:37.800000',457)
COMMIT
INSERT INTO AGENT_MOVEMENT_RAW_LOG VALUES(1765,0.6101969780066948E0,'2026-03-22 00:04:34.500000','2026-03-22 00:04:37.800000',458)
COMMIT
INSERT INTO AGENT_MOVEMENT_RAW_LOG VALUES(1768,0.49035059232827527E0,'2026-03-22 00:04:34.800000','2026-03-22 00:04:38.100000',459)
COMMIT
INSERT INTO AGENT_MOVEMENT_RAW_LOG VALUES(1767,0.7093966511621683E0,'2026-03-22 00:04:35.100000','2026-03-22 00:04:38.400000',460)
COMMIT
INSERT INTO AGENT_MOVEMENT_RAW_LOG VALUES(1761,0.34423037855922384E0,'2026-03-22 00:04:35.400000','2026-03-22 00:04:38.700000',461)
COMMIT
INSERT INTO AGENT_MOVEMENT_RAW_LOG VALUES(1762,0.8282824811313152E0,'2026-03-22 00:04:35.700000','2026-03-22 00:04:39.000000',462)
COMMIT
INSERT INTO AGENT_MOVEMENT_RAW_LOG VALUES(1763,0.5757738273907381E0,'2026-03-22 00:04:35.700000','2026-03-22 00:04:39.000000',463)
COMMIT
INSERT INTO AGENT_MOVEMENT_RAW_LOG VALUES(1769,0.5657777734907588E0,'2026-03-22 00:04:35.700000','2026-03-22 00:04:39.000000',464)
COMMIT
INSERT INTO AGENT_MOVEMENT_RAW_LOG VALUES(1758,0.13383800916441346E0,'2026-03-22 00:04:36.900000','2026-03-22 00:04:40.200000',465)
COMMIT
INSERT INTO AGENT_MOVEMENT_RAW_LOG VALUES(1764,0.49111990815587403E0,'2026-03-22 00:04:37.200000','2026-03-22 00:04:40.500000',466)
COMMIT
INSERT INTO AGENT_MOVEMENT_RAW_LOG VALUES(1766,0.7252726481006401E0,'2026-03-22 00:04:37.500000','2026-03-22 00:04:40.800000',467)
COMMIT
INSERT INTO AGENT_MOVEMENT_RAW_LOG VALUES(1759,0.5770741367498868E0,'2026-03-22 00:04:37.800000','2026-03-22 00:04:41.100000',468)
COMMIT
INSERT INTO AGENT_MOVEMENT_RAW_LOG VALUES(1760,0.4098432487523715E0,'2026-03-22 00:04:37.800000','2026-03-22 00:04:41.100000',469)
COMMIT
INSERT INTO AGENT_MOVEMENT_RAW_LOG VALUES(1765,0.6071320455867996E0,'2026-03-22 00:04:37.800000','2026-03-22 00:04:41.100000',470)
COMMIT
INSERT INTO AGENT_MOVEMENT_RAW_LOG VALUES(1768,0.5187268518612027E0,'2026-03-22 00:04:38.100000','2026-03-22 00:04:41.400000',471)
COMMIT
INSERT INTO AGENT_MOVEMENT_RAW_LOG VALUES(1767,0.7363420189994077E0,'2026-03-22 00:04:38.400000','2026-03-22 00:04:41.700000',472)
COMMIT
INSERT INTO AGENT_MOVEMENT_RAW_LOG VALUES(1761,0.3594957597103236E0,'2026-03-22 00:04:38.700000','2026-03-22 00:04:42.000000',473)
COMMIT
INSERT INTO AGENT_MOVEMENT_RAW_LOG VALUES(1762,0.8744457908635048E0,'2026-03-22 00:04:39.000000','2026-03-22 00:04:42.300000',474)
COMMIT
INSERT INTO AGENT_MOVEMENT_RAW_LOG VALUES(1763,0.6071358662300311E0,'2026-03-22 00:04:39.000000','2026-03-22 00:04:42.300000',475)
COMMIT
INSERT INTO AGENT_MOVEMENT_RAW_LOG VALUES(1769,0.5631712684510568E0,'2026-03-22 00:04:39.000000','2026-03-22 00:04:42.300000',476)
COMMIT
INSERT INTO AGENT_MOVEMENT_RAW_LOG VALUES(1758,0.1671020505814047E0,'2026-03-22 00:04:40.200000','2026-03-22 00:04:43.500000',477)
COMMIT
INSERT INTO AGENT_MOVEMENT_RAW_LOG VALUES(1764,0.4830741706928231E0,'2026-03-22 00:04:40.500000','2026-03-22 00:04:43.800000',478)
COMMIT
INSERT INTO AGENT_MOVEMENT_RAW_LOG VALUES(1766,0.6805171527781937E0,'2026-03-22 00:04:40.800000','2026-03-22 00:04:44.100000',479)
COMMIT
INSERT INTO AGENT_MOVEMENT_RAW_LOG VALUES(1759,0.5844410445355919E0,'2026-03-22 00:04:41.100000','2026-03-22 00:04:44.400000',480)
COMMIT
INSERT INTO AGENT_MOVEMENT_RAW_LOG VALUES(1760,0.43270481010354983E0,'2026-03-22 00:04:41.100000','2026-03-22 00:04:44.400000',481)
COMMIT
INSERT INTO AGENT_MOVEMENT_RAW_LOG VALUES(1765,0.6233739618387268E0,'2026-03-22 00:04:41.100000','2026-03-22 00:04:44.400000',482)
COMMIT
INSERT INTO AGENT_MOVEMENT_RAW_LOG VALUES(1767,0.6534784730841879E0,'2026-03-22 00:04:41.700000','2026-03-22 00:04:45.000000',483)
COMMIT
INSERT INTO AGENT_MOVEMENT_RAW_LOG VALUES(1761,0.3389766854748031E0,'2026-03-22 00:04:42.000000','2026-03-22 00:04:45.300000',484)
COMMIT
INSERT INTO AGENT_MOVEMENT_RAW_LOG VALUES(1762,0.8384045125053254E0,'2026-03-22 00:04:42.300000','2026-03-22 00:04:45.600000',485)
COMMIT
INSERT INTO AGENT_MOVEMENT_RAW_LOG VALUES(1763,0.5934112154477181E0,'2026-03-22 00:04:42.300000','2026-03-22 00:04:45.600000',486)
COMMIT
INSERT INTO AGENT_MOVEMENT_RAW_LOG VALUES(1769,0.570696814948021E0,'2026-03-22 00:04:42.300000','2026-03-22 00:04:45.600000',487)
COMMIT
INSERT INTO AGENT_MOVEMENT_RAW_LOG VALUES(1768,0.5312109901007236E0,'2026-03-22 00:04:41.400000','2026-03-22 00:04:46.500000',488)
COMMIT
INSERT INTO AGENT_MOVEMENT_RAW_LOG VALUES(1758,0.152367527152395E0,'2026-03-22 00:04:43.500000','2026-03-22 00:04:46.800000',489)
COMMIT
INSERT INTO AGENT_MOVEMENT_RAW_LOG VALUES(1764,0.43465189087467593E0,'2026-03-22 00:04:43.800000','2026-03-22 00:04:47.100000',490)
COMMIT
INSERT INTO AGENT_MOVEMENT_RAW_LOG VALUES(1766,0.6392454786584404E0,'2026-03-22 00:04:44.100000','2026-03-22 00:04:47.400000',491)
COMMIT
INSERT INTO AGENT_MOVEMENT_RAW_LOG VALUES(1759,0.5078315757316958E0,'2026-03-22 00:04:44.400000','2026-03-22 00:04:47.700000',492)
COMMIT
INSERT INTO AGENT_MOVEMENT_RAW_LOG VALUES(1760,0.40911647272652296E0,'2026-03-22 00:04:44.400000','2026-03-22 00:04:47.700000',493)
COMMIT
INSERT INTO AGENT_MOVEMENT_RAW_LOG VALUES(1765,0.5852550021379146E0,'2026-03-22 00:04:44.400000','2026-03-22 00:04:47.700000',494)
COMMIT
INSERT INTO AGENT_MOVEMENT_RAW_LOG VALUES(1767,0.5765676263443505E0,'2026-03-22 00:04:45.000000','2026-03-22 00:04:48.300000',495)
COMMIT
INSERT INTO AGENT_MOVEMENT_RAW_LOG VALUES(1761,0.3521953460027512E0,'2026-03-22 00:04:45.300000','2026-03-22 00:04:48.600000',496)
COMMIT
INSERT INTO AGENT_MOVEMENT_RAW_LOG VALUES(1762,0.8488322105954871E0,'2026-03-22 00:04:45.600000','2026-03-22 00:04:48.900000',497)
COMMIT
INSERT INTO AGENT_MOVEMENT_RAW_LOG VALUES(1763,0.6073288281897775E0,'2026-03-22 00:04:45.600000','2026-03-22 00:04:48.900000',498)
COMMIT
INSERT INTO AGENT_MOVEMENT_RAW_LOG VALUES(1769,0.6702618478616544E0,'2026-03-22 00:04:45.600000','2026-03-22 00:04:48.900000',499)
COMMIT
INSERT INTO AGENT_MOVEMENT_RAW_LOG VALUES(1778,0.5000960228025939E0,'2026-03-22 00:04:02.400000','2026-03-22 00:04:49.200000',500)
COMMIT
INSERT INTO AGENT_MOVEMENT_RAW_LOG VALUES(1779,0.5178350648428447E0,'2026-03-22 00:04:04.200000','2026-03-22 00:04:49.500000',501)
COMMIT
INSERT INTO AGENT_MOVEMENT_RAW_LOG VALUES(1768,0.5193876793217179E0,'2026-03-22 00:04:46.500000','2026-03-22 00:04:49.800000',502)
COMMIT
INSERT INTO AGENT_MOVEMENT_RAW_LOG VALUES(1758,0.1856335181387878E0,'2026-03-22 00:04:46.800000','2026-03-22 00:04:50.100000',503)
COMMIT
INSERT INTO AGENT_MOVEMENT_RAW_LOG VALUES(1766,0.47888006949742995E0,'2026-03-22 00:04:47.400000','2026-03-22 00:04:50.700000',504)
COMMIT
INSERT INTO AGENT_MOVEMENT_RAW_LOG VALUES(1759,0.4861508178393912E0,'2026-03-22 00:04:47.700000','2026-03-22 00:04:51.000000',505)
COMMIT
INSERT INTO AGENT_MOVEMENT_RAW_LOG VALUES(1760,0.4314563820233098E0,'2026-03-22 00:04:47.700000','2026-03-22 00:04:51.000000',506)
COMMIT
INSERT INTO AGENT_MOVEMENT_RAW_LOG VALUES(1765,0.6064768356564421E0,'2026-03-22 00:04:47.700000','2026-03-22 00:04:51.000000',507)
COMMIT
INSERT INTO AGENT_MOVEMENT_RAW_LOG VALUES(1767,0.5301715443647985E0,'2026-03-22 00:04:48.300000','2026-03-22 00:04:51.600000',508)
COMMIT
INSERT INTO AGENT_MOVEMENT_RAW_LOG VALUES(1761,0.332920038291085E0,'2026-03-22 00:04:48.600000','2026-03-22 00:04:51.900000',509)
COMMIT
INSERT INTO AGENT_MOVEMENT_RAW_LOG VALUES(1762,0.8444471011393516E0,'2026-03-22 00:04:48.900000','2026-03-22 00:04:52.200000',510)
COMMIT
INSERT INTO AGENT_MOVEMENT_RAW_LOG VALUES(1763,0.5619931361675906E0,'2026-03-22 00:04:48.900000','2026-03-22 00:04:52.200000',511)
COMMIT
INSERT INTO AGENT_MOVEMENT_RAW_LOG VALUES(1764,0.536011989950197E0,'2026-03-22 00:04:47.100000','2026-03-22 00:04:52.200000',512)
COMMIT
INSERT INTO AGENT_MOVEMENT_RAW_LOG VALUES(1769,0.738991821424376E0,'2026-03-22 00:04:48.900000','2026-03-22 00:04:52.200000',513)
COMMIT
INSERT INTO AGENT_MOVEMENT_RAW_LOG VALUES(1778,0.49836218639149E0,'2026-03-22 00:04:49.200000','2026-03-22 00:04:52.800000',514)
COMMIT
INSERT INTO AGENT_MOVEMENT_RAW_LOG VALUES(1779,0.38570374270090413E0,'2026-03-22 00:04:49.500000','2026-03-22 00:04:52.800000',515)
COMMIT
INSERT INTO AGENT_MOVEMENT_RAW_LOG VALUES(1758,0.17090013965740855E0,'2026-03-22 00:04:50.100000','2026-03-22 00:04:53.400000',516)
COMMIT
INSERT INTO AGENT_MOVEMENT_RAW_LOG VALUES(1759,0.5203262870696006E0,'2026-03-22 00:04:51.000000','2026-03-22 00:04:54.300000',517)
COMMIT
INSERT INTO AGENT_MOVEMENT_RAW_LOG VALUES(1760,0.4105592799625886E0,'2026-03-22 00:04:51.000000','2026-03-22 00:04:54.300000',518)
COMMIT
INSERT INTO AGENT_MOVEMENT_RAW_LOG VALUES(1765,0.6059270809398939E0,'2026-03-22 00:04:51.000000','2026-03-22 00:04:54.300000',519)
COMMIT
INSERT INTO AGENT_MOVEMENT_RAW_LOG VALUES(1767,0.49152682934181224E0,'2026-03-22 00:04:51.600000','2026-03-22 00:04:54.900000',520)
COMMIT
INSERT INTO AGENT_MOVEMENT_RAW_LOG VALUES(1761,0.34506115222910455E0,'2026-03-22 00:04:51.900000','2026-03-22 00:04:55.200000',521)
COMMIT
INSERT INTO AGENT_MOVEMENT_RAW_LOG VALUES(1762,0.8463588232129311E0,'2026-03-22 00:04:52.200000','2026-03-22 00:04:55.500000',522)
COMMIT
INSERT INTO AGENT_MOVEMENT_RAW_LOG VALUES(1763,0.6158258581162677E0,'2026-03-22 00:04:52.200000','2026-03-22 00:04:55.500000',523)
COMMIT
INSERT INTO AGENT_MOVEMENT_RAW_LOG VALUES(1764,0.45305062351625786E0,'2026-03-22 00:04:52.200000','2026-03-22 00:04:55.500000',524)
COMMIT
INSERT INTO AGENT_MOVEMENT_RAW_LOG VALUES(1769,0.7989057418901971E0,'2026-03-22 00:04:52.200000','2026-03-22 00:04:55.500000',525)
COMMIT
INSERT INTO AGENT_MOVEMENT_RAW_LOG VALUES(1779,0.029114239663743685E0,'2026-03-22 00:04:52.800000','2026-03-22 00:04:55.800000',526)
COMMIT
INSERT INTO AGENT_MOVEMENT_RAW_LOG VALUES(1768,0.49745094495263864E0,'2026-03-22 00:04:49.800000','2026-03-22 00:04:56.100000',527)
COMMIT
INSERT INTO AGENT_MOVEMENT_RAW_LOG VALUES(1777,0.5129041838035484E0,'2026-03-22 00:04:05.100000','2026-03-22 00:04:56.400000',528)
COMMIT
INSERT INTO AGENT_MOVEMENT_RAW_LOG VALUES(1758,0.20416698880260348E0,'2026-03-22 00:04:53.400000','2026-03-22 00:04:56.700000',529)
COMMIT
INSERT INTO AGENT_MOVEMENT_RAW_LOG VALUES(1759,0.5092285046297543E0,'2026-03-22 00:04:54.300000','2026-03-22 00:04:57.600000',530)
COMMIT
INSERT INTO AGENT_MOVEMENT_RAW_LOG VALUES(1760,0.43302970197300816E0,'2026-03-22 00:04:54.300000','2026-03-22 00:04:57.600000',531)
COMMIT
INSERT INTO AGENT_MOVEMENT_RAW_LOG VALUES(1765,0.5894466088631636E0,'2026-03-22 00:04:54.300000','2026-03-22 00:04:57.600000',532)
COMMIT
INSERT INTO AGENT_MOVEMENT_RAW_LOG VALUES(1776,0.4835147208943866E0,'2026-03-22 00:04:03.300000','2026-03-22 00:04:57.600000',533)
COMMIT
INSERT INTO AGENT_MOVEMENT_RAW_LOG VALUES(1767,0.4784297312567096E0,'2026-03-22 00:04:54.900000','2026-03-22 00:04:58.200000',534)
COMMIT
INSERT INTO AGENT_MOVEMENT_RAW_LOG VALUES(1761,0.3274813068539692E0,'2026-03-22 00:04:55.200000','2026-03-22 00:04:58.500000',535)
COMMIT
INSERT INTO AGENT_MOVEMENT_RAW_LOG VALUES(1762,0.8752562355015868E0,'2026-03-22 00:04:55.500000','2026-03-22 00:04:58.800000',536)
COMMIT
INSERT INTO AGENT_MOVEMENT_RAW_LOG VALUES(1763,0.6195229815650939E0,'2026-03-22 00:04:55.500000','2026-03-22 00:04:58.800000',537)
COMMIT
INSERT INTO AGENT_MOVEMENT_RAW_LOG VALUES(1764,0.45914861844291155E0,'2026-03-22 00:04:55.500000','2026-03-22 00:04:58.800000',538)
COMMIT
INSERT INTO AGENT_MOVEMENT_RAW_LOG VALUES(1769,0.7216752137046041E0,'2026-03-22 00:04:55.500000','2026-03-22 00:04:58.800000',539)
COMMIT
INSERT INTO AGENT_MOVEMENT_RAW_LOG VALUES(1778,0.14085610290327033E0,'2026-03-22 00:04:52.800000','2026-03-22 00:04:58.800000',540)
COMMIT
INSERT INTO AGENT_MOVEMENT_RAW_LOG VALUES(1758,0.18943418155283415E0,'2026-03-22 00:04:56.700000','2026-03-22 00:05:00.000000',541)
COMMIT
INSERT INTO AGENT_MOVEMENT_RAW_LOG VALUES(1759,0.5496215986687056E0,'2026-03-22 00:04:57.600000','2026-03-22 00:05:00.900000',542)
COMMIT
INSERT INTO AGENT_MOVEMENT_RAW_LOG VALUES(1760,0.41563032005546846E0,'2026-03-22 00:04:57.600000','2026-03-22 00:05:00.900000',543)
COMMIT
INSERT INTO AGENT_MOVEMENT_RAW_LOG VALUES(1765,0.6249816642626661E0,'2026-03-22 00:04:57.600000','2026-03-22 00:05:00.900000',544)
COMMIT
INSERT INTO AGENT_MOVEMENT_RAW_LOG VALUES(1776,0.6886066614380053E0,'2026-03-22 00:04:57.600000','2026-03-22 00:05:00.900000',545)
COMMIT
INSERT INTO AGENT_MOVEMENT_RAW_LOG VALUES(1767,0.48682976975466524E0,'2026-03-22 00:04:58.200000','2026-03-22 00:05:01.500000',546)
COMMIT
INSERT INTO AGENT_MOVEMENT_RAW_LOG VALUES(1761,0.33785384285313985E0,'2026-03-22 00:04:58.500000','2026-03-22 00:05:01.800000',547)
COMMIT
INSERT INTO AGENT_MOVEMENT_RAW_LOG VALUES(1777,0.35693686533886826E0,'2026-03-22 00:04:56.400000','2026-03-22 00:05:01.800000',548)
COMMIT
INSERT INTO AGENT_MOVEMENT_RAW_LOG VALUES(1779,0.4885091483408717E0,'2026-03-22 00:04:55.800000','2026-03-22 00:05:01.800000',549)
COMMIT
INSERT INTO AGENT_MOVEMENT_RAW_LOG VALUES(1763,0.6535951720722554E0,'2026-03-22 00:04:58.800000','2026-03-22 00:05:02.100000',550)
COMMIT
INSERT INTO AGENT_MOVEMENT_RAW_LOG VALUES(1769,0.5740127700681413E0,'2026-03-22 00:04:58.800000','2026-03-22 00:05:02.100000',551)
COMMIT
INSERT INTO AGENT_MOVEMENT_RAW_LOG VALUES(1778,0.6078929504366571E0,'2026-03-22 00:04:58.800000','2026-03-22 00:05:02.100000',552)
COMMIT
INSERT INTO AGENT_MOVEMENT_RAW_LOG VALUES(1762,0.7694415821820032E0,'2026-03-22 00:04:58.800000','2026-03-22 00:05:02.400000',553)
COMMIT
INSERT INTO AGENT_MOVEMENT_RAW_LOG VALUES(1764,0.7558724858550109E0,'2026-03-22 00:04:58.800000','2026-03-22 00:05:02.400000',554)
COMMIT
INSERT INTO AGENT_MOVEMENT_RAW_LOG VALUES(1758,0.2227014916197582E0,'2026-03-22 00:05:00.000000','2026-03-22 00:05:03.300000',555)
COMMIT
INSERT INTO AGENT_MOVEMENT_RAW_LOG VALUES(1759,0.5622632674161739E0,'2026-03-22 00:05:00.900000','2026-03-22 00:05:04.200000',556)
COMMIT
INSERT INTO AGENT_MOVEMENT_RAW_LOG VALUES(1760,0.43418107014307133E0,'2026-03-22 00:05:00.900000','2026-03-22 00:05:04.200000',557)
COMMIT
INSERT INTO AGENT_MOVEMENT_RAW_LOG VALUES(1765,0.616865001486123E0,'2026-03-22 00:05:00.900000','2026-03-22 00:05:04.200000',558)
COMMIT
INSERT INTO AGENT_MOVEMENT_RAW_LOG VALUES(1776,0.6724226040942434E0,'2026-03-22 00:05:00.900000','2026-03-22 00:05:04.200000',559)
COMMIT
INSERT INTO AGENT_MOVEMENT_RAW_LOG VALUES(1767,0.4939871367378802E0,'2026-03-22 00:05:01.500000','2026-03-22 00:05:04.800000',560)
COMMIT
INSERT INTO AGENT_MOVEMENT_RAW_LOG VALUES(1777,0.10598172433805819E0,'2026-03-22 00:05:01.800000','2026-03-22 00:05:04.800000',561)
COMMIT
INSERT INTO AGENT_MOVEMENT_RAW_LOG VALUES(1761,0.3496563006246287E0,'2026-03-22 00:05:01.800000','2026-03-22 00:05:05.100000',562)
COMMIT
INSERT INTO AGENT_MOVEMENT_RAW_LOG VALUES(1779,0.739987701440016E0,'2026-03-22 00:05:01.800000','2026-03-22 00:05:05.100000',563)
COMMIT
INSERT INTO AGENT_MOVEMENT_RAW_LOG VALUES(1763,0.6308280706603717E0,'2026-03-22 00:05:02.100000','2026-03-22 00:05:05.400000',564)
COMMIT
INSERT INTO AGENT_MOVEMENT_RAW_LOG VALUES(1769,0.7370208569165195E0,'2026-03-22 00:05:02.100000','2026-03-22 00:05:05.400000',565)
COMMIT
INSERT INTO AGENT_MOVEMENT_RAW_LOG VALUES(1778,0.6026002872386748E0,'2026-03-22 00:05:02.100000','2026-03-22 00:05:05.400000',566)
COMMIT
INSERT INTO AGENT_MOVEMENT_RAW_LOG VALUES(1762,0.8324419888534316E0,'2026-03-22 00:05:02.400000','2026-03-22 00:05:05.700000',567)
COMMIT
INSERT INTO AGENT_MOVEMENT_RAW_LOG VALUES(1764,0.49209300857395943E0,'2026-03-22 00:05:02.400000','2026-03-22 00:05:05.700000',568)
COMMIT
INSERT INTO AGENT_MOVEMENT_RAW_LOG VALUES(1768,0.3464112783494796E0,'2026-03-22 00:04:56.100000','2026-03-22 00:05:05.700000',569)
COMMIT
INSERT INTO AGENT_MOVEMENT_RAW_LOG VALUES(1758,0.20796900065715446E0,'2026-03-22 00:05:03.300000','2026-03-22 00:05:06.600000',570)
COMMIT
INSERT INTO AGENT_MOVEMENT_RAW_LOG VALUES(1766,0.34754647011005957E0,'2026-03-22 00:04:50.700000','2026-03-22 00:05:07.200000',571)
COMMIT
INSERT INTO AGENT_MOVEMENT_RAW_LOG VALUES(1759,0.5132131118803787E0,'2026-03-22 00:05:04.200000','2026-03-22 00:05:07.500000',572)
COMMIT
INSERT INTO AGENT_MOVEMENT_RAW_LOG VALUES(1760,0.4174664391914957E0,'2026-03-22 00:05:04.200000','2026-03-22 00:05:07.500000',573)
COMMIT
INSERT INTO AGENT_MOVEMENT_RAW_LOG VALUES(1765,0.6147732920220258E0,'2026-03-22 00:05:04.200000','2026-03-22 00:05:07.500000',574)
COMMIT
INSERT INTO AGENT_MOVEMENT_RAW_LOG VALUES(1776,0.49155530521230417E0,'2026-03-22 00:05:04.200000','2026-03-22 00:05:07.500000',575)
COMMIT
INSERT INTO AGENT_MOVEMENT_RAW_LOG VALUES(1767,0.49504943548239483E0,'2026-03-22 00:05:04.800000','2026-03-22 00:05:08.100000',576)
COMMIT
INSERT INTO AGENT_MOVEMENT_RAW_LOG VALUES(1777,0.7813481290486739E0,'2026-03-22 00:05:04.800000','2026-03-22 00:05:08.100000',577)
COMMIT
INSERT INTO AGENT_MOVEMENT_RAW_LOG VALUES(1761,0.42761413348512956E0,'2026-03-22 00:05:05.100000','2026-03-22 00:05:08.400000',578)
COMMIT
INSERT INTO AGENT_MOVEMENT_RAW_LOG VALUES(1779,0.9608587374870673E0,'2026-03-22 00:05:05.100000','2026-03-22 00:05:08.400000',579)
COMMIT
INSERT INTO AGENT_MOVEMENT_RAW_LOG VALUES(1763,0.6350478865240216E0,'2026-03-22 00:05:05.400000','2026-03-22 00:05:08.700000',580)
COMMIT
INSERT INTO AGENT_MOVEMENT_RAW_LOG VALUES(1769,0.7273441022046999E0,'2026-03-22 00:05:05.400000','2026-03-22 00:05:08.700000',581)
COMMIT
INSERT INTO AGENT_MOVEMENT_RAW_LOG VALUES(1778,0.593407769019584E0,'2026-03-22 00:05:05.400000','2026-03-22 00:05:08.700000',582)
COMMIT
INSERT INTO AGENT_MOVEMENT_RAW_LOG VALUES(1762,0.8495008451723677E0,'2026-03-22 00:05:05.700000','2026-03-22 00:05:09.000000',583)
COMMIT
INSERT INTO AGENT_MOVEMENT_RAW_LOG VALUES(1764,0.4896668026934323E0,'2026-03-22 00:05:05.700000','2026-03-22 00:05:09.000000',584)
COMMIT
INSERT INTO AGENT_MOVEMENT_RAW_LOG VALUES(1768,0.4977156431588104E0,'2026-03-22 00:05:05.700000','2026-03-22 00:05:09.000000',585)
COMMIT
INSERT INTO AGENT_MOVEMENT_RAW_LOG VALUES(1758,0.24123654952756787E0,'2026-03-22 00:05:06.600000','2026-03-22 00:05:09.900000',586)
COMMIT
INSERT INTO AGENT_MOVEMENT_RAW_LOG VALUES(1766,0.5583953128703455E0,'2026-03-22 00:05:07.200000','2026-03-22 00:05:10.500000',587)
COMMIT
INSERT INTO AGENT_MOVEMENT_RAW_LOG VALUES(1759,0.5482457239763847E0,'2026-03-22 00:05:07.500000','2026-03-22 00:05:10.800000',588)
COMMIT
INSERT INTO AGENT_MOVEMENT_RAW_LOG VALUES(1760,0.40001352463983453E0,'2026-03-22 00:05:07.500000','2026-03-22 00:05:10.800000',589)
COMMIT
INSERT INTO AGENT_MOVEMENT_RAW_LOG VALUES(1765,0.5947856729669204E0,'2026-03-22 00:05:07.500000','2026-03-22 00:05:10.800000',590)
COMMIT
INSERT INTO AGENT_MOVEMENT_RAW_LOG VALUES(1776,0.5138292754516269E0,'2026-03-22 00:05:07.500000','2026-03-22 00:05:10.800000',591)
COMMIT
INSERT INTO AGENT_MOVEMENT_RAW_LOG VALUES(1767,0.503175731259228E0,'2026-03-22 00:05:08.100000','2026-03-22 00:05:11.400000',592)
COMMIT
INSERT INTO AGENT_MOVEMENT_RAW_LOG VALUES(1777,0.8057995463121954E0,'2026-03-22 00:05:08.100000','2026-03-22 00:05:11.400000',593)
COMMIT
INSERT INTO AGENT_MOVEMENT_RAW_LOG VALUES(1761,0.3953656000813577E0,'2026-03-22 00:05:08.400000','2026-03-22 00:05:11.700000',594)
COMMIT
INSERT INTO AGENT_MOVEMENT_RAW_LOG VALUES(1779,0.9660535888724939E0,'2026-03-22 00:05:08.400000','2026-03-22 00:05:11.700000',595)
COMMIT
INSERT INTO AGENT_MOVEMENT_RAW_LOG VALUES(1763,0.6129592203636075E0,'2026-03-22 00:05:08.700000','2026-03-22 00:05:12.000000',596)
COMMIT
INSERT INTO AGENT_MOVEMENT_RAW_LOG VALUES(1769,0.7562181127419262E0,'2026-03-22 00:05:08.700000','2026-03-22 00:05:12.000000',597)
COMMIT
INSERT INTO AGENT_MOVEMENT_RAW_LOG VALUES(1778,0.5631241039076039E0,'2026-03-22 00:05:08.700000','2026-03-22 00:05:12.000000',598)
COMMIT
INSERT INTO AGENT_MOVEMENT_RAW_LOG VALUES(1762,0.8560292161125462E0,'2026-03-22 00:05:09.000000','2026-03-22 00:05:12.300000',599)
COMMIT
INSERT INTO AGENT_MOVEMENT_RAW_LOG VALUES(1764,0.4574042817668745E0,'2026-03-22 00:05:09.000000','2026-03-22 00:05:12.300000',600)
COMMIT
INSERT INTO AGENT_MOVEMENT_RAW_LOG VALUES(1768,0.4967244512625381E0,'2026-03-22 00:05:09.000000','2026-03-22 00:05:12.300000',601)
COMMIT
INSERT INTO AGENT_MOVEMENT_RAW_LOG VALUES(1758,0.2265041778607672E0,'2026-03-22 00:05:09.900000','2026-03-22 00:05:13.200000',602)
COMMIT
INSERT INTO AGENT_MOVEMENT_RAW_LOG VALUES(1766,0.600070834143444E0,'2026-03-22 00:05:10.500000','2026-03-22 00:05:13.800000',603)
COMMIT
INSERT INTO AGENT_MOVEMENT_RAW_LOG VALUES(1759,0.5605656370809879E0,'2026-03-22 00:05:10.800000','2026-03-22 00:05:14.100000',604)
COMMIT
INSERT INTO AGENT_MOVEMENT_RAW_LOG VALUES(1760,0.40303649290190935E0,'2026-03-22 00:05:10.800000','2026-03-22 00:05:14.100000',605)
COMMIT
INSERT INTO AGENT_MOVEMENT_RAW_LOG VALUES(1765,0.6150672253748284E0,'2026-03-22 00:05:10.800000','2026-03-22 00:05:14.100000',606)
COMMIT
INSERT INTO AGENT_MOVEMENT_RAW_LOG VALUES(1776,0.5067939836954236E0,'2026-03-22 00:05:10.800000','2026-03-22 00:05:14.100000',607)
COMMIT
INSERT INTO AGENT_MOVEMENT_RAW_LOG VALUES(1767,0.5005055754245019E0,'2026-03-22 00:05:11.400000','2026-03-22 00:05:14.700000',608)
COMMIT
INSERT INTO AGENT_MOVEMENT_RAW_LOG VALUES(1777,0.7727822882749354E0,'2026-03-22 00:05:11.400000','2026-03-22 00:05:14.700000',609)
COMMIT
INSERT INTO AGENT_MOVEMENT_RAW_LOG VALUES(1761,0.40376315458409845E0,'2026-03-22 00:05:11.700000','2026-03-22 00:05:15.000000',610)
COMMIT
INSERT INTO AGENT_MOVEMENT_RAW_LOG VALUES(1779,0.9786406395768787E0,'2026-03-22 00:05:11.700000','2026-03-22 00:05:15.000000',611)
COMMIT
INSERT INTO AGENT_MOVEMENT_RAW_LOG VALUES(1763,0.6100142774164956E0,'2026-03-22 00:05:12.000000','2026-03-22 00:05:15.300000',612)
COMMIT
INSERT INTO AGENT_MOVEMENT_RAW_LOG VALUES(1769,0.7625646136799266E0,'2026-03-22 00:05:12.000000','2026-03-22 00:05:15.300000',613)
COMMIT
INSERT INTO AGENT_MOVEMENT_RAW_LOG VALUES(1778,0.5636989370187456E0,'2026-03-22 00:05:12.000000','2026-03-22 00:05:15.300000',614)
COMMIT
INSERT INTO AGENT_MOVEMENT_RAW_LOG VALUES(1764,0.4893043412116591E0,'2026-03-22 00:05:12.300000','2026-03-22 00:05:15.600000',615)
COMMIT
INSERT INTO AGENT_MOVEMENT_RAW_LOG VALUES(1768,0.5108466279181884E0,'2026-03-22 00:05:12.300000','2026-03-22 00:05:15.600000',616)
COMMIT
INSERT INTO AGENT_MOVEMENT_RAW_LOG VALUES(1762,0.7815918375367538E0,'2026-03-22 00:05:12.300000','2026-03-22 00:05:15.900000',617)
COMMIT
INSERT INTO AGENT_MOVEMENT_RAW_LOG VALUES(1758,0.2597717520903991E0,'2026-03-22 00:05:13.200000','2026-03-22 00:05:16.500000',618)
COMMIT
INSERT INTO AGENT_MOVEMENT_RAW_LOG VALUES(1766,0.5353039213921259E0,'2026-03-22 00:05:13.800000','2026-03-22 00:05:17.100000',619)
COMMIT
INSERT INTO AGENT_MOVEMENT_RAW_LOG VALUES(1759,0.5468051012835543E0,'2026-03-22 00:05:14.100000','2026-03-22 00:05:17.400000',620)
COMMIT
INSERT INTO AGENT_MOVEMENT_RAW_LOG VALUES(1760,0.39843945575867196E0,'2026-03-22 00:05:14.100000','2026-03-22 00:05:17.400000',621)
COMMIT
INSERT INTO AGENT_MOVEMENT_RAW_LOG VALUES(1765,0.5920510743931932E0,'2026-03-22 00:05:14.100000','2026-03-22 00:05:17.400000',622)
COMMIT
INSERT INTO AGENT_MOVEMENT_RAW_LOG VALUES(1776,0.5089541103907016E0,'2026-03-22 00:05:14.100000','2026-03-22 00:05:17.400000',623)
COMMIT
INSERT INTO AGENT_MOVEMENT_RAW_LOG VALUES(1767,0.5034329549744855E0,'2026-03-22 00:05:14.700000','2026-03-22 00:05:18.000000',624)
COMMIT
INSERT INTO AGENT_MOVEMENT_RAW_LOG VALUES(1777,0.8553603721405267E0,'2026-03-22 00:05:14.700000','2026-03-22 00:05:18.000000',625)
COMMIT
INSERT INTO AGENT_MOVEMENT_RAW_LOG VALUES(1761,0.4235964746421641E0,'2026-03-22 00:05:15.000000','2026-03-22 00:05:18.300000',626)
COMMIT
INSERT INTO AGENT_MOVEMENT_RAW_LOG VALUES(1779,0.9692416909238092E0,'2026-03-22 00:05:15.000000','2026-03-22 00:05:18.300000',627)
COMMIT
INSERT INTO AGENT_MOVEMENT_RAW_LOG VALUES(1763,0.5690323553077593E0,'2026-03-22 00:05:15.300000','2026-03-22 00:05:18.600000',628)
COMMIT
INSERT INTO AGENT_MOVEMENT_RAW_LOG VALUES(1769,0.7653792435821076E0,'2026-03-22 00:05:15.300000','2026-03-22 00:05:18.600000',629)
COMMIT
INSERT INTO AGENT_MOVEMENT_RAW_LOG VALUES(1778,0.5388530201308173E0,'2026-03-22 00:05:15.300000','2026-03-22 00:05:18.600000',630)
COMMIT
INSERT INTO AGENT_MOVEMENT_RAW_LOG VALUES(1764,0.5244130167129509E0,'2026-03-22 00:05:15.600000','2026-03-22 00:05:18.900000',631)
COMMIT
INSERT INTO AGENT_MOVEMENT_RAW_LOG VALUES(1768,0.4971185515441879E0,'2026-03-22 00:05:15.600000','2026-03-22 00:05:18.900000',632)
COMMIT
INSERT INTO AGENT_MOVEMENT_RAW_LOG VALUES(1762,0.8514510874694106E0,'2026-03-22 00:05:15.900000','2026-03-22 00:05:19.200000',633)
COMMIT
INSERT INTO AGENT_MOVEMENT_RAW_LOG VALUES(1758,0.24079177514828642E0,'2026-03-22 00:05:16.500000','2026-03-22 00:05:19.800000',634)
COMMIT
INSERT INTO AGENT_MOVEMENT_RAW_LOG VALUES(1766,0.5637328708802006E0,'2026-03-22 00:05:17.100000','2026-03-22 00:05:20.400000',635)
COMMIT
INSERT INTO AGENT_MOVEMENT_RAW_LOG VALUES(1759,0.5226940567057129E0,'2026-03-22 00:05:17.400000','2026-03-22 00:05:20.700000',636)
COMMIT
INSERT INTO AGENT_MOVEMENT_RAW_LOG VALUES(1760,0.40493598425015825E0,'2026-03-22 00:05:17.400000','2026-03-22 00:05:20.700000',637)
COMMIT
INSERT INTO AGENT_MOVEMENT_RAW_LOG VALUES(1765,0.6198895814768998E0,'2026-03-22 00:05:17.400000','2026-03-22 00:05:20.700000',638)
COMMIT
INSERT INTO AGENT_MOVEMENT_RAW_LOG VALUES(1776,0.49208191488203207E0,'2026-03-22 00:05:17.400000','2026-03-22 00:05:20.700000',639)
COMMIT
INSERT INTO AGENT_MOVEMENT_RAW_LOG VALUES(1767,0.508357142417445E0,'2026-03-22 00:05:18.000000','2026-03-22 00:05:21.300000',640)
COMMIT
INSERT INTO AGENT_MOVEMENT_RAW_LOG VALUES(1777,0.8516167240024753E0,'2026-03-22 00:05:18.000000','2026-03-22 00:05:21.300000',641)
COMMIT
INSERT INTO AGENT_MOVEMENT_RAW_LOG VALUES(1761,0.4084606063708977E0,'2026-03-22 00:05:18.300000','2026-03-22 00:05:21.600000',642)
COMMIT
INSERT INTO AGENT_MOVEMENT_RAW_LOG VALUES(1779,0.8982801924529217E0,'2026-03-22 00:05:18.300000','2026-03-22 00:05:21.600000',643)
COMMIT
INSERT INTO AGENT_MOVEMENT_RAW_LOG VALUES(1763,0.5844471593168135E0,'2026-03-22 00:05:18.600000','2026-03-22 00:05:21.900000',644)
COMMIT
INSERT INTO AGENT_MOVEMENT_RAW_LOG VALUES(1769,0.7862576645149972E0,'2026-03-22 00:05:18.600000','2026-03-22 00:05:21.900000',645)
COMMIT
INSERT INTO AGENT_MOVEMENT_RAW_LOG VALUES(1778,0.5356799724117757E0,'2026-03-22 00:05:18.600000','2026-03-22 00:05:21.900000',646)
COMMIT
INSERT INTO AGENT_MOVEMENT_RAW_LOG VALUES(1764,0.4908450226484901E0,'2026-03-22 00:05:18.900000','2026-03-22 00:05:22.200000',647)
COMMIT
INSERT INTO AGENT_MOVEMENT_RAW_LOG VALUES(1768,0.4885496240613832E0,'2026-03-22 00:05:18.900000','2026-03-22 00:05:22.200000',648)
COMMIT
INSERT INTO AGENT_MOVEMENT_RAW_LOG VALUES(1762,0.8672061970426267E0,'2026-03-22 00:05:19.200000','2026-03-22 00:05:22.500000',649)
COMMIT
INSERT INTO AGENT_MOVEMENT_RAW_LOG VALUES(1758,0.26131677253249036E0,'2026-03-22 00:05:19.800000','2026-03-22 00:05:23.100000',650)
COMMIT
INSERT INTO AGENT_MOVEMENT_RAW_LOG VALUES(1766,0.5813592376375868E0,'2026-03-22 00:05:20.400000','2026-03-22 00:05:23.700000',651)
COMMIT
INSERT INTO AGENT_MOVEMENT_RAW_LOG VALUES(1759,0.5365840366912192E0,'2026-03-22 00:05:20.700000','2026-03-22 00:05:24.000000',652)
COMMIT
INSERT INTO AGENT_MOVEMENT_RAW_LOG VALUES(1760,0.40917837411415175E0,'2026-03-22 00:05:20.700000','2026-03-22 00:05:24.000000',653)
COMMIT
INSERT INTO AGENT_MOVEMENT_RAW_LOG VALUES(1765,0.6105815427679527E0,'2026-03-22 00:05:20.700000','2026-03-22 00:05:24.000000',654)
COMMIT
INSERT INTO AGENT_MOVEMENT_RAW_LOG VALUES(1776,0.49956209417308617E0,'2026-03-22 00:05:20.700000','2026-03-22 00:05:24.000000',655)
COMMIT
INSERT INTO AGENT_MOVEMENT_RAW_LOG VALUES(1767,0.511645707005895E0,'2026-03-22 00:05:21.300000','2026-03-22 00:05:24.600000',656)
COMMIT
INSERT INTO AGENT_MOVEMENT_RAW_LOG VALUES(1777,0.8529829965873112E0,'2026-03-22 00:05:21.300000','2026-03-22 00:05:24.600000',657)
COMMIT
INSERT INTO AGENT_MOVEMENT_RAW_LOG VALUES(1761,0.3607040191199629E0,'2026-03-22 00:05:21.600000','2026-03-22 00:05:24.900000',658)
COMMIT
INSERT INTO AGENT_MOVEMENT_RAW_LOG VALUES(1779,0.858684252443388E0,'2026-03-22 00:05:21.600000','2026-03-22 00:05:24.900000',659)
COMMIT
INSERT INTO AGENT_MOVEMENT_RAW_LOG VALUES(1763,0.6039649181923077E0,'2026-03-22 00:05:21.900000','2026-03-22 00:05:25.200000',660)
COMMIT
INSERT INTO AGENT_MOVEMENT_RAW_LOG VALUES(1769,0.7869865967409406E0,'2026-03-22 00:05:21.900000','2026-03-22 00:05:25.200000',661)
COMMIT
INSERT INTO AGENT_MOVEMENT_RAW_LOG VALUES(1778,0.5587598209979387E0,'2026-03-22 00:05:21.900000','2026-03-22 00:05:25.200000',662)
COMMIT
INSERT INTO AGENT_MOVEMENT_RAW_LOG VALUES(1768,0.489148782953093E0,'2026-03-22 00:05:22.200000','2026-03-22 00:05:25.500000',663)
COMMIT
INSERT INTO AGENT_MOVEMENT_RAW_LOG VALUES(1762,0.7823833899306388E0,'2026-03-22 00:05:22.500000','2026-03-22 00:05:26.100000',664)
COMMIT
INSERT INTO AGENT_MOVEMENT_RAW_LOG VALUES(1758,0.23101009224696117E0,'2026-03-22 00:05:23.100000','2026-03-22 00:05:26.400000',665)
COMMIT
INSERT INTO AGENT_MOVEMENT_RAW_LOG VALUES(1766,0.6013047996846725E0,'2026-03-22 00:05:23.700000','2026-03-22 00:05:27.000000',666)
COMMIT
INSERT INTO AGENT_MOVEMENT_RAW_LOG VALUES(1759,0.5371799960823002E0,'2026-03-22 00:05:24.000000','2026-03-22 00:05:27.300000',667)
COMMIT
INSERT INTO AGENT_MOVEMENT_RAW_LOG VALUES(1760,0.4084920366402292E0,'2026-03-22 00:05:24.000000','2026-03-22 00:05:27.300000',668)
COMMIT
INSERT INTO AGENT_MOVEMENT_RAW_LOG VALUES(1765,0.6226731539051821E0,'2026-03-22 00:05:24.000000','2026-03-22 00:05:27.300000',669)
COMMIT
INSERT INTO AGENT_MOVEMENT_RAW_LOG VALUES(1776,0.5093595694337898E0,'2026-03-22 00:05:24.000000','2026-03-22 00:05:27.300000',670)
COMMIT
INSERT INTO AGENT_MOVEMENT_RAW_LOG VALUES(1767,0.49160974442673305E0,'2026-03-22 00:05:24.600000','2026-03-22 00:05:27.900000',671)
COMMIT
INSERT INTO AGENT_MOVEMENT_RAW_LOG VALUES(1777,0.8672981690928019E0,'2026-03-22 00:05:24.600000','2026-03-22 00:05:27.900000',672)
COMMIT
INSERT INTO AGENT_MOVEMENT_RAW_LOG VALUES(1761,0.3500235621390125E0,'2026-03-22 00:05:24.900000','2026-03-22 00:05:28.200000',673)
COMMIT
INSERT INTO AGENT_MOVEMENT_RAW_LOG VALUES(1779,0.8284893317834551E0,'2026-03-22 00:05:24.900000','2026-03-22 00:05:28.200000',674)
COMMIT
INSERT INTO AGENT_MOVEMENT_RAW_LOG VALUES(1763,0.579657417389303E0,'2026-03-22 00:05:25.200000','2026-03-22 00:05:28.500000',675)
COMMIT
INSERT INTO AGENT_MOVEMENT_RAW_LOG VALUES(1764,0.442927819403258E0,'2026-03-22 00:05:22.200000','2026-03-22 00:05:28.500000',676)
COMMIT
INSERT INTO AGENT_MOVEMENT_RAW_LOG VALUES(1769,0.6918489929149682E0,'2026-03-22 00:05:25.200000','2026-03-22 00:05:28.500000',677)
COMMIT
INSERT INTO AGENT_MOVEMENT_RAW_LOG VALUES(1778,0.5496899735459634E0,'2026-03-22 00:05:25.200000','2026-03-22 00:05:28.500000',678)
COMMIT
INSERT INTO AGENT_MOVEMENT_RAW_LOG VALUES(1768,0.490261671418448E0,'2026-03-22 00:05:25.500000','2026-03-22 00:05:28.800000',679)
COMMIT
INSERT INTO AGENT_MOVEMENT_RAW_LOG VALUES(1762,0.8353836128747667E0,'2026-03-22 00:05:26.100000','2026-03-22 00:05:29.400000',680)
COMMIT
INSERT INTO AGENT_MOVEMENT_RAW_LOG VALUES(1758,0.2487032822920914E0,'2026-03-22 00:05:26.400000','2026-03-22 00:05:29.700000',681)
COMMIT
INSERT INTO AGENT_MOVEMENT_RAW_LOG VALUES(1766,0.5880935721326963E0,'2026-03-22 00:05:27.000000','2026-03-22 00:05:30.300000',682)
COMMIT
INSERT INTO AGENT_MOVEMENT_RAW_LOG VALUES(1759,0.5325227071875546E0,'2026-03-22 00:05:27.300000','2026-03-22 00:05:30.600000',683)
COMMIT
INSERT INTO AGENT_MOVEMENT_RAW_LOG VALUES(1760,0.4149909723289406E0,'2026-03-22 00:05:27.300000','2026-03-22 00:05:30.600000',684)
COMMIT
INSERT INTO AGENT_MOVEMENT_RAW_LOG VALUES(1765,0.5911076806165557E0,'2026-03-22 00:05:27.300000','2026-03-22 00:05:30.600000',685)
COMMIT
INSERT INTO AGENT_MOVEMENT_RAW_LOG VALUES(1776,0.5130156076479391E0,'2026-03-22 00:05:27.300000','2026-03-22 00:05:30.600000',686)
COMMIT
INSERT INTO AGENT_MOVEMENT_RAW_LOG VALUES(1767,0.4846365003128106E0,'2026-03-22 00:05:27.900000','2026-03-22 00:05:31.200000',687)
COMMIT
INSERT INTO AGENT_MOVEMENT_RAW_LOG VALUES(1761,0.3663034847063978E0,'2026-03-22 00:05:28.200000','2026-03-22 00:05:31.500000',688)
COMMIT
INSERT INTO AGENT_MOVEMENT_RAW_LOG VALUES(1763,0.5775880357779211E0,'2026-03-22 00:05:28.500000','2026-03-22 00:05:31.800000',689)
COMMIT
INSERT INTO AGENT_MOVEMENT_RAW_LOG VALUES(1764,0.46470410227436243E0,'2026-03-22 00:05:28.500000','2026-03-22 00:05:31.800000',690)
COMMIT
INSERT INTO AGENT_MOVEMENT_RAW_LOG VALUES(1769,0.7893387391689529E0,'2026-03-22 00:05:28.500000','2026-03-22 00:05:31.800000',691)
COMMIT
INSERT INTO AGENT_MOVEMENT_RAW_LOG VALUES(1778,0.5567909184316677E0,'2026-03-22 00:05:28.500000','2026-03-22 00:05:31.800000',692)
COMMIT
INSERT INTO AGENT_MOVEMENT_RAW_LOG VALUES(1768,0.46876061251505E0,'2026-03-22 00:05:28.800000','2026-03-22 00:05:32.100000',693)
COMMIT
INSERT INTO AGENT_MOVEMENT_RAW_LOG VALUES(1779,0.6619407275635775E0,'2026-03-22 00:05:28.200000','2026-03-22 00:05:32.400000',694)
COMMIT
INSERT INTO AGENT_MOVEMENT_RAW_LOG VALUES(1762,0.8622580770508638E0,'2026-03-22 00:05:29.400000','2026-03-22 00:05:32.700000',695)
COMMIT
INSERT INTO AGENT_MOVEMENT_RAW_LOG VALUES(1758,0.21839651608541663E0,'2026-03-22 00:05:29.700000','2026-03-22 00:05:33.000000',696)
COMMIT
INSERT INTO AGENT_MOVEMENT_RAW_LOG VALUES(1766,0.6151589610700262E0,'2026-03-22 00:05:30.300000','2026-03-22 00:05:33.600000',697)
COMMIT
INSERT INTO AGENT_MOVEMENT_RAW_LOG VALUES(1777,0.4527671342917322E0,'2026-03-22 00:05:27.900000','2026-03-22 00:05:33.600000',698)
COMMIT
INSERT INTO AGENT_MOVEMENT_RAW_LOG VALUES(1759,0.5328866683433163E0,'2026-03-22 00:05:30.600000','2026-03-22 00:05:33.900000',699)
COMMIT
INSERT INTO AGENT_MOVEMENT_RAW_LOG VALUES(1760,0.4034108063840643E0,'2026-03-22 00:05:30.600000','2026-03-22 00:05:33.900000',700)
COMMIT
INSERT INTO AGENT_MOVEMENT_RAW_LOG VALUES(1765,0.6257910112463726E0,'2026-03-22 00:05:30.600000','2026-03-22 00:05:33.900000',701)
COMMIT
INSERT INTO AGENT_MOVEMENT_RAW_LOG VALUES(1776,0.5054123384788586E0,'2026-03-22 00:05:30.600000','2026-03-22 00:05:33.900000',702)
COMMIT
INSERT INTO AGENT_MOVEMENT_RAW_LOG VALUES(1767,0.5016187937010645E0,'2026-03-22 00:05:31.200000','2026-03-22 00:05:34.500000',703)
COMMIT
INSERT INTO AGENT_MOVEMENT_RAW_LOG VALUES(1761,0.42759237766098457E0,'2026-03-22 00:05:31.500000','2026-03-22 00:05:34.800000',704)
COMMIT
INSERT INTO AGENT_MOVEMENT_RAW_LOG VALUES(1763,0.5732562434588665E0,'2026-03-22 00:05:31.800000','2026-03-22 00:05:35.100000',705)
COMMIT
INSERT INTO AGENT_MOVEMENT_RAW_LOG VALUES(1764,0.4552855759872452E0,'2026-03-22 00:05:31.800000','2026-03-22 00:05:35.100000',706)
COMMIT
INSERT INTO AGENT_MOVEMENT_RAW_LOG VALUES(1769,0.7846983340529091E0,'2026-03-22 00:05:31.800000','2026-03-22 00:05:35.100000',707)
COMMIT
INSERT INTO AGENT_MOVEMENT_RAW_LOG VALUES(1778,0.5516135541862641E0,'2026-03-22 00:05:31.800000','2026-03-22 00:05:35.100000',708)
COMMIT
INSERT INTO AGENT_MOVEMENT_RAW_LOG VALUES(1768,0.5113684801869819E0,'2026-03-22 00:05:32.100000','2026-03-22 00:05:35.400000',709)
COMMIT
INSERT INTO AGENT_MOVEMENT_RAW_LOG VALUES(1779,0.7067341807734753E0,'2026-03-22 00:05:32.400000','2026-03-22 00:05:35.700000',710)
COMMIT
INSERT INTO AGENT_MOVEMENT_RAW_LOG VALUES(1758,0.236089756560366E0,'2026-03-22 00:05:33.000000','2026-03-22 00:05:36.300000',711)
COMMIT
INSERT INTO AGENT_MOVEMENT_RAW_LOG VALUES(1762,0.7953961646985173E0,'2026-03-22 00:05:32.700000','2026-03-22 00:05:36.300000',712)
COMMIT
INSERT INTO AGENT_MOVEMENT_RAW_LOG VALUES(1766,0.5996196581169931E0,'2026-03-22 00:05:33.600000','2026-03-22 00:05:36.900000',713)
COMMIT
INSERT INTO AGENT_MOVEMENT_RAW_LOG VALUES(1777,0.8152836161988483E0,'2026-03-22 00:05:33.600000','2026-03-22 00:05:36.900000',714)
COMMIT
INSERT INTO AGENT_MOVEMENT_RAW_LOG VALUES(1759,0.5921716873669987E0,'2026-03-22 00:05:33.900000','2026-03-22 00:05:37.200000',715)
COMMIT
INSERT INTO AGENT_MOVEMENT_RAW_LOG VALUES(1760,0.4200446760168811E0,'2026-03-22 00:05:33.900000','2026-03-22 00:05:37.200000',716)
COMMIT
INSERT INTO AGENT_MOVEMENT_RAW_LOG VALUES(1765,0.6005492835872832E0,'2026-03-22 00:05:33.900000','2026-03-22 00:05:37.200000',717)
COMMIT
INSERT INTO AGENT_MOVEMENT_RAW_LOG VALUES(1776,0.5354555667855107E0,'2026-03-22 00:05:33.900000','2026-03-22 00:05:37.200000',718)
COMMIT
INSERT INTO AGENT_MOVEMENT_RAW_LOG VALUES(1767,0.515648218477574E0,'2026-03-22 00:05:34.500000','2026-03-22 00:05:37.800000',719)
COMMIT
INSERT INTO AGENT_MOVEMENT_RAW_LOG VALUES(1761,0.3603208076929961E0,'2026-03-22 00:05:34.800000','2026-03-22 00:05:38.100000',720)
COMMIT
INSERT INTO AGENT_MOVEMENT_RAW_LOG VALUES(1763,0.6261585308778496E0,'2026-03-22 00:05:35.100000','2026-03-22 00:05:38.400000',721)
COMMIT
INSERT INTO AGENT_MOVEMENT_RAW_LOG VALUES(1764,0.43765895920350195E0,'2026-03-22 00:05:35.100000','2026-03-22 00:05:38.400000',722)
COMMIT
INSERT INTO AGENT_MOVEMENT_RAW_LOG VALUES(1769,0.771877505718749E0,'2026-03-22 00:05:35.100000','2026-03-22 00:05:38.400000',723)
COMMIT
INSERT INTO AGENT_MOVEMENT_RAW_LOG VALUES(1778,0.5285740496175436E0,'2026-03-22 00:05:35.100000','2026-03-22 00:05:38.400000',724)
COMMIT
INSERT INTO AGENT_MOVEMENT_RAW_LOG VALUES(1779,0.6985822160949223E0,'2026-03-22 00:05:35.700000','2026-03-22 00:05:39.000000',725)
COMMIT
INSERT INTO AGENT_MOVEMENT_RAW_LOG VALUES(1758,0.20578311455209267E0,'2026-03-22 00:05:36.300000','2026-03-22 00:05:39.600000',726)
COMMIT
INSERT INTO AGENT_MOVEMENT_RAW_LOG VALUES(1762,0.8647598924510561E0,'2026-03-22 00:05:36.300000','2026-03-22 00:05:39.600000',727)
COMMIT
INSERT INTO AGENT_MOVEMENT_RAW_LOG VALUES(1766,0.6191418671773521E0,'2026-03-22 00:05:36.900000','2026-03-22 00:05:40.200000',728)
COMMIT
INSERT INTO AGENT_MOVEMENT_RAW_LOG VALUES(1777,0.8396305655210416E0,'2026-03-22 00:05:36.900000','2026-03-22 00:05:40.200000',729)
COMMIT
INSERT INTO AGENT_MOVEMENT_RAW_LOG VALUES(1759,0.5306750854236878E0,'2026-03-22 00:05:37.200000','2026-03-22 00:05:40.500000',730)
COMMIT
INSERT INTO AGENT_MOVEMENT_RAW_LOG VALUES(1760,0.4038515632215994E0,'2026-03-22 00:05:37.200000','2026-03-22 00:05:40.500000',731)
COMMIT
INSERT INTO AGENT_MOVEMENT_RAW_LOG VALUES(1765,0.6119965115677883E0,'2026-03-22 00:05:37.200000','2026-03-22 00:05:40.500000',732)
COMMIT
INSERT INTO AGENT_MOVEMENT_RAW_LOG VALUES(1776,0.5021568601066627E0,'2026-03-22 00:05:37.200000','2026-03-22 00:05:40.500000',733)
COMMIT
INSERT INTO AGENT_MOVEMENT_RAW_LOG VALUES(1767,0.5194760651447173E0,'2026-03-22 00:05:37.800000','2026-03-22 00:05:41.100000',734)
COMMIT
INSERT INTO AGENT_MOVEMENT_RAW_LOG VALUES(1761,0.38890974861861044E0,'2026-03-22 00:05:38.100000','2026-03-22 00:05:41.400000',735)
COMMIT
INSERT INTO AGENT_MOVEMENT_RAW_LOG VALUES(1768,0.4216154732608663E0,'2026-03-22 00:05:35.400000','2026-03-22 00:05:41.400000',736)
COMMIT
INSERT INTO AGENT_MOVEMENT_RAW_LOG VALUES(1763,0.6287189919485492E0,'2026-03-22 00:05:38.400000','2026-03-22 00:05:41.700000',737)
COMMIT
INSERT INTO AGENT_MOVEMENT_RAW_LOG VALUES(1764,0.4466536281442845E0,'2026-03-22 00:05:38.400000','2026-03-22 00:05:41.700000',738)
COMMIT
INSERT INTO AGENT_MOVEMENT_RAW_LOG VALUES(1769,0.7091806334118952E0,'2026-03-22 00:05:38.400000','2026-03-22 00:05:41.700000',739)
COMMIT
INSERT INTO AGENT_MOVEMENT_RAW_LOG VALUES(1778,0.5077472996397131E0,'2026-03-22 00:05:38.400000','2026-03-22 00:05:41.700000',740)
COMMIT
INSERT INTO AGENT_MOVEMENT_RAW_LOG VALUES(1779,0.6954288299191359E0,'2026-03-22 00:05:39.000000','2026-03-22 00:05:42.300000',741)
COMMIT
INSERT INTO AGENT_MOVEMENT_RAW_LOG VALUES(1758,0.22347653964817032E0,'2026-03-22 00:05:39.600000','2026-03-22 00:05:42.900000',742)
COMMIT
INSERT INTO AGENT_MOVEMENT_RAW_LOG VALUES(1762,0.8570175457112833E0,'2026-03-22 00:05:39.600000','2026-03-22 00:05:42.900000',743)
COMMIT
INSERT INTO AGENT_MOVEMENT_RAW_LOG VALUES(1766,0.5893842045579423E0,'2026-03-22 00:05:40.200000','2026-03-22 00:05:43.500000',744)
COMMIT
INSERT INTO AGENT_MOVEMENT_RAW_LOG VALUES(1777,0.8285015174632883E0,'2026-03-22 00:05:40.200000','2026-03-22 00:05:43.500000',745)
COMMIT
INSERT INTO AGENT_MOVEMENT_RAW_LOG VALUES(1759,0.49456453954439283E0,'2026-03-22 00:05:40.500000','2026-03-22 00:05:43.800000',746)
COMMIT
INSERT INTO AGENT_MOVEMENT_RAW_LOG VALUES(1760,0.42553620244719603E0,'2026-03-22 00:05:40.500000','2026-03-22 00:05:43.800000',747)
COMMIT
INSERT INTO AGENT_MOVEMENT_RAW_LOG VALUES(1765,0.615622609452921E0,'2026-03-22 00:05:40.500000','2026-03-22 00:05:43.800000',748)
COMMIT
INSERT INTO AGENT_MOVEMENT_RAW_LOG VALUES(1776,0.7087669502187219E0,'2026-03-22 00:05:40.500000','2026-03-22 00:05:44.100000',749)
COMMIT
INSERT INTO AGENT_MOVEMENT_RAW_LOG VALUES(1767,0.5230891382411254E0,'2026-03-22 00:05:41.100000','2026-03-22 00:05:44.400000',750)
COMMIT
INSERT INTO AGENT_MOVEMENT_RAW_LOG VALUES(1761,0.4209085803459246E0,'2026-03-22 00:05:41.400000','2026-03-22 00:05:44.700000',751)
COMMIT
INSERT INTO AGENT_MOVEMENT_RAW_LOG VALUES(1768,0.7807900650319203E0,'2026-03-22 00:05:41.400000','2026-03-22 00:05:44.700000',752)
COMMIT
INSERT INTO AGENT_MOVEMENT_RAW_LOG VALUES(1763,0.6244228273316923E0,'2026-03-22 00:05:41.700000','2026-03-22 00:05:45.000000',753)
COMMIT
INSERT INTO AGENT_MOVEMENT_RAW_LOG VALUES(1764,0.4738627635432429E0,'2026-03-22 00:05:41.700000','2026-03-22 00:05:45.000000',754)
COMMIT
INSERT INTO AGENT_MOVEMENT_RAW_LOG VALUES(1769,0.7308553489574187E0,'2026-03-22 00:05:41.700000','2026-03-22 00:05:45.000000',755)
COMMIT
INSERT INTO AGENT_MOVEMENT_RAW_LOG VALUES(1778,0.5118524530008267E0,'2026-03-22 00:05:41.700000','2026-03-22 00:05:45.000000',756)
COMMIT
INSERT INTO AGENT_MOVEMENT_RAW_LOG VALUES(1779,0.6901081783597816E0,'2026-03-22 00:05:42.300000','2026-03-22 00:05:45.600000',757)
COMMIT
INSERT INTO AGENT_MOVEMENT_RAW_LOG VALUES(1758,0.19317014832555177E0,'2026-03-22 00:05:42.900000','2026-03-22 00:05:46.200000',758)
COMMIT
INSERT INTO AGENT_MOVEMENT_RAW_LOG VALUES(1762,0.8544455397131956E0,'2026-03-22 00:05:42.900000','2026-03-22 00:05:46.200000',759)
COMMIT
INSERT INTO AGENT_MOVEMENT_RAW_LOG VALUES(1766,0.6093565189769147E0,'2026-03-22 00:05:43.500000','2026-03-22 00:05:46.800000',760)
COMMIT
INSERT INTO AGENT_MOVEMENT_RAW_LOG VALUES(1777,0.8049537586604267E0,'2026-03-22 00:05:43.500000','2026-03-22 00:05:46.800000',761)
COMMIT
INSERT INTO AGENT_MOVEMENT_RAW_LOG VALUES(1759,0.48946506097901626E0,'2026-03-22 00:05:43.800000','2026-03-22 00:05:47.100000',762)
COMMIT
INSERT INTO AGENT_MOVEMENT_RAW_LOG VALUES(1760,0.41184519533824543E0,'2026-03-22 00:05:43.800000','2026-03-22 00:05:47.100000',763)
COMMIT
INSERT INTO AGENT_MOVEMENT_RAW_LOG VALUES(1765,0.6122721838446878E0,'2026-03-22 00:05:43.800000','2026-03-22 00:05:47.100000',764)
COMMIT
INSERT INTO AGENT_MOVEMENT_RAW_LOG VALUES(1776,0.44357414133639145E0,'2026-03-22 00:05:44.100000','2026-03-22 00:05:47.400000',765)
COMMIT
INSERT INTO AGENT_MOVEMENT_RAW_LOG VALUES(1767,0.5032680224741857E0,'2026-03-22 00:05:44.400000','2026-03-22 00:05:47.700000',766)
COMMIT
INSERT INTO AGENT_MOVEMENT_RAW_LOG VALUES(1761,0.4019113039623617E0,'2026-03-22 00:05:44.700000','2026-03-22 00:05:48.000000',767)
COMMIT
INSERT INTO AGENT_MOVEMENT_RAW_LOG VALUES(1768,0.7826701206375628E0,'2026-03-22 00:05:44.700000','2026-03-22 00:05:48.000000',768)
COMMIT
INSERT INTO AGENT_MOVEMENT_RAW_LOG VALUES(1763,0.6178394130109343E0,'2026-03-22 00:05:45.000000','2026-03-22 00:05:48.300000',769)
COMMIT
INSERT INTO AGENT_MOVEMENT_RAW_LOG VALUES(1764,0.4789271502087576E0,'2026-03-22 00:05:45.000000','2026-03-22 00:05:48.300000',770)
COMMIT
INSERT INTO AGENT_MOVEMENT_RAW_LOG VALUES(1769,0.8479793097395365E0,'2026-03-22 00:05:45.000000','2026-03-22 00:05:48.300000',771)
COMMIT
INSERT INTO AGENT_MOVEMENT_RAW_LOG VALUES(1778,0.50822562354381E0,'2026-03-22 00:05:45.000000','2026-03-22 00:05:48.300000',772)
COMMIT
INSERT INTO AGENT_MOVEMENT_RAW_LOG VALUES(1779,0.6792087375509338E0,'2026-03-22 00:05:45.600000','2026-03-22 00:05:48.900000',773)
COMMIT
INSERT INTO AGENT_MOVEMENT_RAW_LOG VALUES(1758,0.21086388677344806E0,'2026-03-22 00:05:46.200000','2026-03-22 00:05:49.500000',774)
COMMIT
INSERT INTO AGENT_MOVEMENT_RAW_LOG VALUES(1762,0.8948835634763821E0,'2026-03-22 00:05:46.200000','2026-03-22 00:05:49.500000',775)
COMMIT
INSERT INTO AGENT_MOVEMENT_RAW_LOG VALUES(1766,0.5983447894422343E0,'2026-03-22 00:05:46.800000','2026-03-22 00:05:50.100000',776)
COMMIT
INSERT INTO AGENT_MOVEMENT_RAW_LOG VALUES(1777,0.8039245793417605E0,'2026-03-22 00:05:46.800000','2026-03-22 00:05:50.100000',777)
COMMIT
INSERT INTO AGENT_MOVEMENT_RAW_LOG VALUES(1759,0.4864497730239075E0,'2026-03-22 00:05:47.100000','2026-03-22 00:05:50.400000',778)
COMMIT
INSERT INTO AGENT_MOVEMENT_RAW_LOG VALUES(1760,0.4366581143168722E0,'2026-03-22 00:05:47.100000','2026-03-22 00:05:50.400000',779)
COMMIT
INSERT INTO AGENT_MOVEMENT_RAW_LOG VALUES(1765,0.5934240584670936E0,'2026-03-22 00:05:47.100000','2026-03-22 00:05:50.400000',780)
COMMIT
INSERT INTO AGENT_MOVEMENT_RAW_LOG VALUES(1776,0.4654364608721307E0,'2026-03-22 00:05:47.400000','2026-03-22 00:05:50.700000',781)
COMMIT
INSERT INTO AGENT_MOVEMENT_RAW_LOG VALUES(1767,0.5179093181304669E0,'2026-03-22 00:05:47.700000','2026-03-22 00:05:51.000000',782)
COMMIT
INSERT INTO AGENT_MOVEMENT_RAW_LOG VALUES(1761,0.3360292801669934E0,'2026-03-22 00:05:48.000000','2026-03-22 00:05:51.300000',783)
COMMIT
INSERT INTO AGENT_MOVEMENT_RAW_LOG VALUES(1768,0.46364633595646E0,'2026-03-22 00:05:48.000000','2026-03-22 00:05:51.300000',784)
COMMIT
INSERT INTO AGENT_MOVEMENT_RAW_LOG VALUES(1763,0.6124037037055752E0,'2026-03-22 00:05:48.300000','2026-03-22 00:05:51.600000',785)
COMMIT
INSERT INTO AGENT_MOVEMENT_RAW_LOG VALUES(1764,0.4460192150796736E0,'2026-03-22 00:05:48.300000','2026-03-22 00:05:51.600000',786)
COMMIT
INSERT INTO AGENT_MOVEMENT_RAW_LOG VALUES(1769,0.8792443332132988E0,'2026-03-22 00:05:48.300000','2026-03-22 00:05:51.600000',787)
COMMIT
INSERT INTO AGENT_MOVEMENT_RAW_LOG VALUES(1778,0.5084195051795593E0,'2026-03-22 00:05:48.300000','2026-03-22 00:05:51.600000',788)
COMMIT
INSERT INTO AGENT_MOVEMENT_RAW_LOG VALUES(1779,0.6526334732242012E0,'2026-03-22 00:05:48.900000','2026-03-22 00:05:52.200000',789)
COMMIT
INSERT INTO AGENT_MOVEMENT_RAW_LOG VALUES(1758,0.18055788807228995E0,'2026-03-22 00:05:49.500000','2026-03-22 00:05:52.800000',790)
COMMIT
INSERT INTO AGENT_MOVEMENT_RAW_LOG VALUES(1762,0.8150445560936983E0,'2026-03-22 00:05:49.500000','2026-03-22 00:05:53.100000',791)
COMMIT
INSERT INTO AGENT_MOVEMENT_RAW_LOG VALUES(1766,0.6199541443226696E0,'2026-03-22 00:05:50.100000','2026-03-22 00:05:53.400000',792)
COMMIT
INSERT INTO AGENT_MOVEMENT_RAW_LOG VALUES(1777,0.7973134534938853E0,'2026-03-22 00:05:50.100000','2026-03-22 00:05:53.400000',793)
COMMIT
INSERT INTO AGENT_MOVEMENT_RAW_LOG VALUES(1759,0.5572922834977145E0,'2026-03-22 00:05:50.400000','2026-03-22 00:05:53.700000',794)
COMMIT
INSERT INTO AGENT_MOVEMENT_RAW_LOG VALUES(1760,0.424301055220957E0,'2026-03-22 00:05:50.400000','2026-03-22 00:05:53.700000',795)
COMMIT
INSERT INTO AGENT_MOVEMENT_RAW_LOG VALUES(1765,0.5892808261860729E0,'2026-03-22 00:05:50.400000','2026-03-22 00:05:53.700000',796)
COMMIT
INSERT INTO AGENT_MOVEMENT_RAW_LOG VALUES(1776,0.484862122989553E0,'2026-03-22 00:05:50.700000','2026-03-22 00:05:54.000000',797)
COMMIT
INSERT INTO AGENT_MOVEMENT_RAW_LOG VALUES(1767,0.5511313502727198E0,'2026-03-22 00:05:51.000000','2026-03-22 00:05:54.300000',798)
COMMIT
INSERT INTO AGENT_MOVEMENT_RAW_LOG VALUES(1761,0.34907857243778073E0,'2026-03-22 00:05:51.300000','2026-03-22 00:05:54.600000',799)
COMMIT
INSERT INTO AGENT_MOVEMENT_RAW_LOG VALUES(1763,0.63594142057448E0,'2026-03-22 00:05:51.600000','2026-03-22 00:05:54.900000',800)
COMMIT
INSERT INTO AGENT_MOVEMENT_RAW_LOG VALUES(1764,0.47554119676117224E0,'2026-03-22 00:05:51.600000','2026-03-22 00:05:54.900000',801)
COMMIT
INSERT INTO AGENT_MOVEMENT_RAW_LOG VALUES(1769,0.8794414985466479E0,'2026-03-22 00:05:51.600000','2026-03-22 00:05:54.900000',802)
COMMIT
INSERT INTO AGENT_MOVEMENT_RAW_LOG VALUES(1778,0.4903616537000384E0,'2026-03-22 00:05:51.600000','2026-03-22 00:05:54.900000',803)
COMMIT
INSERT INTO AGENTS_RAW_LOG VALUES(1780,19,'<population>[95]','2026-03-22 00:05:55.244000',220)
COMMIT
DELETE FROM AGENTS_RAW_LOG WHERE ID=1780
INSERT INTO AGENTS_RAW_LOG VALUES(1780,19,'root.<population>[95]','2026-03-22 00:05:55.244000',220)
COMMIT
INSERT INTO AGENT_MOVEMENT_RAW_LOG VALUES(1768,0.5936480138564337E0,'2026-03-22 00:05:51.300000','2026-03-22 00:05:55.500000',804)
COMMIT
INSERT INTO AGENT_MOVEMENT_RAW_LOG VALUES(1779,0.6529440441733259E0,'2026-03-22 00:05:52.200000','2026-03-22 00:05:55.500000',805)
COMMIT
INSERT INTO AGENTS_RAW_LOG VALUES(1781,19,'<population>[96]','2026-03-22 00:05:55.640000',221)
COMMIT
DELETE FROM AGENTS_RAW_LOG WHERE ID=1781
INSERT INTO AGENTS_RAW_LOG VALUES(1781,19,'root.<population>[96]','2026-03-22 00:05:55.640000',221)
COMMIT
INSERT INTO AGENTS_RAW_LOG VALUES(1782,19,'<population>[97]','2026-03-22 00:05:55.845000',222)
COMMIT
DELETE FROM AGENTS_RAW_LOG WHERE ID=1782
INSERT INTO AGENTS_RAW_LOG VALUES(1782,19,'root.<population>[97]','2026-03-22 00:05:55.845000',222)
COMMIT
INSERT INTO AGENTS_RAW_LOG VALUES(1783,19,'<population>[98]','2026-03-22 00:05:55.867000',223)
COMMIT
DELETE FROM AGENTS_RAW_LOG WHERE ID=1783
INSERT INTO AGENTS_RAW_LOG VALUES(1783,19,'root.<population>[98]','2026-03-22 00:05:55.867000',223)
COMMIT
INSERT INTO AGENT_MOVEMENT_RAW_LOG VALUES(1758,0.19825209109188097E0,'2026-03-22 00:05:52.800000','2026-03-22 00:05:56.100000',806)
COMMIT
INSERT INTO AGENT_MOVEMENT_RAW_LOG VALUES(1762,0.7729767651591009E0,'2026-03-22 00:05:53.100000','2026-03-22 00:05:56.700000',807)
COMMIT
INSERT INTO AGENT_MOVEMENT_RAW_LOG VALUES(1766,0.5867253401791344E0,'2026-03-22 00:05:53.400000','2026-03-22 00:05:56.700000',808)
COMMIT
INSERT INTO AGENT_MOVEMENT_RAW_LOG VALUES(1777,0.8054487435249219E0,'2026-03-22 00:05:53.400000','2026-03-22 00:05:56.700000',809)
COMMIT
INSERT INTO AGENT_MOVEMENT_RAW_LOG VALUES(1759,0.5660052791788174E0,'2026-03-22 00:05:53.700000','2026-03-22 00:05:57.000000',810)
COMMIT
INSERT INTO AGENT_MOVEMENT_RAW_LOG VALUES(1760,0.4291478717728526E0,'2026-03-22 00:05:53.700000','2026-03-22 00:05:57.000000',811)
COMMIT
INSERT INTO AGENT_MOVEMENT_RAW_LOG VALUES(1765,0.5959023684887303E0,'2026-03-22 00:05:53.700000','2026-03-22 00:05:57.000000',812)
COMMIT
INSERT INTO AGENT_MOVEMENT_RAW_LOG VALUES(1776,0.4644346557373716E0,'2026-03-22 00:05:54.000000','2026-03-22 00:05:57.300000',813)
COMMIT
INSERT INTO AGENT_MOVEMENT_RAW_LOG VALUES(1767,0.5618626217811242E0,'2026-03-22 00:05:54.300000','2026-03-22 00:05:57.600000',814)
COMMIT
INSERT INTO AGENT_MOVEMENT_RAW_LOG VALUES(1761,0.3696709672168224E0,'2026-03-22 00:05:54.600000','2026-03-22 00:05:57.900000',815)
COMMIT
INSERT INTO AGENT_MOVEMENT_RAW_LOG VALUES(1763,0.5964869202453912E0,'2026-03-22 00:05:54.900000','2026-03-22 00:05:58.200000',816)
COMMIT
INSERT INTO AGENT_MOVEMENT_RAW_LOG VALUES(1769,0.8719557259398693E0,'2026-03-22 00:05:54.900000','2026-03-22 00:05:58.200000',817)
COMMIT
INSERT INTO AGENT_MOVEMENT_RAW_LOG VALUES(1778,0.5333305592699068E0,'2026-03-22 00:05:54.900000','2026-03-22 00:05:58.200000',818)
COMMIT
INSERT INTO AGENT_MOVEMENT_RAW_LOG VALUES(1768,0.7509554046691785E0,'2026-03-22 00:05:55.500000','2026-03-22 00:05:58.800000',819)
COMMIT
INSERT INTO AGENT_MOVEMENT_RAW_LOG VALUES(1779,0.6805401446995528E0,'2026-03-22 00:05:55.500000','2026-03-22 00:05:58.800000',820)
COMMIT
INSERT INTO AGENT_MOVEMENT_RAW_LOG VALUES(1758,0.1679466522969237E0,'2026-03-22 00:05:56.100000','2026-03-22 00:05:59.400000',821)
COMMIT
INSERT INTO AGENT_MOVEMENT_RAW_LOG VALUES(1762,0.8394631713908737E0,'2026-03-22 00:05:56.700000','2026-03-22 00:06:00.000000',822)
COMMIT
INSERT INTO AGENT_MOVEMENT_RAW_LOG VALUES(1766,0.6059461922626285E0,'2026-03-22 00:05:56.700000','2026-03-22 00:06:00.000000',823)
COMMIT
INSERT INTO AGENT_MOVEMENT_RAW_LOG VALUES(1777,0.7955817537143337E0,'2026-03-22 00:05:56.700000','2026-03-22 00:06:00.000000',824)
COMMIT
INSERT INTO AGENT_MOVEMENT_RAW_LOG VALUES(1759,0.5499850000584915E0,'2026-03-22 00:05:57.000000','2026-03-22 00:06:00.300000',825)
COMMIT
INSERT INTO AGENT_MOVEMENT_RAW_LOG VALUES(1760,0.4129881158109549E0,'2026-03-22 00:05:57.000000','2026-03-22 00:06:00.300000',826)
COMMIT
INSERT INTO AGENT_MOVEMENT_RAW_LOG VALUES(1765,0.5835533566235429E0,'2026-03-22 00:05:57.000000','2026-03-22 00:06:00.300000',827)
COMMIT
INSERT INTO AGENT_MOVEMENT_RAW_LOG VALUES(1776,0.4377133114831615E0,'2026-03-22 00:05:57.300000','2026-03-22 00:06:00.600000',828)
COMMIT
INSERT INTO AGENT_MOVEMENT_RAW_LOG VALUES(1767,0.5454430109912773E0,'2026-03-22 00:05:57.600000','2026-03-22 00:06:00.900000',829)
COMMIT
INSERT INTO AGENT_MOVEMENT_RAW_LOG VALUES(1761,0.4434870542785585E0,'2026-03-22 00:05:57.900000','2026-03-22 00:06:01.200000',830)
COMMIT
INSERT INTO AGENT_MOVEMENT_RAW_LOG VALUES(1764,0.4465999191816155E0,'2026-03-22 00:05:54.900000','2026-03-22 00:06:01.200000',831)
COMMIT
INSERT INTO AGENT_MOVEMENT_RAW_LOG VALUES(1763,0.6221707972184333E0,'2026-03-22 00:05:58.200000','2026-03-22 00:06:01.500000',832)
COMMIT
INSERT INTO AGENT_MOVEMENT_RAW_LOG VALUES(1769,0.8586065243434614E0,'2026-03-22 00:05:58.200000','2026-03-22 00:06:01.500000',833)
COMMIT
INSERT INTO AGENT_MOVEMENT_RAW_LOG VALUES(1778,0.538673234987917E0,'2026-03-22 00:05:58.200000','2026-03-22 00:06:01.500000',834)
COMMIT
INSERT INTO AGENT_MOVEMENT_RAW_LOG VALUES(1768,0.7640762158116985E0,'2026-03-22 00:05:58.800000','2026-03-22 00:06:02.100000',835)
COMMIT
INSERT INTO AGENT_MOVEMENT_RAW_LOG VALUES(1779,0.6822403421687401E0,'2026-03-22 00:05:58.800000','2026-03-22 00:06:02.100000',836)
COMMIT
INSERT INTO AGENT_MOVEMENT_RAW_LOG VALUES(1758,0.18564154578722444E0,'2026-03-22 00:05:59.400000','2026-03-22 00:06:02.700000',837)
COMMIT
INSERT INTO AGENT_MOVEMENT_RAW_LOG VALUES(1762,0.8508658240168949E0,'2026-03-22 00:06:00.000000','2026-03-22 00:06:03.300000',838)
COMMIT
INSERT INTO AGENT_MOVEMENT_RAW_LOG VALUES(1766,0.598674639597607E0,'2026-03-22 00:06:00.000000','2026-03-22 00:06:03.300000',839)
COMMIT
INSERT INTO AGENT_MOVEMENT_RAW_LOG VALUES(1777,0.7699032586939801E0,'2026-03-22 00:06:00.000000','2026-03-22 00:06:03.300000',840)
COMMIT
INSERT INTO AGENT_MOVEMENT_RAW_LOG VALUES(1759,0.5768175166173908E0,'2026-03-22 00:06:00.300000','2026-03-22 00:06:03.600000',841)
COMMIT
INSERT INTO AGENT_MOVEMENT_RAW_LOG VALUES(1760,0.4029151942395886E0,'2026-03-22 00:06:00.300000','2026-03-22 00:06:03.600000',842)
COMMIT
INSERT INTO AGENT_MOVEMENT_RAW_LOG VALUES(1765,0.5737595184848765E0,'2026-03-22 00:06:00.300000','2026-03-22 00:06:03.600000',843)
COMMIT
INSERT INTO AGENT_MOVEMENT_RAW_LOG VALUES(1776,0.4636678180521775E0,'2026-03-22 00:06:00.600000','2026-03-22 00:06:03.900000',844)
COMMIT
INSERT INTO AGENT_MOVEMENT_RAW_LOG VALUES(1767,0.541710873160595E0,'2026-03-22 00:06:00.900000','2026-03-22 00:06:04.200000',845)
COMMIT
INSERT INTO AGENT_MOVEMENT_RAW_LOG VALUES(1761,0.4054050427014149E0,'2026-03-22 00:06:01.200000','2026-03-22 00:06:04.500000',846)
COMMIT
INSERT INTO AGENT_MOVEMENT_RAW_LOG VALUES(1763,0.5693654121098941E0,'2026-03-22 00:06:01.500000','2026-03-22 00:06:04.800000',847)
COMMIT
INSERT INTO AGENT_MOVEMENT_RAW_LOG VALUES(1769,0.8479487762265334E0,'2026-03-22 00:06:01.500000','2026-03-22 00:06:04.800000',848)
COMMIT
INSERT INTO AGENT_MOVEMENT_RAW_LOG VALUES(1778,0.4965381712916297E0,'2026-03-22 00:06:01.500000','2026-03-22 00:06:04.800000',849)
COMMIT
INSERT INTO AGENT_MOVEMENT_RAW_LOG VALUES(1764,0.6597289610764007E0,'2026-03-22 00:06:01.200000','2026-03-22 00:06:05.400000',850)
COMMIT
INSERT INTO AGENT_MOVEMENT_RAW_LOG VALUES(1768,0.7788637708253099E0,'2026-03-22 00:06:02.100000','2026-03-22 00:06:05.400000',851)
COMMIT
INSERT INTO AGENT_MOVEMENT_RAW_LOG VALUES(1779,0.6715663390627845E0,'2026-03-22 00:06:02.100000','2026-03-22 00:06:05.400000',852)
COMMIT
INSERT INTO AGENT_MOVEMENT_RAW_LOG VALUES(1758,0.15533697636395136E0,'2026-03-22 00:06:02.700000','2026-03-22 00:06:06.000000',853)
COMMIT
INSERT INTO AGENT_MOVEMENT_RAW_LOG VALUES(1762,0.8496240752748174E0,'2026-03-22 00:06:03.300000','2026-03-22 00:06:06.600000',854)
COMMIT
INSERT INTO AGENT_MOVEMENT_RAW_LOG VALUES(1766,0.5847544148669289E0,'2026-03-22 00:06:03.300000','2026-03-22 00:06:06.600000',855)
COMMIT
INSERT INTO AGENT_MOVEMENT_RAW_LOG VALUES(1777,0.8295207816295196E0,'2026-03-22 00:06:03.300000','2026-03-22 00:06:06.600000',856)
COMMIT
INSERT INTO AGENT_MOVEMENT_RAW_LOG VALUES(1759,0.5809292589218261E0,'2026-03-22 00:06:03.600000','2026-03-22 00:06:06.900000',857)
COMMIT
INSERT INTO AGENT_MOVEMENT_RAW_LOG VALUES(1760,0.4114395382614411E0,'2026-03-22 00:06:03.600000','2026-03-22 00:06:06.900000',858)
COMMIT
INSERT INTO AGENT_MOVEMENT_RAW_LOG VALUES(1765,0.5853499638037067E0,'2026-03-22 00:06:03.600000','2026-03-22 00:06:06.900000',859)
COMMIT
INSERT INTO AGENT_MOVEMENT_RAW_LOG VALUES(1776,0.47009311809945736E0,'2026-03-22 00:06:03.900000','2026-03-22 00:06:07.200000',860)
COMMIT
INSERT INTO AGENT_MOVEMENT_RAW_LOG VALUES(1767,0.5354176665043497E0,'2026-03-22 00:06:04.200000','2026-03-22 00:06:07.500000',861)
COMMIT
INSERT INTO AGENT_MOVEMENT_RAW_LOG VALUES(1761,0.361659802504809E0,'2026-03-22 00:06:04.500000','2026-03-22 00:06:07.800000',862)
COMMIT
INSERT INTO AGENT_MOVEMENT_RAW_LOG VALUES(1763,0.5587966729530464E0,'2026-03-22 00:06:04.800000','2026-03-22 00:06:08.100000',863)
COMMIT
INSERT INTO AGENT_MOVEMENT_RAW_LOG VALUES(1769,0.856883701015152E0,'2026-03-22 00:06:04.800000','2026-03-22 00:06:08.100000',864)
COMMIT
INSERT INTO AGENT_MOVEMENT_RAW_LOG VALUES(1778,0.4755230578006372E0,'2026-03-22 00:06:04.800000','2026-03-22 00:06:08.100000',865)
COMMIT
INSERT INTO AGENT_MOVEMENT_RAW_LOG VALUES(1764,0.44186530474550295E0,'2026-03-22 00:06:05.400000','2026-03-22 00:06:08.700000',866)
COMMIT
INSERT INTO AGENT_MOVEMENT_RAW_LOG VALUES(1768,0.4803439394915183E0,'2026-03-22 00:06:05.400000','2026-03-22 00:06:08.700000',867)
COMMIT
INSERT INTO AGENT_MOVEMENT_RAW_LOG VALUES(1779,0.6776343784616689E0,'2026-03-22 00:06:05.400000','2026-03-22 00:06:08.700000',868)
COMMIT
INSERT INTO AGENT_MOVEMENT_RAW_LOG VALUES(1758,0.17303295996553408E0,'2026-03-22 00:06:06.000000','2026-03-22 00:06:09.300000',869)
COMMIT
INSERT INTO AGENT_MOVEMENT_RAW_LOG VALUES(1762,0.8483930840057675E0,'2026-03-22 00:06:06.600000','2026-03-22 00:06:09.900000',870)
COMMIT
INSERT INTO AGENT_MOVEMENT_RAW_LOG VALUES(1766,0.5351993049724786E0,'2026-03-22 00:06:06.600000','2026-03-22 00:06:09.900000',871)
COMMIT
INSERT INTO AGENT_MOVEMENT_RAW_LOG VALUES(1777,0.8323919236760882E0,'2026-03-22 00:06:06.600000','2026-03-22 00:06:09.900000',872)
COMMIT
INSERT INTO AGENT_MOVEMENT_RAW_LOG VALUES(1759,0.5999697835333896E0,'2026-03-22 00:06:06.900000','2026-03-22 00:06:10.200000',873)
COMMIT
INSERT INTO AGENT_MOVEMENT_RAW_LOG VALUES(1760,0.39978127375116407E0,'2026-03-22 00:06:06.900000','2026-03-22 00:06:10.200000',874)
COMMIT
INSERT INTO AGENT_MOVEMENT_RAW_LOG VALUES(1765,0.5907056872228466E0,'2026-03-22 00:06:06.900000','2026-03-22 00:06:10.200000',875)
COMMIT
INSERT INTO AGENT_MOVEMENT_RAW_LOG VALUES(1776,0.4453673018589329E0,'2026-03-22 00:06:07.200000','2026-03-22 00:06:10.500000',876)
COMMIT
INSERT INTO AGENT_MOVEMENT_RAW_LOG VALUES(1767,0.5371216853730936E0,'2026-03-22 00:06:07.500000','2026-03-22 00:06:10.800000',877)
COMMIT
INSERT INTO AGENT_MOVEMENT_RAW_LOG VALUES(1761,0.3924419782911535E0,'2026-03-22 00:06:07.800000','2026-03-22 00:06:11.100000',878)
COMMIT
INSERT INTO AGENT_MOVEMENT_RAW_LOG VALUES(1763,0.6237370727300849E0,'2026-03-22 00:06:08.100000','2026-03-22 00:06:11.400000',879)
COMMIT
INSERT INTO AGENT_MOVEMENT_RAW_LOG VALUES(1769,0.8801647685117991E0,'2026-03-22 00:06:08.100000','2026-03-22 00:06:11.400000',880)
COMMIT
INSERT INTO AGENT_MOVEMENT_RAW_LOG VALUES(1778,0.5182889387612436E0,'2026-03-22 00:06:08.100000','2026-03-22 00:06:11.400000',881)
COMMIT
INSERT INTO AGENT_MOVEMENT_RAW_LOG VALUES(1764,0.44722770167436815E0,'2026-03-22 00:06:08.700000','2026-03-22 00:06:12.000000',882)
COMMIT
INSERT INTO AGENT_MOVEMENT_RAW_LOG VALUES(1779,0.6833173937876761E0,'2026-03-22 00:06:08.700000','2026-03-22 00:06:12.000000',883)
COMMIT
INSERT INTO AGENT_MOVEMENT_RAW_LOG VALUES(1758,0.14272977441142223E0,'2026-03-22 00:06:09.300000','2026-03-22 00:06:12.600000',884)
COMMIT
INSERT INTO AGENT_MOVEMENT_RAW_LOG VALUES(1762,0.8558474565079802E0,'2026-03-22 00:06:09.900000','2026-03-22 00:06:13.200000',885)
COMMIT
INSERT INTO AGENT_MOVEMENT_RAW_LOG VALUES(1766,0.5867311851632403E0,'2026-03-22 00:06:09.900000','2026-03-22 00:06:13.200000',886)
COMMIT
INSERT INTO AGENT_MOVEMENT_RAW_LOG VALUES(1777,0.8442720156350473E0,'2026-03-22 00:06:09.900000','2026-03-22 00:06:13.200000',887)
COMMIT
INSERT INTO AGENT_MOVEMENT_RAW_LOG VALUES(1759,0.5610027654406835E0,'2026-03-22 00:06:10.200000','2026-03-22 00:06:13.500000',888)
COMMIT
INSERT INTO AGENT_MOVEMENT_RAW_LOG VALUES(1760,0.40873368679772654E0,'2026-03-22 00:06:10.200000','2026-03-22 00:06:13.500000',889)
COMMIT
INSERT INTO AGENT_MOVEMENT_RAW_LOG VALUES(1765,0.5756499719526534E0,'2026-03-22 00:06:10.200000','2026-03-22 00:06:13.500000',890)
COMMIT
INSERT INTO AGENT_MOVEMENT_RAW_LOG VALUES(1768,0.5086036354372309E0,'2026-03-22 00:06:08.700000','2026-03-22 00:06:13.800000',891)
COMMIT
INSERT INTO AGENT_MOVEMENT_RAW_LOG VALUES(1776,0.4400055462269241E0,'2026-03-22 00:06:10.500000','2026-03-22 00:06:13.800000',892)
COMMIT
INSERT INTO AGENT_MOVEMENT_RAW_LOG VALUES(1767,0.5324060661840321E0,'2026-03-22 00:06:10.800000','2026-03-22 00:06:14.100000',893)
COMMIT
INSERT INTO AGENT_MOVEMENT_RAW_LOG VALUES(1761,0.44341895457608993E0,'2026-03-22 00:06:11.100000','2026-03-22 00:06:14.400000',894)
COMMIT
INSERT INTO AGENT_MOVEMENT_RAW_LOG VALUES(1763,0.6292558705347141E0,'2026-03-22 00:06:11.400000','2026-03-22 00:06:14.700000',895)
COMMIT
INSERT INTO AGENT_MOVEMENT_RAW_LOG VALUES(1769,0.8804632997476467E0,'2026-03-22 00:06:11.400000','2026-03-22 00:06:14.700000',896)
COMMIT
INSERT INTO AGENT_MOVEMENT_RAW_LOG VALUES(1778,0.5313145197591295E0,'2026-03-22 00:06:11.400000','2026-03-22 00:06:14.700000',897)
COMMIT
INSERT INTO AGENT_MOVEMENT_RAW_LOG VALUES(1779,0.6769311669186111E0,'2026-03-22 00:06:12.000000','2026-03-22 00:06:15.300000',898)
COMMIT
INSERT INTO AGENT_MOVEMENT_RAW_LOG VALUES(1758,0.16042771910757053E0,'2026-03-22 00:06:12.600000','2026-03-22 00:06:15.900000',899)
COMMIT
INSERT INTO AGENT_MOVEMENT_RAW_LOG VALUES(1766,0.5796613557270238E0,'2026-03-22 00:06:13.200000','2026-03-22 00:06:16.500000',900)
COMMIT
INSERT INTO AGENT_MOVEMENT_RAW_LOG VALUES(1777,0.8221966499068478E0,'2026-03-22 00:06:13.200000','2026-03-22 00:06:16.500000',901)
COMMIT
INSERT INTO AGENT_MOVEMENT_RAW_LOG VALUES(1781,0.4415329155833752E0,'2026-03-22 00:05:55.640000','2026-03-22 00:06:16.500000',902)
COMMIT
INSERT INTO AGENT_MOVEMENT_RAW_LOG VALUES(1783,0.42372891630863857E0,'2026-03-22 00:05:55.867000','2026-03-22 00:06:16.500000',903)
COMMIT
INSERT INTO AGENT_MOVEMENT_RAW_LOG VALUES(1759,0.5806921801472205E0,'2026-03-22 00:06:13.500000','2026-03-22 00:06:16.800000',904)
COMMIT
INSERT INTO AGENT_MOVEMENT_RAW_LOG VALUES(1760,0.39664446922032387E0,'2026-03-22 00:06:13.500000','2026-03-22 00:06:16.800000',905)
COMMIT
INSERT INTO AGENT_MOVEMENT_RAW_LOG VALUES(1762,0.7874480304453274E0,'2026-03-22 00:06:13.200000','2026-03-22 00:06:16.800000',906)
COMMIT
INSERT INTO AGENT_MOVEMENT_RAW_LOG VALUES(1765,0.622052751027781E0,'2026-03-22 00:06:13.500000','2026-03-22 00:06:16.800000',907)
COMMIT
INSERT INTO AGENT_MOVEMENT_RAW_LOG VALUES(1768,0.7594966200014688E0,'2026-03-22 00:06:13.800000','2026-03-22 00:06:17.100000',908)
COMMIT
INSERT INTO AGENT_MOVEMENT_RAW_LOG VALUES(1776,0.4344884463924652E0,'2026-03-22 00:06:13.800000','2026-03-22 00:06:17.100000',909)
COMMIT
INSERT INTO AGENT_MOVEMENT_RAW_LOG VALUES(1764,0.4988611993911382E0,'2026-03-22 00:06:12.000000','2026-03-22 00:06:17.400000',910)
COMMIT
INSERT INTO AGENT_MOVEMENT_RAW_LOG VALUES(1767,0.5529135793946224E0,'2026-03-22 00:06:14.100000','2026-03-22 00:06:17.400000',911)
COMMIT
INSERT INTO AGENT_MOVEMENT_RAW_LOG VALUES(1761,0.3791355853685452E0,'2026-03-22 00:06:14.400000','2026-03-22 00:06:17.700000',912)
COMMIT
INSERT INTO AGENT_MOVEMENT_RAW_LOG VALUES(1763,0.6122782846692839E0,'2026-03-22 00:06:14.700000','2026-03-22 00:06:18.000000',913)
COMMIT
INSERT INTO AGENT_MOVEMENT_RAW_LOG VALUES(1769,0.86101705143962E0,'2026-03-22 00:06:14.700000','2026-03-22 00:06:18.000000',914)
COMMIT
INSERT INTO AGENT_MOVEMENT_RAW_LOG VALUES(1778,0.49312699903207746E0,'2026-03-22 00:06:14.700000','2026-03-22 00:06:18.000000',915)
COMMIT
INSERT INTO AGENT_MOVEMENT_RAW_LOG VALUES(1779,0.6786783919059071E0,'2026-03-22 00:06:15.300000','2026-03-22 00:06:18.600000',916)
COMMIT
INSERT INTO AGENT_MOVEMENT_RAW_LOG VALUES(1758,0.1319308931262536E0,'2026-03-22 00:06:15.900000','2026-03-22 00:06:19.200000',917)
COMMIT
INSERT INTO AGENT_MOVEMENT_RAW_LOG VALUES(1766,0.6058221016687403E0,'2026-03-22 00:06:16.500000','2026-03-22 00:06:19.800000',918)
COMMIT
INSERT INTO AGENT_MOVEMENT_RAW_LOG VALUES(1777,0.810741790986293E0,'2026-03-22 00:06:16.500000','2026-03-22 00:06:19.800000',919)
COMMIT
INSERT INTO AGENT_MOVEMENT_RAW_LOG VALUES(1759,0.5718416446785589E0,'2026-03-22 00:06:16.800000','2026-03-22 00:06:20.100000',920)
COMMIT
INSERT INTO AGENT_MOVEMENT_RAW_LOG VALUES(1760,0.4074683356418822E0,'2026-03-22 00:06:16.800000','2026-03-22 00:06:20.100000',921)
COMMIT
INSERT INTO AGENT_MOVEMENT_RAW_LOG VALUES(1762,0.8564055934540036E0,'2026-03-22 00:06:16.800000','2026-03-22 00:06:20.100000',922)
COMMIT
INSERT INTO AGENT_MOVEMENT_RAW_LOG VALUES(1765,0.6275048556299019E0,'2026-03-22 00:06:16.800000','2026-03-22 00:06:20.100000',923)
COMMIT
INSERT INTO AGENT_MOVEMENT_RAW_LOG VALUES(1782,0.4850613037655054E0,'2026-03-22 00:05:55.845000','2026-03-22 00:06:20.100000',924)
COMMIT
INSERT INTO AGENT_MOVEMENT_RAW_LOG VALUES(1780,0.44658922107242566E0,'2026-03-22 00:05:55.244000','2026-03-22 00:06:20.100000',925)
COMMIT
INSERT INTO AGENT_MOVEMENT_RAW_LOG VALUES(1768,0.7831356942019202E0,'2026-03-22 00:06:17.100000','2026-03-22 00:06:20.400000',926)
COMMIT
INSERT INTO AGENT_MOVEMENT_RAW_LOG VALUES(1776,0.4485117605658524E0,'2026-03-22 00:06:17.100000','2026-03-22 00:06:20.400000',927)
COMMIT
INSERT INTO AGENT_MOVEMENT_RAW_LOG VALUES(1764,0.49061404861462743E0,'2026-03-22 00:06:17.400000','2026-03-22 00:06:20.700000',928)
COMMIT
INSERT INTO AGENT_MOVEMENT_RAW_LOG VALUES(1767,0.5418041606520815E0,'2026-03-22 00:06:17.400000','2026-03-22 00:06:20.700000',929)
COMMIT
INSERT INTO AGENT_MOVEMENT_RAW_LOG VALUES(1761,0.35511235631858173E0,'2026-03-22 00:06:17.700000','2026-03-22 00:06:21.000000',930)
COMMIT
INSERT INTO AGENT_MOVEMENT_RAW_LOG VALUES(1780,0.2989084777292503E0,'2026-03-22 00:06:20.100000','2026-03-22 00:06:21.000000',931)
COMMIT
INSERT INTO AGENT_MOVEMENT_RAW_LOG VALUES(1763,0.6264526683143428E0,'2026-03-22 00:06:18.000000','2026-03-22 00:06:21.300000',932)
COMMIT
INSERT INTO AGENT_MOVEMENT_RAW_LOG VALUES(1769,0.8862888619007134E0,'2026-03-22 00:06:18.000000','2026-03-22 00:06:21.300000',933)
COMMIT
INSERT INTO AGENT_MOVEMENT_RAW_LOG VALUES(1778,0.5035814410791326E0,'2026-03-22 00:06:18.000000','2026-03-22 00:06:21.300000',934)
COMMIT
INSERT INTO AGENT_MOVEMENT_RAW_LOG VALUES(1779,0.6815366864213883E0,'2026-03-22 00:06:18.600000','2026-03-22 00:06:21.900000',935)
COMMIT
INSERT INTO AGENT_MOVEMENT_RAW_LOG VALUES(1781,0.7325612980184774E0,'2026-03-22 00:06:16.500000','2026-03-22 00:06:22.200000',936)
COMMIT
INSERT INTO AGENT_MOVEMENT_RAW_LOG VALUES(1758,0.15865048357977074E0,'2026-03-22 00:06:19.200000','2026-03-22 00:06:22.500000',937)
COMMIT
INSERT INTO AGENT_MOVEMENT_RAW_LOG VALUES(1766,0.5964969264171833E0,'2026-03-22 00:06:19.800000','2026-03-22 00:06:23.100000',938)
COMMIT
INSERT INTO AGENT_MOVEMENT_RAW_LOG VALUES(1777,0.7972183251967034E0,'2026-03-22 00:06:19.800000','2026-03-22 00:06:23.100000',939)
COMMIT
INSERT INTO AGENT_MOVEMENT_RAW_LOG VALUES(1759,0.5997356796375929E0,'2026-03-22 00:06:20.100000','2026-03-22 00:06:23.400000',940)
COMMIT
INSERT INTO AGENT_MOVEMENT_RAW_LOG VALUES(1760,0.39667676361387944E0,'2026-03-22 00:06:20.100000','2026-03-22 00:06:23.400000',941)
COMMIT
INSERT INTO AGENT_MOVEMENT_RAW_LOG VALUES(1765,0.6042301711340219E0,'2026-03-22 00:06:20.100000','2026-03-22 00:06:23.400000',942)
COMMIT
INSERT INTO AGENT_MOVEMENT_RAW_LOG VALUES(1762,0.7766315621807076E0,'2026-03-22 00:06:20.100000','2026-03-22 00:06:23.700000',943)
COMMIT
INSERT INTO AGENT_MOVEMENT_RAW_LOG VALUES(1768,0.46053096447690645E0,'2026-03-22 00:06:20.400000','2026-03-22 00:06:23.700000',944)
COMMIT
INSERT INTO AGENT_MOVEMENT_RAW_LOG VALUES(1776,0.4452897074794172E0,'2026-03-22 00:06:20.400000','2026-03-22 00:06:23.700000',945)
COMMIT
INSERT INTO AGENT_MOVEMENT_RAW_LOG VALUES(1764,0.49493524022365465E0,'2026-03-22 00:06:20.700000','2026-03-22 00:06:24.000000',946)
COMMIT
INSERT INTO AGENT_MOVEMENT_RAW_LOG VALUES(1767,0.5382445380445563E0,'2026-03-22 00:06:20.700000','2026-03-22 00:06:24.000000',947)
COMMIT
INSERT INTO AGENT_MOVEMENT_RAW_LOG VALUES(1761,0.320864751433435E0,'2026-03-22 00:06:21.000000','2026-03-22 00:06:24.300000',948)
COMMIT
INSERT INTO AGENT_MOVEMENT_RAW_LOG VALUES(1763,0.6437829729394312E0,'2026-03-22 00:06:21.300000','2026-03-22 00:06:24.600000',949)
COMMIT
INSERT INTO AGENT_MOVEMENT_RAW_LOG VALUES(1769,0.8613555267459927E0,'2026-03-22 00:06:21.300000','2026-03-22 00:06:24.600000',950)
COMMIT
INSERT INTO AGENT_MOVEMENT_RAW_LOG VALUES(1778,0.5233950970923343E0,'2026-03-22 00:06:21.300000','2026-03-22 00:06:24.600000',951)
COMMIT
INSERT INTO AGENT_MOVEMENT_RAW_LOG VALUES(1779,0.6479922856238641E0,'2026-03-22 00:06:21.900000','2026-03-22 00:06:25.200000',952)
COMMIT
INSERT INTO AGENT_MOVEMENT_RAW_LOG VALUES(1783,0.5133775357404577E0,'2026-03-22 00:06:16.500000','2026-03-22 00:06:25.500000',953)
COMMIT
INSERT INTO AGENT_MOVEMENT_RAW_LOG VALUES(1758,0.141581191714138E0,'2026-03-22 00:06:22.500000','2026-03-22 00:06:25.800000',954)
COMMIT
INSERT INTO AGENT_MOVEMENT_RAW_LOG VALUES(1782,0.722738198539583E0,'2026-03-22 00:06:20.100000','2026-03-22 00:06:25.800000',955)
COMMIT
INSERT INTO AGENT_MOVEMENT_RAW_LOG VALUES(1766,0.6206522689454739E0,'2026-03-22 00:06:23.100000','2026-03-22 00:06:26.400000',956)
COMMIT
INSERT INTO AGENT_MOVEMENT_RAW_LOG VALUES(1777,0.8175964062938312E0,'2026-03-22 00:06:23.100000','2026-03-22 00:06:26.400000',957)
COMMIT
INSERT INTO AGENT_MOVEMENT_RAW_LOG VALUES(1759,0.5685153550379737E0,'2026-03-22 00:06:23.400000','2026-03-22 00:06:26.700000',958)
COMMIT
INSERT INTO AGENT_MOVEMENT_RAW_LOG VALUES(1760,0.41039808074017536E0,'2026-03-22 00:06:23.400000','2026-03-22 00:06:26.700000',959)
COMMIT
INSERT INTO AGENT_MOVEMENT_RAW_LOG VALUES(1765,0.582905049038585E0,'2026-03-22 00:06:23.400000','2026-03-22 00:06:26.700000',960)
COMMIT
INSERT INTO AGENT_MOVEMENT_RAW_LOG VALUES(1762,0.8456385121885822E0,'2026-03-22 00:06:23.700000','2026-03-22 00:06:27.000000',961)
COMMIT
INSERT INTO AGENT_MOVEMENT_RAW_LOG VALUES(1768,0.7783184919686479E0,'2026-03-22 00:06:23.700000','2026-03-22 00:06:27.000000',962)
COMMIT
INSERT INTO AGENT_MOVEMENT_RAW_LOG VALUES(1776,0.44031842384585285E0,'2026-03-22 00:06:23.700000','2026-03-22 00:06:27.000000',963)
COMMIT
INSERT INTO AGENT_MOVEMENT_RAW_LOG VALUES(1764,0.42707041986239475E0,'2026-03-22 00:06:24.000000','2026-03-22 00:06:27.300000',964)
COMMIT
INSERT INTO AGENT_MOVEMENT_RAW_LOG VALUES(1767,0.5396426200580383E0,'2026-03-22 00:06:24.000000','2026-03-22 00:06:27.300000',965)
COMMIT
INSERT INTO AGENT_MOVEMENT_RAW_LOG VALUES(1761,0.38841259002948475E0,'2026-03-22 00:06:24.300000','2026-03-22 00:06:27.600000',966)
COMMIT
INSERT INTO AGENT_MOVEMENT_RAW_LOG VALUES(1763,0.5938669679785193E0,'2026-03-22 00:06:24.600000','2026-03-22 00:06:27.900000',967)
COMMIT
INSERT INTO AGENT_MOVEMENT_RAW_LOG VALUES(1769,0.8749155810020957E0,'2026-03-22 00:06:24.600000','2026-03-22 00:06:27.900000',968)
COMMIT
INSERT INTO AGENT_MOVEMENT_RAW_LOG VALUES(1778,0.5431869288467591E0,'2026-03-22 00:06:24.600000','2026-03-22 00:06:27.900000',969)
COMMIT
INSERT INTO AGENT_MOVEMENT_RAW_LOG VALUES(1779,0.6641153690722429E0,'2026-03-22 00:06:25.200000','2026-03-22 00:06:28.500000',970)
COMMIT
INSERT INTO AGENT_MOVEMENT_RAW_LOG VALUES(1758,0.17251283195672235E0,'2026-03-22 00:06:25.800000','2026-03-22 00:06:29.100000',971)
COMMIT
INSERT INTO AGENT_MOVEMENT_RAW_LOG VALUES(1766,0.5919136997142294E0,'2026-03-22 00:06:26.400000','2026-03-22 00:06:29.700000',972)
COMMIT
INSERT INTO AGENT_MOVEMENT_RAW_LOG VALUES(1777,0.8474872107831132E0,'2026-03-22 00:06:26.400000','2026-03-22 00:06:29.700000',973)
COMMIT
INSERT INTO AGENT_MOVEMENT_RAW_LOG VALUES(1759,0.5787140289587084E0,'2026-03-22 00:06:26.700000','2026-03-22 00:06:30.000000',974)
COMMIT
INSERT INTO AGENT_MOVEMENT_RAW_LOG VALUES(1760,0.4000590383732376E0,'2026-03-22 00:06:26.700000','2026-03-22 00:06:30.000000',975)
COMMIT
INSERT INTO AGENT_MOVEMENT_RAW_LOG VALUES(1765,0.5978803011454608E0,'2026-03-22 00:06:26.700000','2026-03-22 00:06:30.000000',976)
COMMIT
INSERT INTO AGENT_MOVEMENT_RAW_LOG VALUES(1762,0.879254348111275E0,'2026-03-22 00:06:27.000000','2026-03-22 00:06:30.300000',977)
COMMIT
INSERT INTO AGENT_MOVEMENT_RAW_LOG VALUES(1768,0.7792450545641726E0,'2026-03-22 00:06:27.000000','2026-03-22 00:06:30.300000',978)
COMMIT
INSERT INTO AGENT_MOVEMENT_RAW_LOG VALUES(1776,0.4484676312678233E0,'2026-03-22 00:06:27.000000','2026-03-22 00:06:30.300000',979)
COMMIT
INSERT INTO AGENT_MOVEMENT_RAW_LOG VALUES(1764,0.47559113892709765E0,'2026-03-22 00:06:27.300000','2026-03-22 00:06:30.600000',980)
COMMIT
INSERT INTO AGENT_MOVEMENT_RAW_LOG VALUES(1767,0.549524224640155E0,'2026-03-22 00:06:27.300000','2026-03-22 00:06:30.600000',981)
COMMIT
INSERT INTO AGENT_MOVEMENT_RAW_LOG VALUES(1761,0.4026666738209199E0,'2026-03-22 00:06:27.600000','2026-03-22 00:06:30.900000',982)
COMMIT
INSERT INTO AGENT_MOVEMENT_RAW_LOG VALUES(1763,0.5960971882422145E0,'2026-03-22 00:06:27.900000','2026-03-22 00:06:31.200000',983)
COMMIT
INSERT INTO AGENT_MOVEMENT_RAW_LOG VALUES(1769,0.8536831084335703E0,'2026-03-22 00:06:27.900000','2026-03-22 00:06:31.200000',984)
COMMIT
INSERT INTO AGENT_MOVEMENT_RAW_LOG VALUES(1778,0.4836488391315172E0,'2026-03-22 00:06:27.900000','2026-03-22 00:06:31.200000',985)
COMMIT
INSERT INTO AGENT_MOVEMENT_RAW_LOG VALUES(1779,0.6587723675595609E0,'2026-03-22 00:06:28.500000','2026-03-22 00:06:31.800000',986)
COMMIT
INSERT INTO AGENT_MOVEMENT_RAW_LOG VALUES(1758,0.15544545045111066E0,'2026-03-22 00:06:29.100000','2026-03-22 00:06:32.400000',987)
COMMIT
INSERT INTO AGENT_MOVEMENT_RAW_LOG VALUES(1766,0.6109567651110921E0,'2026-03-22 00:06:29.700000','2026-03-22 00:06:33.000000',988)
COMMIT
INSERT INTO AGENT_MOVEMENT_RAW_LOG VALUES(1777,0.8483409251048936E0,'2026-03-22 00:06:29.700000','2026-03-22 00:06:33.000000',989)
COMMIT
INSERT INTO AGENT_MOVEMENT_RAW_LOG VALUES(1759,0.5478517321266696E0,'2026-03-22 00:06:30.000000','2026-03-22 00:06:33.300000',990)
COMMIT
INSERT INTO AGENT_MOVEMENT_RAW_LOG VALUES(1760,0.41186153204186415E0,'2026-03-22 00:06:30.000000','2026-03-22 00:06:33.300000',991)
COMMIT
INSERT INTO AGENT_MOVEMENT_RAW_LOG VALUES(1765,0.5983691357431387E0,'2026-03-22 00:06:30.000000','2026-03-22 00:06:33.300000',992)
COMMIT
INSERT INTO AGENT_MOVEMENT_RAW_LOG VALUES(1783,0.5369078476272279E0,'2026-03-22 00:06:25.500000','2026-03-22 00:06:33.300000',993)
COMMIT
INSERT INTO AGENT_MOVEMENT_RAW_LOG VALUES(1768,0.4871738411732257E0,'2026-03-22 00:06:30.300000','2026-03-22 00:06:33.600000',994)
COMMIT
INSERT INTO AGENT_MOVEMENT_RAW_LOG VALUES(1776,0.48715184258612576E0,'2026-03-22 00:06:30.300000','2026-03-22 00:06:33.600000',995)
COMMIT
INSERT INTO AGENT_MOVEMENT_RAW_LOG VALUES(1762,0.7771004300200869E0,'2026-03-22 00:06:30.300000','2026-03-22 00:06:33.900000',996)
COMMIT
INSERT INTO AGENT_MOVEMENT_RAW_LOG VALUES(1764,0.4824882546178602E0,'2026-03-22 00:06:30.600000','2026-03-22 00:06:33.900000',997)
COMMIT
INSERT INTO AGENT_MOVEMENT_RAW_LOG VALUES(1767,0.5442270519890462E0,'2026-03-22 00:06:30.600000','2026-03-22 00:06:33.900000',998)
COMMIT
INSERT INTO AGENT_MOVEMENT_RAW_LOG VALUES(1780,0.5594981881998032E0,'2026-03-22 00:06:26.579000','2026-03-22 00:06:33.900000',999)
COMMIT
INSERT INTO AGENT_MOVEMENT_RAW_LOG VALUES(1761,0.386286193132811E0,'2026-03-22 00:06:30.900000','2026-03-22 00:06:34.200000',1000)
COMMIT
INSERT INTO AGENT_MOVEMENT_RAW_LOG VALUES(1763,0.615112056258192E0,'2026-03-22 00:06:31.200000','2026-03-22 00:06:34.500000',1001)
COMMIT
INSERT INTO AGENT_MOVEMENT_RAW_LOG VALUES(1769,0.8844209761318216E0,'2026-03-22 00:06:31.200000','2026-03-22 00:06:34.500000',1002)
COMMIT
INSERT INTO AGENT_MOVEMENT_RAW_LOG VALUES(1778,0.4872492890660544E0,'2026-03-22 00:06:31.200000','2026-03-22 00:06:34.500000',1003)
COMMIT
INSERT INTO AGENT_MOVEMENT_RAW_LOG VALUES(1779,0.6590262028948592E0,'2026-03-22 00:06:31.800000','2026-03-22 00:06:35.100000',1004)
COMMIT
INSERT INTO AGENT_MOVEMENT_RAW_LOG VALUES(1758,0.18637850891979246E0,'2026-03-22 00:06:32.400000','2026-03-22 00:06:35.700000',1005)
COMMIT
INSERT INTO AGENT_MOVEMENT_RAW_LOG VALUES(1766,0.5970600882870071E0,'2026-03-22 00:06:33.000000','2026-03-22 00:06:36.300000',1006)
COMMIT
INSERT INTO AGENT_MOVEMENT_RAW_LOG VALUES(1777,0.8334734799806712E0,'2026-03-22 00:06:33.000000','2026-03-22 00:06:36.300000',1007)
COMMIT
INSERT INTO AGENT_MOVEMENT_RAW_LOG VALUES(1759,0.5722766845308614E0,'2026-03-22 00:06:33.300000','2026-03-22 00:06:36.600000',1008)
COMMIT
INSERT INTO AGENT_MOVEMENT_RAW_LOG VALUES(1760,0.40177392449840904E0,'2026-03-22 00:06:33.300000','2026-03-22 00:06:36.600000',1009)
COMMIT
INSERT INTO AGENT_MOVEMENT_RAW_LOG VALUES(1765,0.6283035587659108E0,'2026-03-22 00:06:33.300000','2026-03-22 00:06:36.600000',1010)
COMMIT
INSERT INTO AGENT_MOVEMENT_RAW_LOG VALUES(1762,0.8429491094376478E0,'2026-03-22 00:06:33.900000','2026-03-22 00:06:37.200000',1011)
COMMIT
INSERT INTO AGENT_MOVEMENT_RAW_LOG VALUES(1764,0.49822269440792416E0,'2026-03-22 00:06:33.900000','2026-03-22 00:06:37.200000',1012)
COMMIT
INSERT INTO AGENT_MOVEMENT_RAW_LOG VALUES(1767,0.5454149236840207E0,'2026-03-22 00:06:33.900000','2026-03-22 00:06:37.200000',1013)
COMMIT
INSERT INTO AGENT_MOVEMENT_RAW_LOG VALUES(1761,0.38725613308936974E0,'2026-03-22 00:06:34.200000','2026-03-22 00:06:37.500000',1014)
COMMIT
INSERT INTO AGENT_MOVEMENT_RAW_LOG VALUES(1763,0.6088660264751474E0,'2026-03-22 00:06:34.500000','2026-03-22 00:06:37.800000',1015)
COMMIT
INSERT INTO AGENT_MOVEMENT_RAW_LOG VALUES(1769,0.8761973116873388E0,'2026-03-22 00:06:34.500000','2026-03-22 00:06:37.800000',1016)
COMMIT
INSERT INTO AGENT_MOVEMENT_RAW_LOG VALUES(1778,0.4817814333255609E0,'2026-03-22 00:06:34.500000','2026-03-22 00:06:37.800000',1017)
COMMIT
INSERT INTO AGENT_MOVEMENT_RAW_LOG VALUES(1779,0.6707510423119999E0,'2026-03-22 00:06:35.100000','2026-03-22 00:06:38.400000',1018)
COMMIT
INSERT INTO AGENT_MOVEMENT_RAW_LOG VALUES(1758,0.1693121667279165E0,'2026-03-22 00:06:35.700000','2026-03-22 00:06:39.000000',1019)
COMMIT
INSERT INTO AGENT_MOVEMENT_RAW_LOG VALUES(1768,0.4613053746224287E0,'2026-03-22 00:06:33.600000','2026-03-22 00:06:39.000000',1020)
COMMIT
INSERT INTO AGENT_MOVEMENT_RAW_LOG VALUES(1766,0.6202068905516234E0,'2026-03-22 00:06:36.300000','2026-03-22 00:06:39.600000',1021)
COMMIT
INSERT INTO AGENT_MOVEMENT_RAW_LOG VALUES(1777,0.8172739578479651E0,'2026-03-22 00:06:36.300000','2026-03-22 00:06:39.600000',1022)
COMMIT
INSERT INTO AGENT_MOVEMENT_RAW_LOG VALUES(1759,0.5609932478992562E0,'2026-03-22 00:06:36.600000','2026-03-22 00:06:39.900000',1023)
COMMIT
INSERT INTO AGENT_MOVEMENT_RAW_LOG VALUES(1760,0.413174485347989E0,'2026-03-22 00:06:36.600000','2026-03-22 00:06:39.900000',1024)
COMMIT
INSERT INTO AGENT_MOVEMENT_RAW_LOG VALUES(1765,0.5995124914841472E0,'2026-03-22 00:06:36.600000','2026-03-22 00:06:39.900000',1025)
COMMIT
INSERT INTO AGENT_MOVEMENT_RAW_LOG VALUES(1781,0.6912585974940492E0,'2026-03-22 00:06:23.260000','2026-03-22 00:06:39.900000',1026)
COMMIT
INSERT INTO FLOWCHART_ENTRIES_RAW_LOG VALUES(22,1781,242,'2026-03-22 00:06:39.900000')
COMMIT
INSERT INTO AGENT_MOVEMENT_RAW_LOG VALUES(1764,0.47358386999997054E0,'2026-03-22 00:06:37.200000','2026-03-22 00:06:40.500000',1027)
COMMIT
INSERT INTO AGENT_MOVEMENT_RAW_LOG VALUES(1767,0.5434549390061468E0,'2026-03-22 00:06:37.200000','2026-03-22 00:06:40.500000',1028)
COMMIT
INSERT INTO AGENT_MOVEMENT_RAW_LOG VALUES(1761,0.4308220367798308E0,'2026-03-22 00:06:37.500000','2026-03-22 00:06:40.800000',1029)
COMMIT
INSERT INTO AGENT_MOVEMENT_RAW_LOG VALUES(1762,0.7775352845761988E0,'2026-03-22 00:06:37.200000','2026-03-22 00:06:40.800000',1030)
COMMIT
INSERT INTO AGENT_MOVEMENT_RAW_LOG VALUES(1763,0.6020729781518358E0,'2026-03-22 00:06:37.800000','2026-03-22 00:06:41.100000',1031)
COMMIT
INSERT INTO AGENT_MOVEMENT_RAW_LOG VALUES(1769,0.847935966766814E0,'2026-03-22 00:06:37.800000','2026-03-22 00:06:41.100000',1032)
COMMIT
INSERT INTO AGENT_MOVEMENT_RAW_LOG VALUES(1778,0.50051983656527E0,'2026-03-22 00:06:37.800000','2026-03-22 00:06:41.100000',1033)
COMMIT
INSERT INTO AGENT_MOVEMENT_RAW_LOG VALUES(1779,0.6476240976978316E0,'2026-03-22 00:06:38.400000','2026-03-22 00:06:41.700000',1034)
COMMIT
INSERT INTO AGENT_MOVEMENT_RAW_LOG VALUES(1758,0.20024607307535439E0,'2026-03-22 00:06:39.000000','2026-03-22 00:06:42.300000',1035)
COMMIT
INSERT INTO AGENT_MOVEMENT_RAW_LOG VALUES(1768,0.6361245624061311E0,'2026-03-22 00:06:39.000000','2026-03-22 00:06:42.300000',1036)
COMMIT
INSERT INTO AGENT_MOVEMENT_RAW_LOG VALUES(1766,0.5934762070453385E0,'2026-03-22 00:06:39.600000','2026-03-22 00:06:42.900000',1037)
COMMIT
INSERT INTO AGENT_MOVEMENT_RAW_LOG VALUES(1777,0.8042398425948206E0,'2026-03-22 00:06:39.600000','2026-03-22 00:06:42.900000',1038)
COMMIT
INSERT INTO AGENT_MOVEMENT_RAW_LOG VALUES(1759,0.5962180684664333E0,'2026-03-22 00:06:39.900000','2026-03-22 00:06:43.200000',1039)
COMMIT
INSERT INTO AGENT_MOVEMENT_RAW_LOG VALUES(1760,0.4073208699101666E0,'2026-03-22 00:06:39.900000','2026-03-22 00:06:43.200000',1040)
COMMIT
INSERT INTO AGENT_MOVEMENT_RAW_LOG VALUES(1765,0.6283175377999993E0,'2026-03-22 00:06:39.900000','2026-03-22 00:06:43.200000',1041)
COMMIT
INSERT INTO AGENT_MOVEMENT_RAW_LOG VALUES(1764,0.5022071076496029E0,'2026-03-22 00:06:40.500000','2026-03-22 00:06:43.800000',1042)
COMMIT
INSERT INTO AGENT_MOVEMENT_RAW_LOG VALUES(1767,0.5516431827599892E0,'2026-03-22 00:06:40.500000','2026-03-22 00:06:43.800000',1043)
COMMIT
INSERT INTO AGENT_MOVEMENT_RAW_LOG VALUES(1761,0.4252077562800829E0,'2026-03-22 00:06:40.800000','2026-03-22 00:06:44.100000',1044)
COMMIT
INSERT INTO AGENT_MOVEMENT_RAW_LOG VALUES(1762,0.8590593851010342E0,'2026-03-22 00:06:40.800000','2026-03-22 00:06:44.100000',1045)
COMMIT
INSERT INTO AGENT_MOVEMENT_RAW_LOG VALUES(1763,0.6261868420066596E0,'2026-03-22 00:06:41.100000','2026-03-22 00:06:44.400000',1046)
COMMIT
INSERT INTO AGENT_MOVEMENT_RAW_LOG VALUES(1769,0.8748985090602318E0,'2026-03-22 00:06:41.100000','2026-03-22 00:06:44.400000',1047)
COMMIT
INSERT INTO AGENT_MOVEMENT_RAW_LOG VALUES(1778,0.49141386260480857E0,'2026-03-22 00:06:41.100000','2026-03-22 00:06:44.400000',1048)
COMMIT
INSERT INTO AGENT_MOVEMENT_RAW_LOG VALUES(1779,0.652440439176294E0,'2026-03-22 00:06:41.700000','2026-03-22 00:06:45.000000',1049)
COMMIT
INSERT INTO AGENT_MOVEMENT_RAW_LOG VALUES(1758,0.1831803587092954E0,'2026-03-22 00:06:42.300000','2026-03-22 00:06:45.600000',1050)
COMMIT
INSERT INTO AGENT_MOVEMENT_RAW_LOG VALUES(1766,0.6129512216805207E0,'2026-03-22 00:06:42.900000','2026-03-22 00:06:46.200000',1051)
COMMIT
INSERT INTO AGENT_MOVEMENT_RAW_LOG VALUES(1777,0.8315523624020185E0,'2026-03-22 00:06:42.900000','2026-03-22 00:06:46.200000',1052)
COMMIT
INSERT INTO AGENT_MOVEMENT_RAW_LOG VALUES(1759,0.5722357003984595E0,'2026-03-22 00:06:43.200000','2026-03-22 00:06:46.500000',1053)
COMMIT
INSERT INTO AGENT_MOVEMENT_RAW_LOG VALUES(1760,0.4181026784839643E0,'2026-03-22 00:06:43.200000','2026-03-22 00:06:46.500000',1054)
COMMIT
INSERT INTO AGENT_MOVEMENT_RAW_LOG VALUES(1765,0.6184282245991463E0,'2026-03-22 00:06:43.200000','2026-03-22 00:06:46.500000',1055)
COMMIT
INSERT INTO AGENT_MOVEMENT_RAW_LOG VALUES(1764,0.4872478046995137E0,'2026-03-22 00:06:43.800000','2026-03-22 00:06:47.100000',1056)
COMMIT
INSERT INTO AGENT_MOVEMENT_RAW_LOG VALUES(1767,0.5353996577729025E0,'2026-03-22 00:06:43.800000','2026-03-22 00:06:47.100000',1057)
COMMIT
INSERT INTO AGENT_MOVEMENT_RAW_LOG VALUES(1768,0.4877919206515271E0,'2026-03-22 00:06:42.300000','2026-03-22 00:06:47.100000',1058)
COMMIT
INSERT INTO AGENT_MOVEMENT_RAW_LOG VALUES(1761,0.46118872132475364E0,'2026-03-22 00:06:44.100000','2026-03-22 00:06:47.400000',1059)
COMMIT
INSERT INTO AGENT_MOVEMENT_RAW_LOG VALUES(1762,0.8551025759323498E0,'2026-03-22 00:06:44.100000','2026-03-22 00:06:47.400000',1060)
COMMIT
INSERT INTO AGENT_MOVEMENT_RAW_LOG VALUES(1763,0.5967595444413234E0,'2026-03-22 00:06:44.400000','2026-03-22 00:06:47.700000',1061)
COMMIT
INSERT INTO AGENT_MOVEMENT_RAW_LOG VALUES(1769,0.8421574307449965E0,'2026-03-22 00:06:44.400000','2026-03-22 00:06:47.700000',1062)
COMMIT
INSERT INTO AGENT_MOVEMENT_RAW_LOG VALUES(1778,0.48612540354363815E0,'2026-03-22 00:06:44.400000','2026-03-22 00:06:47.700000',1063)
COMMIT
INSERT INTO AGENT_MOVEMENT_RAW_LOG VALUES(1779,0.675955385590351E0,'2026-03-22 00:06:45.000000','2026-03-22 00:06:48.300000',1064)
COMMIT
INSERT INTO AGENT_MOVEMENT_RAW_LOG VALUES(1758,0.21411479495887203E0,'2026-03-22 00:06:45.600000','2026-03-22 00:06:48.900000',1065)
COMMIT
INSERT INTO AGENT_MOVEMENT_RAW_LOG VALUES(1766,0.594053405817961E0,'2026-03-22 00:06:46.200000','2026-03-22 00:06:49.500000',1066)
COMMIT
INSERT INTO AGENT_MOVEMENT_RAW_LOG VALUES(1777,0.7766879720381608E0,'2026-03-22 00:06:46.200000','2026-03-22 00:06:49.500000',1067)
COMMIT
INSERT INTO AGENT_MOVEMENT_RAW_LOG VALUES(1759,0.5775728978210359E0,'2026-03-22 00:06:46.500000','2026-03-22 00:06:49.800000',1068)
COMMIT
INSERT INTO AGENT_MOVEMENT_RAW_LOG VALUES(1760,0.41338455326823564E0,'2026-03-22 00:06:46.500000','2026-03-22 00:06:49.800000',1069)
COMMIT
INSERT INTO AGENT_MOVEMENT_RAW_LOG VALUES(1765,0.6108083851767018E0,'2026-03-22 00:06:46.500000','2026-03-22 00:06:49.800000',1070)
COMMIT
INSERT INTO AGENT_MOVEMENT_RAW_LOG VALUES(1764,0.4694034044232821E0,'2026-03-22 00:06:47.100000','2026-03-22 00:06:50.400000',1071)
COMMIT
INSERT INTO AGENT_MOVEMENT_RAW_LOG VALUES(1767,0.5196099096226774E0,'2026-03-22 00:06:47.100000','2026-03-22 00:06:50.400000',1072)
COMMIT
INSERT INTO AGENT_MOVEMENT_RAW_LOG VALUES(1761,0.43305419837067777E0,'2026-03-22 00:06:47.400000','2026-03-22 00:06:50.700000',1073)
COMMIT
INSERT INTO AGENT_MOVEMENT_RAW_LOG VALUES(1762,0.8505769601155612E0,'2026-03-22 00:06:47.400000','2026-03-22 00:06:50.700000',1074)
COMMIT
INSERT INTO AGENT_MOVEMENT_RAW_LOG VALUES(1776,0.3147631213931396E0,'2026-03-22 00:06:33.600000','2026-03-22 00:06:50.700000',1075)
COMMIT
INSERT INTO AGENT_MOVEMENT_RAW_LOG VALUES(1763,0.6343294709985478E0,'2026-03-22 00:06:47.700000','2026-03-22 00:06:51.000000',1076)
COMMIT
INSERT INTO AGENT_MOVEMENT_RAW_LOG VALUES(1769,0.6946670460350496E0,'2026-03-22 00:06:47.700000','2026-03-22 00:06:51.000000',1077)
COMMIT
INSERT INTO AGENT_MOVEMENT_RAW_LOG VALUES(1778,0.5340192275009912E0,'2026-03-22 00:06:47.700000','2026-03-22 00:06:51.000000',1078)
COMMIT
INSERT INTO AGENT_MOVEMENT_RAW_LOG VALUES(1782,0.46145090457053645E0,'2026-03-22 00:06:26.579000','2026-03-22 00:06:51.000000',1079)
COMMIT
INSERT INTO FLOWCHART_ENTRIES_RAW_LOG VALUES(23,1782,242,'2026-03-22 00:06:51.000000')
COMMIT
INSERT INTO AGENT_MOVEMENT_RAW_LOG VALUES(1779,0.7790940966536218E0,'2026-03-22 00:06:48.300000','2026-03-22 00:06:51.600000',1080)
COMMIT
INSERT INTO AGENT_MOVEMENT_RAW_LOG VALUES(1758,0.19704948927048718E0,'2026-03-22 00:06:48.900000','2026-03-22 00:06:52.200000',1081)
COMMIT
INSERT INTO AGENT_MOVEMENT_RAW_LOG VALUES(1766,0.5988560448082092E0,'2026-03-22 00:06:49.500000','2026-03-22 00:06:52.800000',1082)
COMMIT
INSERT INTO AGENT_MOVEMENT_RAW_LOG VALUES(1777,0.7152488884370888E0,'2026-03-22 00:06:49.500000','2026-03-22 00:06:52.800000',1083)
COMMIT
INSERT INTO AGENT_MOVEMENT_RAW_LOG VALUES(1759,0.541223049909246E0,'2026-03-22 00:06:49.800000','2026-03-22 00:06:53.100000',1084)
COMMIT
INSERT INTO AGENT_MOVEMENT_RAW_LOG VALUES(1760,0.4198291829722598E0,'2026-03-22 00:06:49.800000','2026-03-22 00:06:53.100000',1085)
COMMIT
INSERT INTO AGENT_MOVEMENT_RAW_LOG VALUES(1765,0.5975447703279619E0,'2026-03-22 00:06:49.800000','2026-03-22 00:06:53.100000',1086)
COMMIT
INSERT INTO AGENT_MOVEMENT_RAW_LOG VALUES(1764,0.4590133318429371E0,'2026-03-22 00:06:50.400000','2026-03-22 00:06:53.700000',1087)
COMMIT
INSERT INTO AGENT_MOVEMENT_RAW_LOG VALUES(1767,0.5061937566723834E0,'2026-03-22 00:06:50.400000','2026-03-22 00:06:53.700000',1088)
COMMIT
INSERT INTO AGENT_MOVEMENT_RAW_LOG VALUES(1761,0.41706278640757327E0,'2026-03-22 00:06:50.700000','2026-03-22 00:06:54.000000',1089)
COMMIT
INSERT INTO AGENT_MOVEMENT_RAW_LOG VALUES(1762,0.8580087747754259E0,'2026-03-22 00:06:50.700000','2026-03-22 00:06:54.000000',1090)
COMMIT
INSERT INTO AGENT_MOVEMENT_RAW_LOG VALUES(1763,0.5977769542945275E0,'2026-03-22 00:06:51.000000','2026-03-22 00:06:54.300000',1091)
COMMIT
INSERT INTO AGENT_MOVEMENT_RAW_LOG VALUES(1769,0.7930435321452999E0,'2026-03-22 00:06:51.000000','2026-03-22 00:06:54.300000',1092)
COMMIT
INSERT INTO AGENT_MOVEMENT_RAW_LOG VALUES(1778,0.597062473794069E0,'2026-03-22 00:06:51.000000','2026-03-22 00:06:54.300000',1093)
COMMIT
INSERT INTO AGENT_MOVEMENT_RAW_LOG VALUES(1779,0.8417464193150267E0,'2026-03-22 00:06:51.600000','2026-03-22 00:06:54.900000',1094)
COMMIT
INSERT INTO AGENT_MOVEMENT_RAW_LOG VALUES(1758,0.22798427074184863E0,'2026-03-22 00:06:52.200000','2026-03-22 00:06:55.500000',1095)
COMMIT
INSERT INTO AGENT_MOVEMENT_RAW_LOG VALUES(1768,0.5589030900514212E0,'2026-03-22 00:06:47.100000','2026-03-22 00:06:55.500000',1096)
COMMIT
INSERT INTO AGENT_MOVEMENT_RAW_LOG VALUES(1766,0.5643665065520439E0,'2026-03-22 00:06:52.800000','2026-03-22 00:06:56.100000',1097)
COMMIT
INSERT INTO AGENT_MOVEMENT_RAW_LOG VALUES(1777,0.6680461198769947E0,'2026-03-22 00:06:52.800000','2026-03-22 00:06:56.100000',1098)
COMMIT
INSERT INTO AGENT_MOVEMENT_RAW_LOG VALUES(1759,0.5606873135377316E0,'2026-03-22 00:06:53.100000','2026-03-22 00:06:56.400000',1099)
COMMIT
INSERT INTO AGENT_MOVEMENT_RAW_LOG VALUES(1760,0.41730588548211367E0,'2026-03-22 00:06:53.100000','2026-03-22 00:06:56.400000',1100)
COMMIT
INSERT INTO AGENT_MOVEMENT_RAW_LOG VALUES(1765,0.5899443719843112E0,'2026-03-22 00:06:53.100000','2026-03-22 00:06:56.400000',1101)
COMMIT
INSERT INTO AGENT_MOVEMENT_RAW_LOG VALUES(1776,0.6639754486160981E0,'2026-03-22 00:06:50.700000','2026-03-22 00:06:56.400000',1102)
COMMIT
INSERT INTO AGENT_MOVEMENT_RAW_LOG VALUES(1780,0.5300767842651753E0,'2026-03-22 00:06:34.745000','2026-03-22 00:06:56.700000',1103)
COMMIT
INSERT INTO FLOWCHART_ENTRIES_RAW_LOG VALUES(24,1780,242,'2026-03-22 00:06:56.700000')
COMMIT
INSERT INTO AGENT_MOVEMENT_RAW_LOG VALUES(1767,0.4723946945295906E0,'2026-03-22 00:06:53.700000','2026-03-22 00:06:57.000000',1104)
COMMIT
INSERT INTO AGENT_MOVEMENT_RAW_LOG VALUES(1761,0.36300847841286565E0,'2026-03-22 00:06:54.000000','2026-03-22 00:06:57.300000',1105)
COMMIT
INSERT INTO AGENT_MOVEMENT_RAW_LOG VALUES(1762,0.8055033432100217E0,'2026-03-22 00:06:54.000000','2026-03-22 00:06:57.600000',1106)
COMMIT
INSERT INTO AGENT_MOVEMENT_RAW_LOG VALUES(1763,0.6197742123221793E0,'2026-03-22 00:06:54.300000','2026-03-22 00:06:57.600000',1107)
COMMIT
INSERT INTO AGENT_MOVEMENT_RAW_LOG VALUES(1769,0.664765416753045E0,'2026-03-22 00:06:54.300000','2026-03-22 00:06:57.600000',1108)
COMMIT
INSERT INTO AGENT_MOVEMENT_RAW_LOG VALUES(1778,0.6356275124389341E0,'2026-03-22 00:06:54.300000','2026-03-22 00:06:57.600000',1109)
COMMIT
INSERT INTO AGENT_MOVEMENT_RAW_LOG VALUES(1779,0.6484622722431181E0,'2026-03-22 00:06:54.900000','2026-03-22 00:06:58.200000',1110)
COMMIT
INSERT INTO AGENT_MOVEMENT_RAW_LOG VALUES(1758,0.21091921373491224E0,'2026-03-22 00:06:55.500000','2026-03-22 00:06:58.800000',1111)
COMMIT
INSERT INTO AGENT_MOVEMENT_RAW_LOG VALUES(1764,0.5366276615058002E0,'2026-03-22 00:06:53.700000','2026-03-22 00:06:58.800000',1112)
COMMIT
INSERT INTO AGENT_MOVEMENT_RAW_LOG VALUES(1768,0.8920632319991093E0,'2026-03-22 00:06:55.500000','2026-03-22 00:06:58.800000',1113)
COMMIT
INSERT INTO AGENT_MOVEMENT_RAW_LOG VALUES(1766,0.585051068636259E0,'2026-03-22 00:06:56.100000','2026-03-22 00:06:59.400000',1114)
COMMIT
INSERT INTO AGENT_MOVEMENT_RAW_LOG VALUES(1777,0.5142692286112757E0,'2026-03-22 00:06:56.100000','2026-03-22 00:06:59.400000',1115)
COMMIT
INSERT INTO AGENT_MOVEMENT_RAW_LOG VALUES(1759,0.5556110341312916E0,'2026-03-22 00:06:56.400000','2026-03-22 00:06:59.700000',1116)
COMMIT
INSERT INTO AGENT_MOVEMENT_RAW_LOG VALUES(1760,0.41466349989204465E0,'2026-03-22 00:06:56.400000','2026-03-22 00:06:59.700000',1117)
COMMIT
INSERT INTO AGENT_MOVEMENT_RAW_LOG VALUES(1765,0.5960298928727316E0,'2026-03-22 00:06:56.400000','2026-03-22 00:06:59.700000',1118)
COMMIT
INSERT INTO AGENT_MOVEMENT_RAW_LOG VALUES(1783,0.46979539693192085E0,'2026-03-22 00:06:34.135000','2026-03-22 00:06:59.700000',1119)
COMMIT
INSERT INTO FLOWCHART_ENTRIES_RAW_LOG VALUES(25,1783,242,'2026-03-22 00:06:59.700000')
COMMIT
INSERT INTO AGENT_MOVEMENT_RAW_LOG VALUES(1767,0.44685721893913893E0,'2026-03-22 00:06:57.000000','2026-03-22 00:07:00.300000',1120)
COMMIT
INSERT INTO AGENT_MOVEMENT_RAW_LOG VALUES(1761,0.3490792282152013E0,'2026-03-22 00:06:57.300000','2026-03-22 00:07:00.600000',1121)
COMMIT
INSERT INTO AGENT_MOVEMENT_RAW_LOG VALUES(1762,0.8295084175263169E0,'2026-03-22 00:06:57.600000','2026-03-22 00:07:00.900000',1122)
COMMIT
INSERT INTO AGENT_MOVEMENT_RAW_LOG VALUES(1763,0.60171481644975E0,'2026-03-22 00:06:57.600000','2026-03-22 00:07:00.900000',1123)
COMMIT
INSERT INTO AGENT_MOVEMENT_RAW_LOG VALUES(1769,0.7741866555724478E0,'2026-03-22 00:06:57.600000','2026-03-22 00:07:00.900000',1124)
COMMIT
INSERT INTO AGENT_MOVEMENT_RAW_LOG VALUES(1778,0.6794864236314182E0,'2026-03-22 00:06:57.600000','2026-03-22 00:07:00.900000',1125)
COMMIT
INSERT INTO AGENT_MOVEMENT_RAW_LOG VALUES(1779,0.6440433719843491E0,'2026-03-22 00:06:58.200000','2026-03-22 00:07:01.500000',1126)
COMMIT
INSERT INTO AGENT_MOVEMENT_RAW_LOG VALUES(1758,0.24185418760968902E0,'2026-03-22 00:06:58.800000','2026-03-22 00:07:02.100000',1127)
COMMIT
INSERT INTO AGENT_MOVEMENT_RAW_LOG VALUES(1764,0.4607627465483982E0,'2026-03-22 00:06:58.800000','2026-03-22 00:07:02.100000',1128)
COMMIT
INSERT INTO AGENT_MOVEMENT_RAW_LOG VALUES(1766,0.5836429484898157E0,'2026-03-22 00:06:59.400000','2026-03-22 00:07:02.700000',1129)
COMMIT
INSERT INTO AGENT_MOVEMENT_RAW_LOG VALUES(1777,0.5209169531809695E0,'2026-03-22 00:06:59.400000','2026-03-22 00:07:02.700000',1130)
COMMIT
INSERT INTO AGENT_MOVEMENT_RAW_LOG VALUES(1759,0.5993846862885102E0,'2026-03-22 00:06:59.700000','2026-03-22 00:07:03.000000',1131)
COMMIT
INSERT INTO AGENT_MOVEMENT_RAW_LOG VALUES(1760,0.4158671730257612E0,'2026-03-22 00:06:59.700000','2026-03-22 00:07:03.000000',1132)
COMMIT
INSERT INTO AGENT_MOVEMENT_RAW_LOG VALUES(1765,0.5564693262767701E0,'2026-03-22 00:06:59.700000','2026-03-22 00:07:03.000000',1133)
COMMIT
INSERT INTO AGENT_MOVEMENT_RAW_LOG VALUES(1768,0.8422924460103131E0,'2026-03-22 00:06:58.800000','2026-03-22 00:07:03.000000',1134)
COMMIT
INSERT INTO AGENT_MOVEMENT_RAW_LOG VALUES(1767,0.49810986959196957E0,'2026-03-22 00:07:00.300000','2026-03-22 00:07:03.600000',1135)
COMMIT
INSERT INTO AGENT_MOVEMENT_RAW_LOG VALUES(1776,0.19109671670389383E0,'2026-03-22 00:06:56.400000','2026-03-22 00:07:03.600000',1136)
COMMIT
INSERT INTO AGENT_MOVEMENT_RAW_LOG VALUES(1761,0.38644565417005367E0,'2026-03-22 00:07:00.600000','2026-03-22 00:07:03.900000',1137)
COMMIT
INSERT INTO AGENT_MOVEMENT_RAW_LOG VALUES(1762,0.8673851510653204E0,'2026-03-22 00:07:00.900000','2026-03-22 00:07:04.200000',1138)
COMMIT
INSERT INTO AGENT_MOVEMENT_RAW_LOG VALUES(1763,0.5720176227474276E0,'2026-03-22 00:07:00.900000','2026-03-22 00:07:04.200000',1139)
COMMIT
INSERT INTO AGENT_MOVEMENT_RAW_LOG VALUES(1769,0.7537355468088607E0,'2026-03-22 00:07:00.900000','2026-03-22 00:07:04.200000',1140)
COMMIT
INSERT INTO AGENT_MOVEMENT_RAW_LOG VALUES(1778,0.6971408647379833E0,'2026-03-22 00:07:00.900000','2026-03-22 00:07:04.200000',1141)
COMMIT
INSERT INTO AGENT_MOVEMENT_RAW_LOG VALUES(1779,0.6039073997383642E0,'2026-03-22 00:07:01.500000','2026-03-22 00:07:04.800000',1142)
COMMIT
INSERT INTO AGENT_MOVEMENT_RAW_LOG VALUES(1758,0.2247892401970056E0,'2026-03-22 00:07:02.100000','2026-03-22 00:07:05.400000',1143)
COMMIT
INSERT INTO AGENT_MOVEMENT_RAW_LOG VALUES(1764,0.4608253512618534E0,'2026-03-22 00:07:02.100000','2026-03-22 00:07:05.400000',1144)
COMMIT
INSERT INTO AGENT_MOVEMENT_RAW_LOG VALUES(1766,0.5950029224849488E0,'2026-03-22 00:07:02.700000','2026-03-22 00:07:06.000000',1145)
COMMIT
INSERT INTO AGENT_MOVEMENT_RAW_LOG VALUES(1777,0.5351289573717918E0,'2026-03-22 00:07:02.700000','2026-03-22 00:07:06.000000',1146)
COMMIT
INSERT INTO AGENT_MOVEMENT_RAW_LOG VALUES(1759,0.5770915368448973E0,'2026-03-22 00:07:03.000000','2026-03-22 00:07:06.300000',1147)
COMMIT
INSERT INTO AGENT_MOVEMENT_RAW_LOG VALUES(1760,0.40047746612542856E0,'2026-03-22 00:07:03.000000','2026-03-22 00:07:06.300000',1148)
COMMIT
INSERT INTO AGENT_MOVEMENT_RAW_LOG VALUES(1765,0.5954170360902126E0,'2026-03-22 00:07:03.000000','2026-03-22 00:07:06.300000',1149)
COMMIT
INSERT INTO AGENT_MOVEMENT_RAW_LOG VALUES(1768,0.6879596464580728E0,'2026-03-22 00:07:03.000000','2026-03-22 00:07:06.300000',1150)
COMMIT
INSERT INTO AGENT_MOVEMENT_RAW_LOG VALUES(1776,0.03266657506303303E0,'2026-03-22 00:07:03.600000','2026-03-22 00:07:06.600000',1151)
COMMIT
INSERT INTO AGENT_MOVEMENT_RAW_LOG VALUES(1767,0.5460626188636053E0,'2026-03-22 00:07:03.600000','2026-03-22 00:07:06.900000',1152)
COMMIT
INSERT INTO AGENT_MOVEMENT_RAW_LOG VALUES(1761,0.453617993617939E0,'2026-03-22 00:07:03.900000','2026-03-22 00:07:07.200000',1153)
COMMIT
INSERT INTO AGENT_MOVEMENT_RAW_LOG VALUES(1763,0.6234265621029188E0,'2026-03-22 00:07:04.200000','2026-03-22 00:07:07.500000',1154)
COMMIT
INSERT INTO AGENT_MOVEMENT_RAW_LOG VALUES(1769,0.6770656397596101E0,'2026-03-22 00:07:04.200000','2026-03-22 00:07:07.500000',1155)
COMMIT
INSERT INTO AGENT_MOVEMENT_RAW_LOG VALUES(1778,0.7213855031418348E0,'2026-03-22 00:07:04.200000','2026-03-22 00:07:07.500000',1156)
COMMIT
INSERT INTO AGENT_MOVEMENT_RAW_LOG VALUES(1762,0.7713756173277098E0,'2026-03-22 00:07:04.200000','2026-03-22 00:07:07.800000',1157)
COMMIT
INSERT INTO AGENT_MOVEMENT_RAW_LOG VALUES(1779,0.6467260556136721E0,'2026-03-22 00:07:04.800000','2026-03-22 00:07:08.100000',1158)
COMMIT
INSERT INTO AGENT_MOVEMENT_RAW_LOG VALUES(1758,0.2557242546314082E0,'2026-03-22 00:07:05.400000','2026-03-22 00:07:08.700000',1159)
COMMIT
INSERT INTO AGENT_MOVEMENT_RAW_LOG VALUES(1764,0.6770330694844964E0,'2026-03-22 00:07:05.400000','2026-03-22 00:07:09.300000',1160)
COMMIT
INSERT INTO AGENT_MOVEMENT_RAW_LOG VALUES(1766,0.5858680920126321E0,'2026-03-22 00:07:06.000000','2026-03-22 00:07:09.300000',1161)
COMMIT
INSERT INTO AGENT_MOVEMENT_RAW_LOG VALUES(1777,0.5012939939844032E0,'2026-03-22 00:07:06.000000','2026-03-22 00:07:09.300000',1162)
COMMIT
INSERT INTO AGENT_MOVEMENT_RAW_LOG VALUES(1759,0.5882782465815374E0,'2026-03-22 00:07:06.300000','2026-03-22 00:07:09.600000',1163)
COMMIT
INSERT INTO AGENT_MOVEMENT_RAW_LOG VALUES(1760,0.40677327285265585E0,'2026-03-22 00:07:06.300000','2026-03-22 00:07:09.600000',1164)
COMMIT
INSERT INTO AGENT_MOVEMENT_RAW_LOG VALUES(1765,0.554601321951336E0,'2026-03-22 00:07:06.300000','2026-03-22 00:07:09.600000',1165)
COMMIT
INSERT INTO AGENT_MOVEMENT_RAW_LOG VALUES(1768,0.6388469186474669E0,'2026-03-22 00:07:06.300000','2026-03-22 00:07:09.600000',1166)
COMMIT
INSERT INTO AGENT_MOVEMENT_RAW_LOG VALUES(1776,0.5328906856467928E0,'2026-03-22 00:07:06.600000','2026-03-22 00:07:09.900000',1167)
COMMIT
INSERT INTO AGENT_MOVEMENT_RAW_LOG VALUES(1761,0.4156287035844923E0,'2026-03-22 00:07:07.200000','2026-03-22 00:07:10.500000',1168)
COMMIT
INSERT INTO AGENT_MOVEMENT_RAW_LOG VALUES(1763,0.5920326724486091E0,'2026-03-22 00:07:07.500000','2026-03-22 00:07:10.800000',1169)
COMMIT
INSERT INTO AGENT_MOVEMENT_RAW_LOG VALUES(1769,0.5905196570412149E0,'2026-03-22 00:07:07.500000','2026-03-22 00:07:10.800000',1170)
COMMIT
INSERT INTO AGENT_MOVEMENT_RAW_LOG VALUES(1778,0.6917234907765911E0,'2026-03-22 00:07:07.500000','2026-03-22 00:07:10.800000',1171)
COMMIT
INSERT INTO AGENT_MOVEMENT_RAW_LOG VALUES(1762,0.8160632871261276E0,'2026-03-22 00:07:07.800000','2026-03-22 00:07:11.100000',1172)
COMMIT
INSERT INTO AGENT_MOVEMENT_RAW_LOG VALUES(1758,0.2386591638918854E0,'2026-03-22 00:07:08.700000','2026-03-22 00:07:12.000000',1173)
COMMIT
INSERT INTO AGENT_MOVEMENT_RAW_LOG VALUES(1764,0.434163042063949E0,'2026-03-22 00:07:09.300000','2026-03-22 00:07:12.600000',1174)
COMMIT
INSERT INTO AGENT_MOVEMENT_RAW_LOG VALUES(1766,0.6043350613783569E0,'2026-03-22 00:07:09.300000','2026-03-22 00:07:12.600000',1175)
COMMIT
INSERT INTO AGENT_MOVEMENT_RAW_LOG VALUES(1759,0.5545454964879346E0,'2026-03-22 00:07:09.600000','2026-03-22 00:07:12.900000',1176)
COMMIT
INSERT INTO AGENT_MOVEMENT_RAW_LOG VALUES(1760,0.38719316870735465E0,'2026-03-22 00:07:09.600000','2026-03-22 00:07:12.900000',1177)
COMMIT
INSERT INTO AGENT_MOVEMENT_RAW_LOG VALUES(1765,0.5612172028874397E0,'2026-03-22 00:07:09.600000','2026-03-22 00:07:12.900000',1178)
COMMIT
INSERT INTO AGENT_MOVEMENT_RAW_LOG VALUES(1768,0.5955174406112368E0,'2026-03-22 00:07:09.600000','2026-03-22 00:07:12.900000',1179)
COMMIT
INSERT INTO AGENT_MOVEMENT_RAW_LOG VALUES(1779,0.6105196040614297E0,'2026-03-22 00:07:08.100000','2026-03-22 00:07:12.900000',1180)
COMMIT
INSERT INTO AGENT_MOVEMENT_RAW_LOG VALUES(1781,0.798764230394023E0,'2026-03-22 00:06:39.900000','2026-03-22 00:07:12.900000',1181)
COMMIT
INSERT INTO AGENT_MOVEMENT_RAW_LOG VALUES(1767,0.45698991381397724E0,'2026-03-22 00:07:06.900000','2026-03-22 00:07:13.200000',1182)
COMMIT
INSERT INTO AGENT_MOVEMENT_RAW_LOG VALUES(1776,0.5173683911139254E0,'2026-03-22 00:07:09.900000','2026-03-22 00:07:13.200000',1183)
COMMIT
INSERT INTO AGENT_MOVEMENT_RAW_LOG VALUES(1761,0.41062861422327385E0,'2026-03-22 00:07:10.500000','2026-03-22 00:07:13.800000',1184)
COMMIT
INSERT INTO AGENT_MOVEMENT_RAW_LOG VALUES(1763,0.565157320172065E0,'2026-03-22 00:07:10.800000','2026-03-22 00:07:14.100000',1185)
COMMIT
INSERT INTO AGENT_MOVEMENT_RAW_LOG VALUES(1769,0.5803963512235257E0,'2026-03-22 00:07:10.800000','2026-03-22 00:07:14.100000',1186)
COMMIT
INSERT INTO AGENT_MOVEMENT_RAW_LOG VALUES(1778,0.6540040010171924E0,'2026-03-22 00:07:10.800000','2026-03-22 00:07:14.100000',1187)
COMMIT
INSERT INTO AGENT_MOVEMENT_RAW_LOG VALUES(1762,0.8716838060728372E0,'2026-03-22 00:07:11.100000','2026-03-22 00:07:14.400000',1188)
COMMIT
INSERT INTO AGENT_MOVEMENT_RAW_LOG VALUES(1758,0.2645741652690643E0,'2026-03-22 00:07:12.000000','2026-03-22 00:07:15.300000',1189)
COMMIT
INSERT INTO AGENT_MOVEMENT_RAW_LOG VALUES(1764,0.43417134708673416E0,'2026-03-22 00:07:12.600000','2026-03-22 00:07:15.900000',1190)
COMMIT
INSERT INTO AGENT_MOVEMENT_RAW_LOG VALUES(1766,0.5865901489558992E0,'2026-03-22 00:07:12.600000','2026-03-22 00:07:15.900000',1191)
COMMIT
INSERT INTO AGENT_MOVEMENT_RAW_LOG VALUES(1759,0.5778383138013297E0,'2026-03-22 00:07:12.900000','2026-03-22 00:07:16.200000',1192)
COMMIT
INSERT INTO AGENT_MOVEMENT_RAW_LOG VALUES(1760,0.3989522845475769E0,'2026-03-22 00:07:12.900000','2026-03-22 00:07:16.200000',1193)
COMMIT
INSERT INTO AGENT_MOVEMENT_RAW_LOG VALUES(1765,0.5665898905078077E0,'2026-03-22 00:07:12.900000','2026-03-22 00:07:16.200000',1194)
COMMIT
INSERT INTO AGENT_MOVEMENT_RAW_LOG VALUES(1768,0.5767889031455282E0,'2026-03-22 00:07:12.900000','2026-03-22 00:07:16.200000',1195)
COMMIT
INSERT INTO AGENT_MOVEMENT_RAW_LOG VALUES(1779,0.9382063718013003E0,'2026-03-22 00:07:12.900000','2026-03-22 00:07:16.200000',1196)
COMMIT
INSERT INTO AGENT_MOVEMENT_RAW_LOG VALUES(1776,0.5630384647901112E0,'2026-03-22 00:07:13.200000','2026-03-22 00:07:16.500000',1197)
COMMIT
INSERT INTO AGENT_MOVEMENT_RAW_LOG VALUES(1761,0.3706205954989299E0,'2026-03-22 00:07:13.800000','2026-03-22 00:07:17.100000',1198)
COMMIT
INSERT INTO AGENT_MOVEMENT_RAW_LOG VALUES(1763,0.6126149087562385E0,'2026-03-22 00:07:14.100000','2026-03-22 00:07:17.400000',1199)
COMMIT
INSERT INTO AGENT_MOVEMENT_RAW_LOG VALUES(1767,0.641999233993766E0,'2026-03-22 00:07:13.200000','2026-03-22 00:07:17.400000',1200)
COMMIT
INSERT INTO AGENT_MOVEMENT_RAW_LOG VALUES(1769,0.6076150066597222E0,'2026-03-22 00:07:14.100000','2026-03-22 00:07:17.400000',1201)
COMMIT
INSERT INTO AGENT_MOVEMENT_RAW_LOG VALUES(1778,0.6910511166105782E0,'2026-03-22 00:07:14.100000','2026-03-22 00:07:17.400000',1202)
COMMIT
INSERT INTO AGENT_MOVEMENT_RAW_LOG VALUES(1762,0.7966877233962915E0,'2026-03-22 00:07:14.400000','2026-03-22 00:07:18.000000',1203)
COMMIT
INSERT INTO AGENT_MOVEMENT_RAW_LOG VALUES(1758,0.23388385020039476E0,'2026-03-22 00:07:15.300000','2026-03-22 00:07:18.600000',1204)
COMMIT
INSERT INTO AGENT_MOVEMENT_RAW_LOG VALUES(1766,0.5965187684428337E0,'2026-03-22 00:07:15.900000','2026-03-22 00:07:19.200000',1205)
COMMIT
INSERT INTO AGENT_MOVEMENT_RAW_LOG VALUES(1759,0.5630299230805644E0,'2026-03-22 00:07:16.200000','2026-03-22 00:07:19.500000',1206)
COMMIT
INSERT INTO AGENT_MOVEMENT_RAW_LOG VALUES(1760,0.3800056825258344E0,'2026-03-22 00:07:16.200000','2026-03-22 00:07:19.500000',1207)
COMMIT
INSERT INTO AGENT_MOVEMENT_RAW_LOG VALUES(1765,0.623647972659929E0,'2026-03-22 00:07:16.200000','2026-03-22 00:07:19.500000',1208)
COMMIT
INSERT INTO AGENT_MOVEMENT_RAW_LOG VALUES(1768,0.5770939167174014E0,'2026-03-22 00:07:16.200000','2026-03-22 00:07:19.500000',1209)
COMMIT
INSERT INTO AGENT_MOVEMENT_RAW_LOG VALUES(1776,0.5687539521957635E0,'2026-03-22 00:07:16.500000','2026-03-22 00:07:19.800000',1210)
COMMIT
INSERT INTO AGENT_MOVEMENT_RAW_LOG VALUES(1779,0.7043528740036921E0,'2026-03-22 00:07:16.200000','2026-03-22 00:07:19.800000',1211)
COMMIT
INSERT INTO AGENT_MOVEMENT_RAW_LOG VALUES(1764,0.6466972778282333E0,'2026-03-22 00:07:15.900000','2026-03-22 00:07:20.100000',1212)
COMMIT
INSERT INTO AGENT_MOVEMENT_RAW_LOG VALUES(1761,0.36681993934027657E0,'2026-03-22 00:07:17.100000','2026-03-22 00:07:20.400000',1213)
COMMIT
INSERT INTO AGENT_MOVEMENT_RAW_LOG VALUES(1763,0.6133029039672879E0,'2026-03-22 00:07:17.400000','2026-03-22 00:07:20.700000',1214)
COMMIT
INSERT INTO AGENT_MOVEMENT_RAW_LOG VALUES(1767,0.7420975324643722E0,'2026-03-22 00:07:17.400000','2026-03-22 00:07:20.700000',1215)
COMMIT
INSERT INTO AGENT_MOVEMENT_RAW_LOG VALUES(1769,0.814294654104546E0,'2026-03-22 00:07:17.400000','2026-03-22 00:07:20.700000',1216)
COMMIT
INSERT INTO AGENT_MOVEMENT_RAW_LOG VALUES(1778,0.7505105810351783E0,'2026-03-22 00:07:17.400000','2026-03-22 00:07:20.700000',1217)
COMMIT
INSERT INTO AGENT_MOVEMENT_RAW_LOG VALUES(1777,0.5070498386365269E0,'2026-03-22 00:07:09.300000','2026-03-22 00:07:21.000000',1218)
COMMIT
INSERT INTO AGENT_MOVEMENT_RAW_LOG VALUES(1781,0.24627726862405225E0,'2026-03-22 00:07:12.900000','2026-03-22 00:07:21.300000',1219)
COMMIT
INSERT INTO AGENT_MOVEMENT_RAW_LOG VALUES(1762,0.78317167949295E0,'2026-03-22 00:07:18.000000','2026-03-22 00:07:21.600000',1220)
COMMIT
INSERT INTO AGENT_MOVEMENT_RAW_LOG VALUES(1758,0.2490420406887557E0,'2026-03-22 00:07:18.600000','2026-03-22 00:07:21.900000',1221)
COMMIT
INSERT INTO AGENTS_RAW_LOG VALUES(1784,19,'<population>[99]','2026-03-22 00:07:22.321000',224)
COMMIT
DELETE FROM AGENTS_RAW_LOG WHERE ID=1784
INSERT INTO AGENTS_RAW_LOG VALUES(1784,19,'root.<population>[99]','2026-03-22 00:07:22.321000',224)
COMMIT
INSERT INTO AGENT_MOVEMENT_RAW_LOG VALUES(1766,0.5382462733614999E0,'2026-03-22 00:07:19.200000','2026-03-22 00:07:22.500000',1222)
COMMIT
INSERT INTO AGENTS_RAW_LOG VALUES(1785,19,'<population>[100]','2026-03-22 00:07:22.608000',225)
COMMIT
DELETE FROM AGENTS_RAW_LOG WHERE ID=1785
INSERT INTO AGENTS_RAW_LOG VALUES(1785,19,'root.<population>[100]','2026-03-22 00:07:22.608000',225)
COMMIT
INSERT INTO AGENT_MOVEMENT_RAW_LOG VALUES(1759,0.5972297284738364E0,'2026-03-22 00:07:19.500000','2026-03-22 00:07:22.800000',1223)
COMMIT
INSERT INTO AGENT_MOVEMENT_RAW_LOG VALUES(1760,0.40747808903633775E0,'2026-03-22 00:07:19.500000','2026-03-22 00:07:22.800000',1224)
COMMIT
INSERT INTO AGENT_MOVEMENT_RAW_LOG VALUES(1765,0.6007393722185117E0,'2026-03-22 00:07:19.500000','2026-03-22 00:07:22.800000',1225)
COMMIT
INSERT INTO AGENT_MOVEMENT_RAW_LOG VALUES(1768,0.5344918829045128E0,'2026-03-22 00:07:19.500000','2026-03-22 00:07:22.800000',1226)
COMMIT
INSERT INTO AGENT_MOVEMENT_RAW_LOG VALUES(1776,0.5837604575883025E0,'2026-03-22 00:07:19.800000','2026-03-22 00:07:23.100000',1227)
COMMIT
INSERT INTO AGENT_MOVEMENT_RAW_LOG VALUES(1764,0.43696793213618407E0,'2026-03-22 00:07:20.100000','2026-03-22 00:07:23.400000',1228)
COMMIT
INSERT INTO AGENTS_RAW_LOG VALUES(1786,19,'<population>[101]','2026-03-22 00:07:23.581000',226)
COMMIT
DELETE FROM AGENTS_RAW_LOG WHERE ID=1786
INSERT INTO AGENTS_RAW_LOG VALUES(1786,19,'root.<population>[101]','2026-03-22 00:07:23.581000',226)
COMMIT
INSERT INTO AGENT_MOVEMENT_RAW_LOG VALUES(1761,0.33024953341548635E0,'2026-03-22 00:07:20.400000','2026-03-22 00:07:23.700000',1229)
COMMIT
INSERT INTO AGENTS_RAW_LOG VALUES(1787,19,'<population>[102]','2026-03-22 00:07:23.841000',227)
COMMIT
DELETE FROM AGENTS_RAW_LOG WHERE ID=1787
INSERT INTO AGENTS_RAW_LOG VALUES(1787,19,'root.<population>[102]','2026-03-22 00:07:23.841000',227)
COMMIT
INSERT INTO AGENTS_RAW_LOG VALUES(1788,19,'<population>[103]','2026-03-22 00:07:23.850000',228)
COMMIT
DELETE FROM AGENTS_RAW_LOG WHERE ID=1788
INSERT INTO AGENTS_RAW_LOG VALUES(1788,19,'root.<population>[103]','2026-03-22 00:07:23.850000',228)
COMMIT
INSERT INTO AGENT_MOVEMENT_RAW_LOG VALUES(1763,0.60781239440633E0,'2026-03-22 00:07:20.700000','2026-03-22 00:07:24.000000',1230)
COMMIT
INSERT INTO AGENT_MOVEMENT_RAW_LOG VALUES(1767,0.7569114316289196E0,'2026-03-22 00:07:20.700000','2026-03-22 00:07:24.000000',1231)
COMMIT
INSERT INTO AGENT_MOVEMENT_RAW_LOG VALUES(1769,0.6749628251602358E0,'2026-03-22 00:07:20.700000','2026-03-22 00:07:24.000000',1232)
COMMIT
INSERT INTO AGENT_MOVEMENT_RAW_LOG VALUES(1778,0.7392612573043034E0,'2026-03-22 00:07:20.700000','2026-03-22 00:07:24.000000',1233)
COMMIT
INSERT INTO AGENTS_RAW_LOG VALUES(1789,19,'<population>[104]','2026-03-22 00:07:24.023000',229)
COMMIT
DELETE FROM AGENTS_RAW_LOG WHERE ID=1789
INSERT INTO AGENTS_RAW_LOG VALUES(1789,19,'root.<population>[104]','2026-03-22 00:07:24.023000',229)
COMMIT
INSERT INTO AGENT_MOVEMENT_RAW_LOG VALUES(1777,0.7628572093678397E0,'2026-03-22 00:07:21.000000','2026-03-22 00:07:24.600000',1234)
COMMIT
INSERT INTO AGENT_MOVEMENT_RAW_LOG VALUES(1781,0.14456010181934836E0,'2026-03-22 00:07:21.300000','2026-03-22 00:07:24.600000',1235)
COMMIT
INSERT INTO AGENT_MOVEMENT_RAW_LOG VALUES(1762,0.8316394043332574E0,'2026-03-22 00:07:21.600000','2026-03-22 00:07:24.900000',1236)
COMMIT
INSERT INTO AGENT_MOVEMENT_RAW_LOG VALUES(1758,0.2162002690080334E0,'2026-03-22 00:07:21.900000','2026-03-22 00:07:25.200000',1237)
COMMIT
INSERT INTO AGENT_MOVEMENT_RAW_LOG VALUES(1779,0.43795776208922493E0,'2026-03-22 00:07:19.800000','2026-03-22 00:07:25.500000',1238)
COMMIT
INSERT INTO AGENT_MOVEMENT_RAW_LOG VALUES(1766,0.5669193000551617E0,'2026-03-22 00:07:22.500000','2026-03-22 00:07:25.800000',1239)
COMMIT
INSERT INTO AGENT_MOVEMENT_RAW_LOG VALUES(1759,0.5744083273514656E0,'2026-03-22 00:07:22.800000','2026-03-22 00:07:26.100000',1240)
COMMIT
INSERT INTO AGENT_MOVEMENT_RAW_LOG VALUES(1760,0.40504546287336823E0,'2026-03-22 00:07:22.800000','2026-03-22 00:07:26.100000',1241)
COMMIT
INSERT INTO AGENT_MOVEMENT_RAW_LOG VALUES(1765,0.6147621919037336E0,'2026-03-22 00:07:22.800000','2026-03-22 00:07:26.100000',1242)
COMMIT
INSERT INTO AGENT_MOVEMENT_RAW_LOG VALUES(1768,0.5485759518803698E0,'2026-03-22 00:07:22.800000','2026-03-22 00:07:26.100000',1243)
COMMIT
INSERT INTO AGENT_MOVEMENT_RAW_LOG VALUES(1776,0.5922331958708845E0,'2026-03-22 00:07:23.100000','2026-03-22 00:07:26.400000',1244)
COMMIT
INSERT INTO AGENT_MOVEMENT_RAW_LOG VALUES(1764,0.4648550084644621E0,'2026-03-22 00:07:23.400000','2026-03-22 00:07:26.700000',1245)
COMMIT
INSERT INTO AGENT_MOVEMENT_RAW_LOG VALUES(1761,0.35465595500268327E0,'2026-03-22 00:07:23.700000','2026-03-22 00:07:27.000000',1246)
COMMIT
INSERT INTO AGENT_MOVEMENT_RAW_LOG VALUES(1763,0.6314182312376775E0,'2026-03-22 00:07:24.000000','2026-03-22 00:07:27.300000',1247)
COMMIT
INSERT INTO AGENT_MOVEMENT_RAW_LOG VALUES(1767,0.7550563039943697E0,'2026-03-22 00:07:24.000000','2026-03-22 00:07:27.300000',1248)
COMMIT
INSERT INTO AGENT_MOVEMENT_RAW_LOG VALUES(1769,0.677984396807585E0,'2026-03-22 00:07:24.000000','2026-03-22 00:07:27.300000',1249)
COMMIT
INSERT INTO AGENT_MOVEMENT_RAW_LOG VALUES(1778,0.7439856344164307E0,'2026-03-22 00:07:24.000000','2026-03-22 00:07:27.300000',1250)
COMMIT
INSERT INTO AGENT_MOVEMENT_RAW_LOG VALUES(1777,0.7537177645757155E0,'2026-03-22 00:07:24.600000','2026-03-22 00:07:27.900000',1251)
COMMIT
INSERT INTO AGENT_MOVEMENT_RAW_LOG VALUES(1781,0.409533699432238E0,'2026-03-22 00:07:24.600000','2026-03-22 00:07:27.900000',1252)
COMMIT
INSERT INTO AGENT_MOVEMENT_RAW_LOG VALUES(1762,0.8594984163216886E0,'2026-03-22 00:07:24.900000','2026-03-22 00:07:28.200000',1253)
COMMIT
INSERT INTO AGENT_MOVEMENT_RAW_LOG VALUES(1758,0.2313585173977361E0,'2026-03-22 00:07:25.200000','2026-03-22 00:07:28.500000',1254)
COMMIT
INSERT INTO AGENT_MOVEMENT_RAW_LOG VALUES(1779,0.6930794834820062E0,'2026-03-22 00:07:25.500000','2026-03-22 00:07:28.800000',1255)
COMMIT
INSERT INTO AGENT_MOVEMENT_RAW_LOG VALUES(1766,0.5870241526147858E0,'2026-03-22 00:07:25.800000','2026-03-22 00:07:29.100000',1256)
COMMIT
INSERT INTO AGENT_MOVEMENT_RAW_LOG VALUES(1759,0.5843202497442702E0,'2026-03-22 00:07:26.100000','2026-03-22 00:07:29.400000',1257)
COMMIT
INSERT INTO AGENT_MOVEMENT_RAW_LOG VALUES(1760,0.40490850579990906E0,'2026-03-22 00:07:26.100000','2026-03-22 00:07:29.400000',1258)
COMMIT
INSERT INTO AGENT_MOVEMENT_RAW_LOG VALUES(1765,0.6166957561720521E0,'2026-03-22 00:07:26.100000','2026-03-22 00:07:29.400000',1259)
COMMIT
INSERT INTO AGENT_MOVEMENT_RAW_LOG VALUES(1768,0.5245702643850536E0,'2026-03-22 00:07:26.100000','2026-03-22 00:07:29.400000',1260)
COMMIT
INSERT INTO AGENT_MOVEMENT_RAW_LOG VALUES(1776,0.658750633863683E0,'2026-03-22 00:07:26.400000','2026-03-22 00:07:29.700000',1261)
COMMIT
INSERT INTO AGENT_MOVEMENT_RAW_LOG VALUES(1764,0.5219771702368438E0,'2026-03-22 00:07:26.700000','2026-03-22 00:07:30.000000',1262)
COMMIT
INSERT INTO AGENT_MOVEMENT_RAW_LOG VALUES(1761,0.36925606791749993E0,'2026-03-22 00:07:27.000000','2026-03-22 00:07:30.300000',1263)
COMMIT
INSERT INTO AGENT_MOVEMENT_RAW_LOG VALUES(1763,0.6277417082045563E0,'2026-03-22 00:07:27.300000','2026-03-22 00:07:30.600000',1264)
COMMIT
INSERT INTO AGENT_MOVEMENT_RAW_LOG VALUES(1767,0.7697679188627469E0,'2026-03-22 00:07:27.300000','2026-03-22 00:07:30.600000',1265)
COMMIT
INSERT INTO AGENT_MOVEMENT_RAW_LOG VALUES(1769,0.7514033778497422E0,'2026-03-22 00:07:27.300000','2026-03-22 00:07:30.600000',1266)
COMMIT
INSERT INTO AGENT_MOVEMENT_RAW_LOG VALUES(1778,0.750230281973365E0,'2026-03-22 00:07:27.300000','2026-03-22 00:07:30.600000',1267)
COMMIT
INSERT INTO AGENT_MOVEMENT_RAW_LOG VALUES(1777,0.720313009038801E0,'2026-03-22 00:07:27.900000','2026-03-22 00:07:31.200000',1268)
COMMIT
INSERT INTO AGENT_MOVEMENT_RAW_LOG VALUES(1781,0.4152075661624088E0,'2026-03-22 00:07:27.900000','2026-03-22 00:07:31.200000',1269)
COMMIT
INSERT INTO AGENT_MOVEMENT_RAW_LOG VALUES(1758,0.19851690578849304E0,'2026-03-22 00:07:28.500000','2026-03-22 00:07:31.800000',1270)
COMMIT
INSERT INTO AGENT_MOVEMENT_RAW_LOG VALUES(1762,0.7618967707780302E0,'2026-03-22 00:07:28.200000','2026-03-22 00:07:31.800000',1271)
COMMIT
INSERT INTO AGENT_MOVEMENT_RAW_LOG VALUES(1779,0.7410835552348819E0,'2026-03-22 00:07:28.800000','2026-03-22 00:07:32.100000',1272)
COMMIT
INSERT INTO AGENT_MOVEMENT_RAW_LOG VALUES(1766,0.5821840558748247E0,'2026-03-22 00:07:29.100000','2026-03-22 00:07:32.400000',1273)
COMMIT
INSERT INTO AGENT_MOVEMENT_RAW_LOG VALUES(1759,0.549976253115051E0,'2026-03-22 00:07:29.400000','2026-03-22 00:07:32.700000',1274)
COMMIT
INSERT INTO AGENT_MOVEMENT_RAW_LOG VALUES(1760,0.37588588016338914E0,'2026-03-22 00:07:29.400000','2026-03-22 00:07:32.700000',1275)
COMMIT
INSERT INTO AGENT_MOVEMENT_RAW_LOG VALUES(1765,0.6053371646094583E0,'2026-03-22 00:07:29.400000','2026-03-22 00:07:32.700000',1276)
COMMIT
INSERT INTO AGENT_MOVEMENT_RAW_LOG VALUES(1768,0.5338522526444576E0,'2026-03-22 00:07:29.400000','2026-03-22 00:07:32.700000',1277)
COMMIT
INSERT INTO AGENT_MOVEMENT_RAW_LOG VALUES(1776,0.6624191346840334E0,'2026-03-22 00:07:29.700000','2026-03-22 00:07:33.000000',1278)
COMMIT
INSERT INTO AGENT_MOVEMENT_RAW_LOG VALUES(1764,0.471158741811529E0,'2026-03-22 00:07:30.000000','2026-03-22 00:07:33.300000',1279)
COMMIT
INSERT INTO AGENT_MOVEMENT_RAW_LOG VALUES(1761,0.3783564099360181E0,'2026-03-22 00:07:30.300000','2026-03-22 00:07:33.600000',1280)
COMMIT
INSERT INTO AGENT_MOVEMENT_RAW_LOG VALUES(1763,0.6121354008722388E0,'2026-03-22 00:07:30.600000','2026-03-22 00:07:33.900000',1281)
COMMIT
INSERT INTO AGENT_MOVEMENT_RAW_LOG VALUES(1769,0.6796050266933884E0,'2026-03-22 00:07:30.600000','2026-03-22 00:07:33.900000',1282)
COMMIT
INSERT INTO AGENT_MOVEMENT_RAW_LOG VALUES(1778,0.7485692255669476E0,'2026-03-22 00:07:30.600000','2026-03-22 00:07:33.900000',1283)
COMMIT
INSERT INTO AGENT_MOVEMENT_RAW_LOG VALUES(1777,0.6794623565572481E0,'2026-03-22 00:07:31.200000','2026-03-22 00:07:34.500000',1284)
COMMIT
INSERT INTO AGENT_MOVEMENT_RAW_LOG VALUES(1781,0.4142234207119054E0,'2026-03-22 00:07:31.200000','2026-03-22 00:07:34.500000',1285)
COMMIT
INSERT INTO AGENT_MOVEMENT_RAW_LOG VALUES(1758,0.2136754019727865E0,'2026-03-22 00:07:31.800000','2026-03-22 00:07:35.100000',1286)
COMMIT
INSERT INTO AGENT_MOVEMENT_RAW_LOG VALUES(1762,0.8517293656529143E0,'2026-03-22 00:07:31.800000','2026-03-22 00:07:35.100000',1287)
COMMIT
INSERT INTO AGENT_MOVEMENT_RAW_LOG VALUES(1779,0.04379275791540241E0,'2026-03-22 00:07:32.100000','2026-03-22 00:07:35.100000',1288)
COMMIT
INSERT INTO AGENT_MOVEMENT_RAW_LOG VALUES(1767,0.5851674115233795E0,'2026-03-22 00:07:30.600000','2026-03-22 00:07:35.400000',1289)
COMMIT
INSERT INTO AGENT_MOVEMENT_RAW_LOG VALUES(1766,0.5783212037014054E0,'2026-03-22 00:07:32.400000','2026-03-22 00:07:35.700000',1290)
COMMIT
INSERT INTO AGENT_MOVEMENT_RAW_LOG VALUES(1759,0.5653718745209162E0,'2026-03-22 00:07:32.700000','2026-03-22 00:07:36.000000',1291)
COMMIT
INSERT INTO AGENT_MOVEMENT_RAW_LOG VALUES(1760,0.41487950382686944E0,'2026-03-22 00:07:32.700000','2026-03-22 00:07:36.000000',1292)
COMMIT
INSERT INTO AGENT_MOVEMENT_RAW_LOG VALUES(1765,0.567342103663114E0,'2026-03-22 00:07:32.700000','2026-03-22 00:07:36.000000',1293)
COMMIT
INSERT INTO AGENT_MOVEMENT_RAW_LOG VALUES(1768,0.4848012940641904E0,'2026-03-22 00:07:32.700000','2026-03-22 00:07:36.000000',1294)
COMMIT
INSERT INTO AGENT_MOVEMENT_RAW_LOG VALUES(1776,0.6891009024696345E0,'2026-03-22 00:07:33.000000','2026-03-22 00:07:36.300000',1295)
COMMIT
INSERT INTO AGENT_MOVEMENT_RAW_LOG VALUES(1764,0.4665076053512433E0,'2026-03-22 00:07:33.300000','2026-03-22 00:07:36.600000',1296)
COMMIT
INSERT INTO AGENT_MOVEMENT_RAW_LOG VALUES(1761,0.34830686435234226E0,'2026-03-22 00:07:33.600000','2026-03-22 00:07:36.900000',1297)
COMMIT
INSERT INTO AGENT_MOVEMENT_RAW_LOG VALUES(1763,0.5976217669105062E0,'2026-03-22 00:07:33.900000','2026-03-22 00:07:37.200000',1298)
COMMIT
INSERT INTO AGENT_MOVEMENT_RAW_LOG VALUES(1769,0.825421053919005E0,'2026-03-22 00:07:33.900000','2026-03-22 00:07:37.200000',1299)
COMMIT
INSERT INTO AGENT_MOVEMENT_RAW_LOG VALUES(1778,0.7317286869987225E0,'2026-03-22 00:07:33.900000','2026-03-22 00:07:37.200000',1300)
COMMIT
INSERT INTO AGENT_MOVEMENT_RAW_LOG VALUES(1777,0.6799162602563257E0,'2026-03-22 00:07:34.500000','2026-03-22 00:07:37.800000',1301)
COMMIT
INSERT INTO AGENT_MOVEMENT_RAW_LOG VALUES(1781,0.4457801664821812E0,'2026-03-22 00:07:34.500000','2026-03-22 00:07:37.800000',1302)
COMMIT
INSERT INTO AGENT_MOVEMENT_RAW_LOG VALUES(1758,0.18083414094884795E0,'2026-03-22 00:07:35.100000','2026-03-22 00:07:38.400000',1303)
COMMIT
INSERT INTO AGENT_MOVEMENT_RAW_LOG VALUES(1762,0.7749388217962101E0,'2026-03-22 00:07:35.100000','2026-03-22 00:07:38.700000',1304)
COMMIT
INSERT INTO AGENT_MOVEMENT_RAW_LOG VALUES(1767,0.5462110373154174E0,'2026-03-22 00:07:35.400000','2026-03-22 00:07:38.700000',1305)
COMMIT
INSERT INTO AGENT_MOVEMENT_RAW_LOG VALUES(1766,0.596890159845367E0,'2026-03-22 00:07:35.700000','2026-03-22 00:07:39.000000',1306)
COMMIT
INSERT INTO AGENT_MOVEMENT_RAW_LOG VALUES(1759,0.5552370154015408E0,'2026-03-22 00:07:36.000000','2026-03-22 00:07:39.300000',1307)
COMMIT
INSERT INTO AGENT_MOVEMENT_RAW_LOG VALUES(1760,0.4191112907473198E0,'2026-03-22 00:07:36.000000','2026-03-22 00:07:39.300000',1308)
COMMIT
INSERT INTO AGENT_MOVEMENT_RAW_LOG VALUES(1765,0.5540864249325498E0,'2026-03-22 00:07:36.000000','2026-03-22 00:07:39.300000',1309)
COMMIT
INSERT INTO AGENT_MOVEMENT_RAW_LOG VALUES(1768,0.5114669700917381E0,'2026-03-22 00:07:36.000000','2026-03-22 00:07:39.300000',1310)
COMMIT
INSERT INTO AGENT_MOVEMENT_RAW_LOG VALUES(1776,0.6678431118091614E0,'2026-03-22 00:07:36.300000','2026-03-22 00:07:39.600000',1311)
COMMIT
INSERT INTO AGENT_MOVEMENT_RAW_LOG VALUES(1764,0.47511032367742195E0,'2026-03-22 00:07:36.600000','2026-03-22 00:07:39.900000',1312)
COMMIT
INSERT INTO AGENT_MOVEMENT_RAW_LOG VALUES(1761,0.3434033741793635E0,'2026-03-22 00:07:36.900000','2026-03-22 00:07:40.200000',1313)
COMMIT
INSERT INTO AGENT_MOVEMENT_RAW_LOG VALUES(1763,0.6030733377097754E0,'2026-03-22 00:07:37.200000','2026-03-22 00:07:40.500000',1314)
COMMIT
INSERT INTO AGENT_MOVEMENT_RAW_LOG VALUES(1769,0.8505918291940423E0,'2026-03-22 00:07:37.200000','2026-03-22 00:07:40.500000',1315)
COMMIT
INSERT INTO AGENT_MOVEMENT_RAW_LOG VALUES(1778,0.7435396374148817E0,'2026-03-22 00:07:37.200000','2026-03-22 00:07:40.500000',1316)
COMMIT
INSERT INTO AGENTS_RAW_LOG VALUES(1790,19,'<population>[105]','2026-03-22 00:07:40.704000',230)
COMMIT
DELETE FROM AGENTS_RAW_LOG WHERE ID=1790
INSERT INTO AGENTS_RAW_LOG VALUES(1790,19,'root.<population>[105]','2026-03-22 00:07:40.704000',230)
COMMIT
INSERT INTO AGENTS_RAW_LOG VALUES(1791,19,'<population>[106]','2026-03-22 00:07:40.788000',231)
COMMIT
DELETE FROM AGENTS_RAW_LOG WHERE ID=1791
INSERT INTO AGENTS_RAW_LOG VALUES(1791,19,'root.<population>[106]','2026-03-22 00:07:40.788000',231)
COMMIT
INSERT INTO AGENT_MOVEMENT_RAW_LOG VALUES(1779,0.4584175764498554E0,'2026-03-22 00:07:35.100000','2026-03-22 00:07:40.800000',1317)
COMMIT
INSERT INTO AGENT_MOVEMENT_RAW_LOG VALUES(1777,0.6431401971609071E0,'2026-03-22 00:07:37.800000','2026-03-22 00:07:41.100000',1318)
COMMIT
INSERT INTO AGENT_MOVEMENT_RAW_LOG VALUES(1781,0.42961842498237446E0,'2026-03-22 00:07:37.800000','2026-03-22 00:07:41.100000',1319)
COMMIT
INSERT INTO AGENT_MOVEMENT_RAW_LOG VALUES(1788,0.526928790517218E0,'2026-03-22 00:07:23.850000','2026-03-22 00:07:41.100000',1320)
COMMIT
INSERT INTO AGENT_MOVEMENT_RAW_LOG VALUES(1784,0.429077700958403E0,'2026-03-22 00:07:22.321000','2026-03-22 00:07:41.100000',1321)
COMMIT
INSERT INTO AGENT_MOVEMENT_RAW_LOG VALUES(1786,0.4119951300861684E0,'2026-03-22 00:07:23.581000','2026-03-22 00:07:41.100000',1322)
COMMIT
INSERT INTO AGENT_MOVEMENT_RAW_LOG VALUES(1790,0.42900062134294364E0,'2026-03-22 00:07:40.704000','2026-03-22 00:07:41.100000',1323)
COMMIT
INSERT INTO AGENTS_RAW_LOG VALUES(1792,19,'<population>[107]','2026-03-22 00:07:41.476000',232)
COMMIT
DELETE FROM AGENTS_RAW_LOG WHERE ID=1792
INSERT INTO AGENTS_RAW_LOG VALUES(1792,19,'root.<population>[107]','2026-03-22 00:07:41.476000',232)
COMMIT
INSERT INTO AGENTS_RAW_LOG VALUES(1793,19,'<population>[108]','2026-03-22 00:07:41.481000',233)
COMMIT
DELETE FROM AGENTS_RAW_LOG WHERE ID=1793
INSERT INTO AGENTS_RAW_LOG VALUES(1793,19,'root.<population>[108]','2026-03-22 00:07:41.481000',233)
COMMIT
INSERT INTO AGENT_MOVEMENT_RAW_LOG VALUES(1758,0.19599309114085484E0,'2026-03-22 00:07:38.400000','2026-03-22 00:07:41.700000',1324)
COMMIT
INSERT INTO AGENT_MOVEMENT_RAW_LOG VALUES(1762,0.8454905113346395E0,'2026-03-22 00:07:38.700000','2026-03-22 00:07:42.000000',1325)
COMMIT
INSERT INTO AGENT_MOVEMENT_RAW_LOG VALUES(1767,0.45780294727977755E0,'2026-03-22 00:07:38.700000','2026-03-22 00:07:42.000000',1326)
COMMIT
INSERT INTO AGENTS_RAW_LOG VALUES(1794,19,'<population>[109]','2026-03-22 00:07:42.236000',234)
COMMIT
DELETE FROM AGENTS_RAW_LOG WHERE ID=1794
INSERT INTO AGENTS_RAW_LOG VALUES(1794,19,'root.<population>[109]','2026-03-22 00:07:42.236000',234)
COMMIT
INSERT INTO AGENTS_RAW_LOG VALUES(1795,19,'<population>[110]','2026-03-22 00:07:42.266000',235)
COMMIT
DELETE FROM AGENTS_RAW_LOG WHERE ID=1795
INSERT INTO AGENTS_RAW_LOG VALUES(1795,19,'root.<population>[110]','2026-03-22 00:07:42.266000',235)
COMMIT
INSERT INTO AGENT_MOVEMENT_RAW_LOG VALUES(1766,0.586541471882421E0,'2026-03-22 00:07:39.000000','2026-03-22 00:07:42.300000',1327)
COMMIT
INSERT INTO AGENTS_RAW_LOG VALUES(1796,19,'<population>[111]','2026-03-22 00:07:42.540000',236)
COMMIT
DELETE FROM AGENTS_RAW_LOG WHERE ID=1796
INSERT INTO AGENTS_RAW_LOG VALUES(1796,19,'root.<population>[111]','2026-03-22 00:07:42.540000',236)
COMMIT
INSERT INTO AGENT_MOVEMENT_RAW_LOG VALUES(1759,0.596403460449369E0,'2026-03-22 00:07:39.300000','2026-03-22 00:07:42.600000',1328)
COMMIT
INSERT INTO AGENT_MOVEMENT_RAW_LOG VALUES(1760,0.41778898252273494E0,'2026-03-22 00:07:39.300000','2026-03-22 00:07:42.600000',1329)
COMMIT
INSERT INTO AGENT_MOVEMENT_RAW_LOG VALUES(1765,0.5316526302499954E0,'2026-03-22 00:07:39.300000','2026-03-22 00:07:42.600000',1330)
COMMIT
INSERT INTO AGENT_MOVEMENT_RAW_LOG VALUES(1768,0.48317782528389797E0,'2026-03-22 00:07:39.300000','2026-03-22 00:07:42.600000',1331)
COMMIT
INSERT INTO AGENT_MOVEMENT_RAW_LOG VALUES(1776,0.7429326940682138E0,'2026-03-22 00:07:39.600000','2026-03-22 00:07:42.900000',1332)
COMMIT
INSERT INTO AGENT_MOVEMENT_RAW_LOG VALUES(1764,0.4845597220854148E0,'2026-03-22 00:07:39.900000','2026-03-22 00:07:43.200000',1333)
COMMIT
INSERT INTO AGENT_MOVEMENT_RAW_LOG VALUES(1784,0.36555906597008175E0,'2026-03-22 00:07:41.100000','2026-03-22 00:07:43.200000',1334)
COMMIT
INSERT INTO AGENT_MOVEMENT_RAW_LOG VALUES(1786,0.45225414354751764E0,'2026-03-22 00:07:41.100000','2026-03-22 00:07:43.200000',1335)
COMMIT
INSERT INTO AGENT_MOVEMENT_RAW_LOG VALUES(1792,1.4025373901571287E0,'2026-03-22 00:07:41.476000','2026-03-22 00:07:43.200000',1336)
COMMIT
INSERT INTO AGENT_MOVEMENT_RAW_LOG VALUES(1793,2.275909895560389E0,'2026-03-22 00:07:41.481000','2026-03-22 00:07:43.200000',1337)
COMMIT
INSERT INTO AGENT_MOVEMENT_RAW_LOG VALUES(1795,2.980683100281108E0,'2026-03-22 00:07:42.266000','2026-03-22 00:07:43.200000',1338)
COMMIT
INSERT INTO AGENTS_RAW_LOG VALUES(1797,19,'<population>[112]','2026-03-22 00:07:43.219000',237)
COMMIT
DELETE FROM AGENTS_RAW_LOG WHERE ID=1797
INSERT INTO AGENTS_RAW_LOG VALUES(1797,19,'root.<population>[112]','2026-03-22 00:07:43.219000',237)
COMMIT
INSERT INTO AGENT_MOVEMENT_RAW_LOG VALUES(1761,0.3593666788276798E0,'2026-03-22 00:07:40.200000','2026-03-22 00:07:43.500000',1339)
COMMIT
INSERT INTO AGENT_MOVEMENT_RAW_LOG VALUES(1785,0.43519183018578217E0,'2026-03-22 00:07:22.608000','2026-03-22 00:07:43.500000',1340)
COMMIT
INSERT INTO AGENT_MOVEMENT_RAW_LOG VALUES(1787,0.3586352382475086E0,'2026-03-22 00:07:23.841000','2026-03-22 00:07:43.500000',1341)
COMMIT
INSERT INTO AGENT_MOVEMENT_RAW_LOG VALUES(1789,0.4265166844812438E0,'2026-03-22 00:07:24.023000','2026-03-22 00:07:43.500000',1342)
COMMIT
INSERT INTO AGENT_MOVEMENT_RAW_LOG VALUES(1791,0.5702952449153722E0,'2026-03-22 00:07:40.788000','2026-03-22 00:07:43.500000',1343)
COMMIT
INSERT INTO AGENT_MOVEMENT_RAW_LOG VALUES(1794,1.6249933070502889E0,'2026-03-22 00:07:42.236000','2026-03-22 00:07:43.500000',1344)
COMMIT
INSERT INTO AGENT_MOVEMENT_RAW_LOG VALUES(1796,0.7426960417130563E0,'2026-03-22 00:07:42.540000','2026-03-22 00:07:43.500000',1345)
COMMIT
INSERT INTO AGENT_MOVEMENT_RAW_LOG VALUES(1797,9.888677291315636E0,'2026-03-22 00:07:43.219000','2026-03-22 00:07:43.500000',1346)
COMMIT
INSERT INTO AGENT_MOVEMENT_RAW_LOG VALUES(1763,0.613691357638478E0,'2026-03-22 00:07:40.500000','2026-03-22 00:07:43.800000',1347)
COMMIT
INSERT INTO AGENT_MOVEMENT_RAW_LOG VALUES(1769,0.8430234746769436E0,'2026-03-22 00:07:40.500000','2026-03-22 00:07:43.800000',1348)
COMMIT
INSERT INTO AGENT_MOVEMENT_RAW_LOG VALUES(1778,0.7379021613896758E0,'2026-03-22 00:07:40.500000','2026-03-22 00:07:43.800000',1349)
COMMIT
INSERT INTO AGENT_MOVEMENT_RAW_LOG VALUES(1779,0.7747319629230603E0,'2026-03-22 00:07:40.800000','2026-03-22 00:07:44.100000',1350)
COMMIT
INSERT INTO AGENT_MOVEMENT_RAW_LOG VALUES(1777,0.6426889274093411E0,'2026-03-22 00:07:41.100000','2026-03-22 00:07:44.400000',1351)
COMMIT
INSERT INTO AGENT_MOVEMENT_RAW_LOG VALUES(1781,0.4189186283602255E0,'2026-03-22 00:07:41.100000','2026-03-22 00:07:44.400000',1352)
COMMIT
INSERT INTO AGENT_MOVEMENT_RAW_LOG VALUES(1786,0.44614354593437877E0,'2026-03-22 00:07:43.200000','2026-03-22 00:07:44.700000',1353)
COMMIT
INSERT INTO AGENT_MOVEMENT_RAW_LOG VALUES(1758,0.1631524176103298E0,'2026-03-22 00:07:41.700000','2026-03-22 00:07:45.000000',1354)
COMMIT
INSERT INTO AGENT_MOVEMENT_RAW_LOG VALUES(1762,0.8686622332344465E0,'2026-03-22 00:07:42.000000','2026-03-22 00:07:45.300000',1355)
COMMIT
INSERT INTO AGENT_MOVEMENT_RAW_LOG VALUES(1767,0.45061036722412817E0,'2026-03-22 00:07:42.000000','2026-03-22 00:07:45.300000',1356)
COMMIT
INSERT INTO AGENT_MOVEMENT_RAW_LOG VALUES(1766,0.6128166182963556E0,'2026-03-22 00:07:42.300000','2026-03-22 00:07:45.600000',1357)
COMMIT
INSERT INTO AGENT_MOVEMENT_RAW_LOG VALUES(1759,0.5731917917152637E0,'2026-03-22 00:07:42.600000','2026-03-22 00:07:45.900000',1358)
COMMIT
INSERT INTO AGENT_MOVEMENT_RAW_LOG VALUES(1760,0.3997432343568985E0,'2026-03-22 00:07:42.600000','2026-03-22 00:07:45.900000',1359)
COMMIT
INSERT INTO AGENT_MOVEMENT_RAW_LOG VALUES(1765,0.5382713589263667E0,'2026-03-22 00:07:42.600000','2026-03-22 00:07:45.900000',1360)
COMMIT
INSERT INTO AGENT_MOVEMENT_RAW_LOG VALUES(1768,0.5053838385561709E0,'2026-03-22 00:07:42.600000','2026-03-22 00:07:45.900000',1361)
COMMIT
INSERT INTO AGENT_MOVEMENT_RAW_LOG VALUES(1776,0.7632719139789912E0,'2026-03-22 00:07:42.900000','2026-03-22 00:07:46.200000',1362)
COMMIT
INSERT INTO AGENT_MOVEMENT_RAW_LOG VALUES(1764,0.4581594353335702E0,'2026-03-22 00:07:43.200000','2026-03-22 00:07:46.500000',1363)
COMMIT
INSERT INTO AGENT_MOVEMENT_RAW_LOG VALUES(1788,0.8115743765848239E0,'2026-03-22 00:07:41.100000','2026-03-22 00:07:46.500000',1364)
COMMIT
INSERT INTO AGENT_MOVEMENT_RAW_LOG VALUES(1761,0.39052209762518797E0,'2026-03-22 00:07:43.500000','2026-03-22 00:07:46.800000',1365)
COMMIT
INSERT INTO AGENT_MOVEMENT_RAW_LOG VALUES(1789,0.6407056527987076E0,'2026-03-22 00:07:43.500000','2026-03-22 00:07:46.800000',1366)
COMMIT
INSERT INTO AGENT_MOVEMENT_RAW_LOG VALUES(1763,0.5874107569054214E0,'2026-03-22 00:07:43.800000','2026-03-22 00:07:47.100000',1367)
COMMIT
INSERT INTO AGENT_MOVEMENT_RAW_LOG VALUES(1769,0.8763512663008729E0,'2026-03-22 00:07:43.800000','2026-03-22 00:07:47.100000',1368)
COMMIT
INSERT INTO AGENT_MOVEMENT_RAW_LOG VALUES(1778,0.7610609583765533E0,'2026-03-22 00:07:43.800000','2026-03-22 00:07:47.100000',1369)
COMMIT
INSERT INTO AGENT_MOVEMENT_RAW_LOG VALUES(1779,0.7050193511882629E0,'2026-03-22 00:07:44.100000','2026-03-22 00:07:47.400000',1370)
COMMIT
INSERT INTO AGENT_MOVEMENT_RAW_LOG VALUES(1777,0.5840413716865701E0,'2026-03-22 00:07:44.400000','2026-03-22 00:07:47.700000',1371)
COMMIT
INSERT INTO AGENT_MOVEMENT_RAW_LOG VALUES(1781,0.3961301970068777E0,'2026-03-22 00:07:44.400000','2026-03-22 00:07:47.700000',1372)
COMMIT
INSERT INTO AGENT_MOVEMENT_RAW_LOG VALUES(1758,0.17831217119359047E0,'2026-03-22 00:07:45.000000','2026-03-22 00:07:48.300000',1373)
COMMIT
INSERT INTO AGENT_MOVEMENT_RAW_LOG VALUES(1762,0.8056220922276106E0,'2026-03-22 00:07:45.300000','2026-03-22 00:07:48.900000',1374)
COMMIT
INSERT INTO AGENT_MOVEMENT_RAW_LOG VALUES(1766,0.5974709597958799E0,'2026-03-22 00:07:45.600000','2026-03-22 00:07:48.900000',1375)
COMMIT
INSERT INTO AGENTS_RAW_LOG VALUES(1798,19,'<population>[113]','2026-03-22 00:07:49.034000',238)
COMMIT
DELETE FROM AGENTS_RAW_LOG WHERE ID=1798
INSERT INTO AGENTS_RAW_LOG VALUES(1798,19,'root.<population>[113]','2026-03-22 00:07:49.034000',238)
COMMIT
INSERT INTO AGENT_MOVEMENT_RAW_LOG VALUES(1759,0.5942976566820058E0,'2026-03-22 00:07:45.900000','2026-03-22 00:07:49.200000',1376)
COMMIT
INSERT INTO AGENT_MOVEMENT_RAW_LOG VALUES(1760,0.424052845545962E0,'2026-03-22 00:07:45.900000','2026-03-22 00:07:49.200000',1377)
COMMIT
INSERT INTO AGENT_MOVEMENT_RAW_LOG VALUES(1765,0.5841823491698062E0,'2026-03-22 00:07:45.900000','2026-03-22 00:07:49.200000',1378)
COMMIT
INSERT INTO AGENT_MOVEMENT_RAW_LOG VALUES(1768,0.5077302087897435E0,'2026-03-22 00:07:45.900000','2026-03-22 00:07:49.200000',1379)
COMMIT
INSERT INTO AGENTS_RAW_LOG VALUES(1799,19,'<population>[114]','2026-03-22 00:07:49.472000',239)
COMMIT
DELETE FROM AGENTS_RAW_LOG WHERE ID=1799
INSERT INTO AGENTS_RAW_LOG VALUES(1799,19,'root.<population>[114]','2026-03-22 00:07:49.472000',239)
COMMIT
INSERT INTO AGENT_MOVEMENT_RAW_LOG VALUES(1776,0.7721118398403723E0,'2026-03-22 00:07:46.200000','2026-03-22 00:07:49.500000',1380)
COMMIT
INSERT INTO AGENT_MOVEMENT_RAW_LOG VALUES(1764,0.48186331416281375E0,'2026-03-22 00:07:46.500000','2026-03-22 00:07:49.800000',1381)
COMMIT
INSERT INTO AGENT_MOVEMENT_RAW_LOG VALUES(1761,0.367484470402706E0,'2026-03-22 00:07:46.800000','2026-03-22 00:07:50.100000',1382)
COMMIT
INSERT INTO AGENT_MOVEMENT_RAW_LOG VALUES(1763,0.585677763412572E0,'2026-03-22 00:07:47.100000','2026-03-22 00:07:50.400000',1383)
COMMIT
INSERT INTO AGENT_MOVEMENT_RAW_LOG VALUES(1769,0.8871846222291419E0,'2026-03-22 00:07:47.100000','2026-03-22 00:07:50.400000',1384)
COMMIT
INSERT INTO AGENT_MOVEMENT_RAW_LOG VALUES(1778,0.7057454588255678E0,'2026-03-22 00:07:47.100000','2026-03-22 00:07:50.400000',1385)
COMMIT
INSERT INTO AGENT_MOVEMENT_RAW_LOG VALUES(1785,0.6231534017146282E0,'2026-03-22 00:07:43.500000','2026-03-22 00:07:50.400000',1386)
COMMIT
INSERT INTO AGENT_MOVEMENT_RAW_LOG VALUES(1779,0.6626155028579114E0,'2026-03-22 00:07:47.400000','2026-03-22 00:07:50.700000',1387)
COMMIT
INSERT INTO AGENT_MOVEMENT_RAW_LOG VALUES(1767,0.46446783987084117E0,'2026-03-22 00:07:45.300000','2026-03-22 00:07:51.000000',1388)
COMMIT
INSERT INTO AGENT_MOVEMENT_RAW_LOG VALUES(1777,0.6318707133416633E0,'2026-03-22 00:07:47.700000','2026-03-22 00:07:51.000000',1389)
COMMIT
INSERT INTO AGENT_MOVEMENT_RAW_LOG VALUES(1781,0.4215227781994383E0,'2026-03-22 00:07:47.700000','2026-03-22 00:07:51.000000',1390)
COMMIT
INSERT INTO AGENT_MOVEMENT_RAW_LOG VALUES(1787,0.503881824892267E0,'2026-03-22 00:07:43.500000','2026-03-22 00:07:51.435000',1391)
COMMIT
INSERT INTO AGENT_MOVEMENT_RAW_LOG VALUES(1758,0.1454725970896628E0,'2026-03-22 00:07:48.300000','2026-03-22 00:07:51.600000',1392)
COMMIT
INSERT INTO AGENT_MOVEMENT_RAW_LOG VALUES(1766,0.6183625161403765E0,'2026-03-22 00:07:48.900000','2026-03-22 00:07:52.200000',1393)
COMMIT
INSERT INTO AGENT_MOVEMENT_RAW_LOG VALUES(1759,0.5708476468293682E0,'2026-03-22 00:07:49.200000','2026-03-22 00:07:52.500000',1394)
COMMIT
INSERT INTO AGENT_MOVEMENT_RAW_LOG VALUES(1760,0.4053908299699828E0,'2026-03-22 00:07:49.200000','2026-03-22 00:07:52.500000',1395)
COMMIT
INSERT INTO AGENT_MOVEMENT_RAW_LOG VALUES(1762,0.7903319706688612E0,'2026-03-22 00:07:48.900000','2026-03-22 00:07:52.500000',1396)
COMMIT
INSERT INTO AGENT_MOVEMENT_RAW_LOG VALUES(1765,0.5561168477481002E0,'2026-03-22 00:07:49.200000','2026-03-22 00:07:52.500000',1397)
COMMIT
INSERT INTO AGENT_MOVEMENT_RAW_LOG VALUES(1768,0.5041452737193961E0,'2026-03-22 00:07:49.200000','2026-03-22 00:07:52.500000',1398)
COMMIT
INSERT INTO AGENT_MOVEMENT_RAW_LOG VALUES(1776,0.7452995157192661E0,'2026-03-22 00:07:49.500000','2026-03-22 00:07:52.800000',1399)
COMMIT
INSERT INTO AGENT_MOVEMENT_RAW_LOG VALUES(1787,0.5330752577628987E0,'2026-03-22 00:07:51.435000','2026-03-22 00:07:52.800000',1400)
COMMIT
INSERT INTO AGENT_MOVEMENT_RAW_LOG VALUES(1797,0.7140041963347823E0,'2026-03-22 00:07:43.500000','2026-03-22 00:07:52.800000',1401)
COMMIT
INSERT INTO AGENT_MOVEMENT_RAW_LOG VALUES(1764,0.4665049137229531E0,'2026-03-22 00:07:49.800000','2026-03-22 00:07:53.100000',1402)
COMMIT
INSERT INTO AGENT_MOVEMENT_RAW_LOG VALUES(1761,0.36304437518817484E0,'2026-03-22 00:07:50.100000','2026-03-22 00:07:53.400000',1403)
COMMIT
INSERT INTO AGENT_MOVEMENT_RAW_LOG VALUES(1782,0.40120090157888283E0,'2026-03-22 00:06:51.000000','2026-03-22 00:07:53.400000',1404)
COMMIT
INSERT INTO AGENT_MOVEMENT_RAW_LOG VALUES(1763,0.5897725960287021E0,'2026-03-22 00:07:50.400000','2026-03-22 00:07:53.700000',1405)
COMMIT
INSERT INTO AGENT_MOVEMENT_RAW_LOG VALUES(1769,0.8844546219144409E0,'2026-03-22 00:07:50.400000','2026-03-22 00:07:53.700000',1406)
COMMIT
INSERT INTO AGENT_MOVEMENT_RAW_LOG VALUES(1778,0.6270737695756022E0,'2026-03-22 00:07:50.400000','2026-03-22 00:07:53.700000',1407)
COMMIT
INSERT INTO AGENT_MOVEMENT_RAW_LOG VALUES(1779,0.48994970402109983E0,'2026-03-22 00:07:50.700000','2026-03-22 00:07:54.000000',1408)
COMMIT
INSERT INTO AGENT_MOVEMENT_RAW_LOG VALUES(1767,0.4794208597602158E0,'2026-03-22 00:07:51.000000','2026-03-22 00:07:54.300000',1409)
COMMIT
INSERT INTO AGENT_MOVEMENT_RAW_LOG VALUES(1777,0.5953716957815323E0,'2026-03-22 00:07:51.000000','2026-03-22 00:07:54.300000',1410)
COMMIT
INSERT INTO AGENT_MOVEMENT_RAW_LOG VALUES(1781,0.4070297338189648E0,'2026-03-22 00:07:51.000000','2026-03-22 00:07:54.300000',1411)
COMMIT
INSERT INTO AGENT_MOVEMENT_RAW_LOG VALUES(1758,0.1606340550414702E0,'2026-03-22 00:07:51.600000','2026-03-22 00:07:54.900000',1412)
COMMIT
INSERT INTO AGENT_MOVEMENT_RAW_LOG VALUES(1766,0.593225306193064E0,'2026-03-22 00:07:52.200000','2026-03-22 00:07:55.500000',1413)
COMMIT
INSERT INTO AGENT_MOVEMENT_RAW_LOG VALUES(1789,1.018821340277466E0,'2026-03-22 00:07:51.435000','2026-03-22 00:07:55.500000',1414)
COMMIT
INSERT INTO AGENT_MOVEMENT_RAW_LOG VALUES(1759,0.5977960576588397E0,'2026-03-22 00:07:52.500000','2026-03-22 00:07:55.800000',1415)
COMMIT
INSERT INTO AGENT_MOVEMENT_RAW_LOG VALUES(1760,0.43316227876617575E0,'2026-03-22 00:07:52.500000','2026-03-22 00:07:55.800000',1416)
COMMIT
INSERT INTO AGENT_MOVEMENT_RAW_LOG VALUES(1762,0.8320761152899261E0,'2026-03-22 00:07:52.500000','2026-03-22 00:07:55.800000',1417)
COMMIT
INSERT INTO AGENT_MOVEMENT_RAW_LOG VALUES(1765,0.591626827928857E0,'2026-03-22 00:07:52.500000','2026-03-22 00:07:55.800000',1418)
COMMIT
INSERT INTO AGENT_MOVEMENT_RAW_LOG VALUES(1768,0.49815357869170945E0,'2026-03-22 00:07:52.500000','2026-03-22 00:07:55.800000',1419)
COMMIT
INSERT INTO AGENT_MOVEMENT_RAW_LOG VALUES(1784,0.5337332169904405E0,'2026-03-22 00:07:47.711000','2026-03-22 00:07:55.800000',1420)
COMMIT
INSERT INTO AGENT_MOVEMENT_RAW_LOG VALUES(1776,0.771011039488658E0,'2026-03-22 00:07:52.800000','2026-03-22 00:07:56.100000',1421)
COMMIT
INSERT INTO AGENT_MOVEMENT_RAW_LOG VALUES(1764,0.5266295370939511E0,'2026-03-22 00:07:53.100000','2026-03-22 00:07:56.400000',1422)
COMMIT
INSERT INTO AGENT_MOVEMENT_RAW_LOG VALUES(1780,0.44614272117328607E0,'2026-03-22 00:06:56.700000','2026-03-22 00:07:56.400000',1423)
COMMIT
INSERT INTO AGENT_MOVEMENT_RAW_LOG VALUES(1791,0.45484185173534714E0,'2026-03-22 00:07:43.500000','2026-03-22 00:07:56.412000',1424)
COMMIT
INSERT INTO AGENT_MOVEMENT_RAW_LOG VALUES(1794,0.5076153616889153E0,'2026-03-22 00:07:43.500000','2026-03-22 00:07:56.412000',1425)
COMMIT
INSERT INTO AGENT_MOVEMENT_RAW_LOG VALUES(1796,0.455116869153476E0,'2026-03-22 00:07:43.500000','2026-03-22 00:07:56.412000',1426)
COMMIT
INSERT INTO AGENT_MOVEMENT_RAW_LOG VALUES(1797,0.5037726879601085E0,'2026-03-22 00:07:52.800000','2026-03-22 00:07:56.412000',1427)
COMMIT
INSERT INTO AGENT_MOVEMENT_RAW_LOG VALUES(1761,0.32451515439509354E0,'2026-03-22 00:07:53.400000','2026-03-22 00:07:56.700000',1428)
COMMIT
INSERT INTO AGENT_MOVEMENT_RAW_LOG VALUES(1763,0.6056781471608997E0,'2026-03-22 00:07:53.700000','2026-03-22 00:07:57.000000',1429)
COMMIT
INSERT INTO AGENT_MOVEMENT_RAW_LOG VALUES(1769,0.8901209936953265E0,'2026-03-22 00:07:53.700000','2026-03-22 00:07:57.000000',1430)
COMMIT
INSERT INTO AGENT_MOVEMENT_RAW_LOG VALUES(1778,0.59012667132105E0,'2026-03-22 00:07:53.700000','2026-03-22 00:07:57.000000',1431)
COMMIT
INSERT INTO AGENT_MOVEMENT_RAW_LOG VALUES(1790,0.4865403872355068E0,'2026-03-22 00:07:41.100000','2026-03-22 00:07:57.133000',1432)
COMMIT
INSERT INTO AGENT_MOVEMENT_RAW_LOG VALUES(1792,0.4514174997568329E0,'2026-03-22 00:07:43.200000','2026-03-22 00:07:57.133000',1433)
COMMIT
INSERT INTO AGENT_MOVEMENT_RAW_LOG VALUES(1793,0.6451073684508897E0,'2026-03-22 00:07:43.200000','2026-03-22 00:07:57.133000',1434)
COMMIT
INSERT INTO AGENT_MOVEMENT_RAW_LOG VALUES(1795,0.5639285638267917E0,'2026-03-22 00:07:43.200000','2026-03-22 00:07:57.133000',1435)
COMMIT
INSERT INTO AGENT_MOVEMENT_RAW_LOG VALUES(1798,0.59466492037291E0,'2026-03-22 00:07:49.034000','2026-03-22 00:07:57.133000',1436)
COMMIT
INSERT INTO AGENT_MOVEMENT_RAW_LOG VALUES(1799,0.32338739573720504E0,'2026-03-22 00:07:49.472000','2026-03-22 00:07:57.133000',1437)
COMMIT
INSERT INTO AGENT_MOVEMENT_RAW_LOG VALUES(1779,0.5068351169223947E0,'2026-03-22 00:07:54.000000','2026-03-22 00:07:57.300000',1438)
COMMIT
INSERT INTO AGENT_MOVEMENT_RAW_LOG VALUES(1767,0.44752794091870046E0,'2026-03-22 00:07:54.300000','2026-03-22 00:07:57.600000',1439)
COMMIT
INSERT INTO AGENT_MOVEMENT_RAW_LOG VALUES(1777,0.6146187783114898E0,'2026-03-22 00:07:54.300000','2026-03-22 00:07:57.600000',1440)
COMMIT
INSERT INTO AGENT_MOVEMENT_RAW_LOG VALUES(1781,0.2951200025252202E0,'2026-03-22 00:07:54.300000','2026-03-22 00:07:57.600000',1441)
COMMIT
INSERT INTO AGENT_MOVEMENT_RAW_LOG VALUES(1758,0.13121461981401963E0,'2026-03-22 00:07:54.900000','2026-03-22 00:07:58.200000',1442)
COMMIT
INSERT INTO AGENT_MOVEMENT_RAW_LOG VALUES(1797,0.4546217327055058E0,'2026-03-22 00:07:56.412000','2026-03-22 00:07:58.200000',1443)
COMMIT
INSERT INTO AGENT_MOVEMENT_RAW_LOG VALUES(1791,0.41145503032842734E0,'2026-03-22 00:07:56.412000','2026-03-22 00:07:58.200000',1444)
COMMIT
INSERT INTO AGENT_MOVEMENT_RAW_LOG VALUES(1794,0.46998859830337175E0,'2026-03-22 00:07:56.412000','2026-03-22 00:07:58.200000',1445)
COMMIT
INSERT INTO AGENT_MOVEMENT_RAW_LOG VALUES(1766,0.6138190859040774E0,'2026-03-22 00:07:55.500000','2026-03-22 00:07:58.800000',1446)
COMMIT
INSERT INTO AGENT_MOVEMENT_RAW_LOG VALUES(1782,0.4899619416619214E0,'2026-03-22 00:07:53.400000','2026-03-22 00:07:58.800000',1447)
COMMIT
INSERT INTO AGENT_MOVEMENT_RAW_LOG VALUES(1759,0.5861309656243117E0,'2026-03-22 00:07:55.800000','2026-03-22 00:07:59.100000',1448)
COMMIT
INSERT INTO AGENT_MOVEMENT_RAW_LOG VALUES(1760,0.4166466397799477E0,'2026-03-22 00:07:55.800000','2026-03-22 00:07:59.100000',1449)
COMMIT
INSERT INTO AGENT_MOVEMENT_RAW_LOG VALUES(1762,0.8516420451082249E0,'2026-03-22 00:07:55.800000','2026-03-22 00:07:59.100000',1450)
COMMIT
INSERT INTO AGENT_MOVEMENT_RAW_LOG VALUES(1765,0.5675544210794878E0,'2026-03-22 00:07:55.800000','2026-03-22 00:07:59.100000',1451)
COMMIT
INSERT INTO AGENT_MOVEMENT_RAW_LOG VALUES(1768,0.5134608325708985E0,'2026-03-22 00:07:55.800000','2026-03-22 00:07:59.100000',1452)
COMMIT
INSERT INTO AGENT_MOVEMENT_RAW_LOG VALUES(1776,0.7948875891271538E0,'2026-03-22 00:07:56.100000','2026-03-22 00:07:59.400000',1453)
COMMIT
INSERT INTO AGENT_MOVEMENT_RAW_LOG VALUES(1761,0.3392444603158098E0,'2026-03-22 00:07:56.700000','2026-03-22 00:08:00.000000',1454)
COMMIT
INSERT INTO AGENT_MOVEMENT_RAW_LOG VALUES(1763,0.6201494645008283E0,'2026-03-22 00:07:57.000000','2026-03-22 00:08:00.300000',1455)
COMMIT
INSERT INTO AGENT_MOVEMENT_RAW_LOG VALUES(1769,0.4385024837168207E0,'2026-03-22 00:07:57.000000','2026-03-22 00:08:00.300000',1456)
COMMIT
INSERT INTO AGENT_MOVEMENT_RAW_LOG VALUES(1778,0.5814799578590067E0,'2026-03-22 00:07:57.000000','2026-03-22 00:08:00.300000',1457)
COMMIT
INSERT INTO AGENT_MOVEMENT_RAW_LOG VALUES(1779,0.48918148486213847E0,'2026-03-22 00:07:57.300000','2026-03-22 00:08:00.600000',1458)
COMMIT
INSERT INTO AGENT_MOVEMENT_RAW_LOG VALUES(1791,0.7082747785446081E0,'2026-03-22 00:07:58.200000','2026-03-22 00:08:00.600000',1459)
COMMIT
INSERT INTO AGENT_MOVEMENT_RAW_LOG VALUES(1794,0.73141392090827E0,'2026-03-22 00:07:58.200000','2026-03-22 00:08:00.600000',1460)
COMMIT
INSERT INTO AGENT_MOVEMENT_RAW_LOG VALUES(1796,0.573314127648422E0,'2026-03-22 00:07:56.412000','2026-03-22 00:08:00.600000',1461)
COMMIT
INSERT INTO AGENT_MOVEMENT_RAW_LOG VALUES(1767,0.4611507923524832E0,'2026-03-22 00:07:57.600000','2026-03-22 00:08:00.900000',1462)
COMMIT
INSERT INTO AGENT_MOVEMENT_RAW_LOG VALUES(1777,0.5920681192422342E0,'2026-03-22 00:07:57.600000','2026-03-22 00:08:00.900000',1463)
COMMIT
INSERT INTO AGENT_MOVEMENT_RAW_LOG VALUES(1781,0.2862623906568425E0,'2026-03-22 00:07:57.600000','2026-03-22 00:08:00.900000',1464)
COMMIT
INSERT INTO AGENT_MOVEMENT_RAW_LOG VALUES(1794,0.0E0,'2026-03-22 00:08:00.600000','2026-03-22 00:08:00.900000',1465)
COMMIT
INSERT INTO AGENT_MOVEMENT_RAW_LOG VALUES(1796,3.7895612573872014E-14,'2026-03-22 00:08:00.600000','2026-03-22 00:08:00.900000',1466)
COMMIT
INSERT INTO AGENT_MOVEMENT_RAW_LOG VALUES(1790,0.4986996399726245E0,'2026-03-22 00:07:57.133000','2026-03-22 00:08:01.200000',1467)
COMMIT
INSERT INTO AGENT_MOVEMENT_RAW_LOG VALUES(1792,0.4881309557143727E0,'2026-03-22 00:07:57.133000','2026-03-22 00:08:01.200000',1468)
COMMIT
INSERT INTO AGENT_MOVEMENT_RAW_LOG VALUES(1793,0.6756187263451001E0,'2026-03-22 00:07:57.133000','2026-03-22 00:08:01.200000',1469)
COMMIT
INSERT INTO AGENT_MOVEMENT_RAW_LOG VALUES(1795,0.6286177458971223E0,'2026-03-22 00:07:57.133000','2026-03-22 00:08:01.200000',1470)
COMMIT
INSERT INTO AGENT_MOVEMENT_RAW_LOG VALUES(1796,3.7895612573872014E-14,'2026-03-22 00:08:00.900000','2026-03-22 00:08:01.200000',1471)
COMMIT
INSERT INTO AGENT_MOVEMENT_RAW_LOG VALUES(1758,0.1556561564346545E0,'2026-03-22 00:07:58.200000','2026-03-22 00:08:01.500000',1472)
COMMIT
INSERT INTO AGENT_MOVEMENT_RAW_LOG VALUES(1783,0.4048581011452292E0,'2026-03-22 00:06:59.700000','2026-03-22 00:08:01.500000',1473)
COMMIT
INSERT INTO AGENT_MOVEMENT_RAW_LOG VALUES(1764,0.5064312666026208E0,'2026-03-22 00:07:56.400000','2026-03-22 00:08:01.800000',1474)
COMMIT
INSERT INTO AGENT_MOVEMENT_RAW_LOG VALUES(1782,0.005320389326735546E0,'2026-03-22 00:07:58.800000','2026-03-22 00:08:01.800000',1475)
COMMIT
INSERT INTO AGENT_MOVEMENT_RAW_LOG VALUES(1793,0.25656657663650007E0,'2026-03-22 00:08:01.200000','2026-03-22 00:08:01.800000',1476)
COMMIT
INSERT INTO AGENT_MOVEMENT_RAW_LOG VALUES(1792,0.24764937355663624E0,'2026-03-22 00:08:01.200000','2026-03-22 00:08:01.800000',1477)
COMMIT
INSERT INTO AGENT_MOVEMENT_RAW_LOG VALUES(1795,0.36987349389732166E0,'2026-03-22 00:08:01.200000','2026-03-22 00:08:01.800000',1478)
COMMIT
INSERT INTO AGENT_MOVEMENT_RAW_LOG VALUES(1766,0.5976243758327451E0,'2026-03-22 00:07:58.800000','2026-03-22 00:08:02.100000',1479)
COMMIT
INSERT INTO AGENT_MOVEMENT_RAW_LOG VALUES(1792,3.7895612573872014E-14,'2026-03-22 00:08:01.800000','2026-03-22 00:08:02.100000',1480)
COMMIT
INSERT INTO AGENT_MOVEMENT_RAW_LOG VALUES(1795,3.7895612573872014E-14,'2026-03-22 00:08:01.800000','2026-03-22 00:08:02.100000',1481)
COMMIT
INSERT INTO AGENT_MOVEMENT_RAW_LOG VALUES(1759,0.5993955094085129E0,'2026-03-22 00:07:59.100000','2026-03-22 00:08:02.400000',1482)
COMMIT
INSERT INTO AGENT_MOVEMENT_RAW_LOG VALUES(1760,0.4455094903621363E0,'2026-03-22 00:07:59.100000','2026-03-22 00:08:02.400000',1483)
COMMIT
INSERT INTO AGENT_MOVEMENT_RAW_LOG VALUES(1762,0.8368141694050198E0,'2026-03-22 00:07:59.100000','2026-03-22 00:08:02.400000',1484)
COMMIT
INSERT INTO AGENT_MOVEMENT_RAW_LOG VALUES(1765,0.6000855649640355E0,'2026-03-22 00:07:59.100000','2026-03-22 00:08:02.400000',1485)
COMMIT
INSERT INTO AGENT_MOVEMENT_RAW_LOG VALUES(1768,0.4878219250433108E0,'2026-03-22 00:07:59.100000','2026-03-22 00:08:02.400000',1486)
COMMIT
INSERT INTO AGENT_MOVEMENT_RAW_LOG VALUES(1776,0.8038409649431101E0,'2026-03-22 00:07:59.400000','2026-03-22 00:08:02.700000',1487)
COMMIT
INSERT INTO AGENT_MOVEMENT_RAW_LOG VALUES(1786,0.791929378074544E0,'2026-03-22 00:07:57.133000','2026-03-22 00:08:02.700000',1488)
COMMIT
INSERT INTO AGENT_MOVEMENT_RAW_LOG VALUES(1788,0.8601629673137843E0,'2026-03-22 00:07:47.711000','2026-03-22 00:08:02.700000',1489)
COMMIT
INSERT INTO FLOWCHART_ENTRIES_RAW_LOG VALUES(26,1788,NULL,'2026-03-22 00:08:02.700000')
COMMIT
INSERT INTO DESTROYED_AGENTS_RAW_LOG VALUES(1788,'2026-03-22 00:08:02.700000',6)
COMMIT
INSERT INTO AGENT_MOVEMENT_RAW_LOG VALUES(1780,0.24069696205476268E0,'2026-03-22 00:07:56.400000','2026-03-22 00:08:03.000000',1490)
COMMIT
INSERT INTO AGENT_MOVEMENT_RAW_LOG VALUES(1787,0.6416494517253813E0,'2026-03-22 00:07:56.412000','2026-03-22 00:08:03.000000',1491)
COMMIT
INSERT INTO AGENT_MOVEMENT_RAW_LOG VALUES(1795,0.26868184202604384E0,'2026-03-22 00:08:02.100000','2026-03-22 00:08:03.274000',1492)
COMMIT
INSERT INTO AGENT_MOVEMENT_RAW_LOG VALUES(1761,0.3716347069249172E0,'2026-03-22 00:08:00.000000','2026-03-22 00:08:03.300000',1493)
COMMIT
INSERT INTO AGENT_MOVEMENT_RAW_LOG VALUES(1763,0.6003840316006105E0,'2026-03-22 00:08:00.300000','2026-03-22 00:08:03.600000',1494)
COMMIT
INSERT INTO AGENT_MOVEMENT_RAW_LOG VALUES(1779,0.47729121728109086E0,'2026-03-22 00:08:00.600000','2026-03-22 00:08:03.900000',1495)
COMMIT
INSERT INTO AGENT_MOVEMENT_RAW_LOG VALUES(1767,0.437077880799499E0,'2026-03-22 00:08:00.900000','2026-03-22 00:08:04.200000',1496)
COMMIT
INSERT INTO AGENT_MOVEMENT_RAW_LOG VALUES(1777,0.624008054099386E0,'2026-03-22 00:08:00.900000','2026-03-22 00:08:04.200000',1497)
COMMIT
INSERT INTO AGENT_MOVEMENT_RAW_LOG VALUES(1781,0.35732836399646156E0,'2026-03-22 00:08:00.900000','2026-03-22 00:08:04.200000',1498)
COMMIT
INSERT INTO AGENT_MOVEMENT_RAW_LOG VALUES(1795,0.5424243807484288E0,'2026-03-22 00:08:03.274000','2026-03-22 00:08:04.200000',1499)
COMMIT
INSERT INTO AGENT_MOVEMENT_RAW_LOG VALUES(1798,0.6102441244689129E0,'2026-03-22 00:07:57.133000','2026-03-22 00:08:04.200000',1500)
COMMIT
INSERT INTO AGENT_MOVEMENT_RAW_LOG VALUES(1758,0.13356546901352648E0,'2026-03-22 00:08:01.500000','2026-03-22 00:08:04.800000',1501)
COMMIT
INSERT INTO AGENT_MOVEMENT_RAW_LOG VALUES(1782,0.08644419786489865E0,'2026-03-22 00:08:01.800000','2026-03-22 00:08:04.800000',1502)
COMMIT
INSERT INTO AGENT_MOVEMENT_RAW_LOG VALUES(1764,0.488421995903125E0,'2026-03-22 00:08:01.800000','2026-03-22 00:08:05.100000',1503)
COMMIT
INSERT INTO AGENT_MOVEMENT_RAW_LOG VALUES(1766,0.6194531250966935E0,'2026-03-22 00:08:02.100000','2026-03-22 00:08:05.400000',1504)
COMMIT
INSERT INTO AGENT_MOVEMENT_RAW_LOG VALUES(1759,0.5627832442212092E0,'2026-03-22 00:08:02.400000','2026-03-22 00:08:05.700000',1505)
COMMIT
INSERT INTO AGENT_MOVEMENT_RAW_LOG VALUES(1760,0.422527523123495E0,'2026-03-22 00:08:02.400000','2026-03-22 00:08:05.700000',1506)
COMMIT
INSERT INTO AGENT_MOVEMENT_RAW_LOG VALUES(1762,0.8623747267744856E0,'2026-03-22 00:08:02.400000','2026-03-22 00:08:05.700000',1507)
COMMIT
INSERT INTO AGENT_MOVEMENT_RAW_LOG VALUES(1765,0.6054810024068283E0,'2026-03-22 00:08:02.400000','2026-03-22 00:08:05.700000',1508)
COMMIT
INSERT INTO AGENT_MOVEMENT_RAW_LOG VALUES(1768,0.5089184708615077E0,'2026-03-22 00:08:02.400000','2026-03-22 00:08:05.700000',1509)
COMMIT
INSERT INTO AGENT_MOVEMENT_RAW_LOG VALUES(1776,0.7695002647941328E0,'2026-03-22 00:08:02.700000','2026-03-22 00:08:06.000000',1510)
COMMIT
INSERT INTO AGENT_MOVEMENT_RAW_LOG VALUES(1783,0.5304188507993134E0,'2026-03-22 00:08:01.500000','2026-03-22 00:08:06.000000',1511)
COMMIT
INSERT INTO AGENT_MOVEMENT_RAW_LOG VALUES(1780,0.11643264957522531E0,'2026-03-22 00:08:03.000000','2026-03-22 00:08:06.300000',1512)
COMMIT
INSERT INTO AGENT_MOVEMENT_RAW_LOG VALUES(1761,0.4490029065933021E0,'2026-03-22 00:08:03.300000','2026-03-22 00:08:06.600000',1513)
COMMIT
INSERT INTO AGENT_MOVEMENT_RAW_LOG VALUES(1778,0.35817207385772126E0,'2026-03-22 00:08:00.300000','2026-03-22 00:08:06.600000',1514)
COMMIT
INSERT INTO AGENT_MOVEMENT_RAW_LOG VALUES(1798,0.5323514386509509E0,'2026-03-22 00:08:04.200000','2026-03-22 00:08:06.600000',1515)
COMMIT
INSERT INTO AGENT_MOVEMENT_RAW_LOG VALUES(1763,0.5784795304514241E0,'2026-03-22 00:08:03.600000','2026-03-22 00:08:06.900000',1516)
COMMIT
INSERT INTO AGENT_MOVEMENT_RAW_LOG VALUES(1779,0.5272315543217672E0,'2026-03-22 00:08:03.900000','2026-03-22 00:08:07.200000',1517)
COMMIT
INSERT INTO AGENT_MOVEMENT_RAW_LOG VALUES(1767,0.4661351519347203E0,'2026-03-22 00:08:04.200000','2026-03-22 00:08:07.500000',1518)
COMMIT
INSERT INTO AGENT_MOVEMENT_RAW_LOG VALUES(1777,0.6122569445373243E0,'2026-03-22 00:08:04.200000','2026-03-22 00:08:07.500000',1519)
COMMIT
INSERT INTO AGENT_MOVEMENT_RAW_LOG VALUES(1781,0.6773115091319857E0,'2026-03-22 00:08:04.200000','2026-03-22 00:08:07.500000',1520)
COMMIT
INSERT INTO AGENT_MOVEMENT_RAW_LOG VALUES(1797,0.8097166040959728E0,'2026-03-22 00:08:03.906000','2026-03-22 00:08:07.800000',1521)
COMMIT
INSERT INTO AGENT_MOVEMENT_RAW_LOG VALUES(1758,0.15947660715068704E0,'2026-03-22 00:08:04.800000','2026-03-22 00:08:08.100000',1522)
COMMIT
INSERT INTO AGENT_MOVEMENT_RAW_LOG VALUES(1782,0.312427856028551E0,'2026-03-22 00:08:04.800000','2026-03-22 00:08:08.100000',1523)
COMMIT
INSERT INTO AGENT_MOVEMENT_RAW_LOG VALUES(1764,0.46427693993999836E0,'2026-03-22 00:08:05.100000','2026-03-22 00:08:08.400000',1524)
COMMIT
INSERT INTO AGENT_MOVEMENT_RAW_LOG VALUES(1766,0.5935947527478959E0,'2026-03-22 00:08:05.400000','2026-03-22 00:08:08.700000',1525)
COMMIT
INSERT INTO AGENT_MOVEMENT_RAW_LOG VALUES(1759,0.5747341465236634E0,'2026-03-22 00:08:05.700000','2026-03-22 00:08:09.000000',1526)
COMMIT
INSERT INTO AGENT_MOVEMENT_RAW_LOG VALUES(1760,0.4458389024147962E0,'2026-03-22 00:08:05.700000','2026-03-22 00:08:09.000000',1527)
COMMIT
INSERT INTO AGENT_MOVEMENT_RAW_LOG VALUES(1762,0.8472709781126868E0,'2026-03-22 00:08:05.700000','2026-03-22 00:08:09.000000',1528)
COMMIT
INSERT INTO AGENT_MOVEMENT_RAW_LOG VALUES(1765,0.5607340705704088E0,'2026-03-22 00:08:05.700000','2026-03-22 00:08:09.000000',1529)
COMMIT
INSERT INTO AGENT_MOVEMENT_RAW_LOG VALUES(1768,0.49047548111011335E0,'2026-03-22 00:08:05.700000','2026-03-22 00:08:09.000000',1530)
COMMIT
INSERT INTO AGENT_MOVEMENT_RAW_LOG VALUES(1783,0.06359790963981272E0,'2026-03-22 00:08:06.000000','2026-03-22 00:08:09.000000',1531)
COMMIT
INSERT INTO AGENT_MOVEMENT_RAW_LOG VALUES(1776,0.7787014745802194E0,'2026-03-22 00:08:06.000000','2026-03-22 00:08:09.300000',1532)
COMMIT
INSERT INTO AGENT_MOVEMENT_RAW_LOG VALUES(1780,0.4307849872962515E0,'2026-03-22 00:08:06.300000','2026-03-22 00:08:09.600000',1533)
COMMIT
INSERT INTO AGENT_MOVEMENT_RAW_LOG VALUES(1761,0.4413012468435905E0,'2026-03-22 00:08:06.600000','2026-03-22 00:08:09.900000',1534)
COMMIT
INSERT INTO AGENT_MOVEMENT_RAW_LOG VALUES(1763,0.6033649481292532E0,'2026-03-22 00:08:06.900000','2026-03-22 00:08:10.200000',1535)
COMMIT
INSERT INTO AGENT_MOVEMENT_RAW_LOG VALUES(1785,0.6983519180505828E0,'2026-03-22 00:07:51.435000','2026-03-22 00:08:10.200000',1536)
COMMIT
INSERT INTO AGENT_MOVEMENT_RAW_LOG VALUES(1790,0.4985162434291714E0,'2026-03-22 00:08:03.274000','2026-03-22 00:08:10.200000',1537)
COMMIT
INSERT INTO FLOWCHART_ENTRIES_RAW_LOG VALUES(27,1785,NULL,'2026-03-22 00:08:10.200000')
COMMIT
INSERT INTO DESTROYED_AGENTS_RAW_LOG VALUES(1785,'2026-03-22 00:08:10.200000',7)
COMMIT
INSERT INTO AGENT_MOVEMENT_RAW_LOG VALUES(1779,0.695379234528216E0,'2026-03-22 00:08:07.200000','2026-03-22 00:08:10.500000',1538)
COMMIT
INSERT INTO AGENT_MOVEMENT_RAW_LOG VALUES(1767,0.46032334232748007E0,'2026-03-22 00:08:07.500000','2026-03-22 00:08:10.800000',1539)
COMMIT
INSERT INTO AGENT_MOVEMENT_RAW_LOG VALUES(1769,0.44040660363577916E0,'2026-03-22 00:08:00.300000','2026-03-22 00:08:10.800000',1540)
COMMIT
INSERT INTO AGENT_MOVEMENT_RAW_LOG VALUES(1777,0.6377181604264E0,'2026-03-22 00:08:07.500000','2026-03-22 00:08:10.800000',1541)
COMMIT
INSERT INTO AGENT_MOVEMENT_RAW_LOG VALUES(1781,0.8255895601581421E0,'2026-03-22 00:08:07.500000','2026-03-22 00:08:10.800000',1542)
COMMIT
INSERT INTO AGENT_MOVEMENT_RAW_LOG VALUES(1799,0.7069040827182598E0,'2026-03-22 00:07:57.133000','2026-03-22 00:08:10.800000',1543)
COMMIT
INSERT INTO AGENT_MOVEMENT_RAW_LOG VALUES(1758,0.13738992215755183E0,'2026-03-22 00:08:08.100000','2026-03-22 00:08:11.400000',1544)
COMMIT
INSERT INTO AGENT_MOVEMENT_RAW_LOG VALUES(1782,0.24522868156409003E0,'2026-03-22 00:08:08.100000','2026-03-22 00:08:11.400000',1545)
COMMIT
INSERT INTO AGENT_MOVEMENT_RAW_LOG VALUES(1764,0.46730215703836847E0,'2026-03-22 00:08:08.400000','2026-03-22 00:08:11.700000',1546)
COMMIT
INSERT INTO AGENT_MOVEMENT_RAW_LOG VALUES(1766,0.6135479510616538E0,'2026-03-22 00:08:08.700000','2026-03-22 00:08:12.000000',1547)
COMMIT
INSERT INTO AGENT_MOVEMENT_RAW_LOG VALUES(1759,0.5467548648210574E0,'2026-03-22 00:08:09.000000','2026-03-22 00:08:12.300000',1548)
COMMIT
INSERT INTO AGENT_MOVEMENT_RAW_LOG VALUES(1760,0.4190016430306178E0,'2026-03-22 00:08:09.000000','2026-03-22 00:08:12.300000',1549)
COMMIT
INSERT INTO AGENT_MOVEMENT_RAW_LOG VALUES(1762,0.8342886274554583E0,'2026-03-22 00:08:09.000000','2026-03-22 00:08:12.300000',1550)
COMMIT
INSERT INTO AGENT_MOVEMENT_RAW_LOG VALUES(1765,0.6069944822774987E0,'2026-03-22 00:08:09.000000','2026-03-22 00:08:12.300000',1551)
COMMIT
INSERT INTO AGENT_MOVEMENT_RAW_LOG VALUES(1768,0.502336261869873E0,'2026-03-22 00:08:09.000000','2026-03-22 00:08:12.300000',1552)
COMMIT
INSERT INTO AGENT_MOVEMENT_RAW_LOG VALUES(1776,0.7676799150375975E0,'2026-03-22 00:08:09.300000','2026-03-22 00:08:12.600000',1553)
COMMIT
INSERT INTO AGENT_MOVEMENT_RAW_LOG VALUES(1780,0.48132855963510324E0,'2026-03-22 00:08:09.600000','2026-03-22 00:08:12.900000',1554)
COMMIT
INSERT INTO AGENT_MOVEMENT_RAW_LOG VALUES(1761,0.46292009838785936E0,'2026-03-22 00:08:09.900000','2026-03-22 00:08:13.200000',1555)
COMMIT
INSERT INTO AGENT_MOVEMENT_RAW_LOG VALUES(1791,0.7272123546968253E0,'2026-03-22 00:08:08.807000','2026-03-22 00:08:13.200000',1556)
COMMIT
INSERT INTO AGENT_MOVEMENT_RAW_LOG VALUES(1763,0.6249633415373705E0,'2026-03-22 00:08:10.200000','2026-03-22 00:08:13.500000',1557)
COMMIT
INSERT INTO AGENT_MOVEMENT_RAW_LOG VALUES(1767,0.4495775324853503E0,'2026-03-22 00:08:10.800000','2026-03-22 00:08:14.100000',1558)
COMMIT
INSERT INTO AGENT_MOVEMENT_RAW_LOG VALUES(1769,0.7995016072248817E0,'2026-03-22 00:08:10.800000','2026-03-22 00:08:14.100000',1559)
COMMIT
INSERT INTO AGENT_MOVEMENT_RAW_LOG VALUES(1777,0.6397479737265586E0,'2026-03-22 00:08:10.800000','2026-03-22 00:08:14.100000',1560)
COMMIT
INSERT INTO AGENT_MOVEMENT_RAW_LOG VALUES(1781,0.6973365710208643E0,'2026-03-22 00:08:10.800000','2026-03-22 00:08:14.100000',1561)
COMMIT
INSERT INTO AGENT_MOVEMENT_RAW_LOG VALUES(1758,0.16330452448043806E0,'2026-03-22 00:08:11.400000','2026-03-22 00:08:14.700000',1562)
COMMIT
INSERT INTO AGENT_MOVEMENT_RAW_LOG VALUES(1782,0.22183547735693154E0,'2026-03-22 00:08:11.400000','2026-03-22 00:08:14.700000',1563)
COMMIT
INSERT INTO AGENT_MOVEMENT_RAW_LOG VALUES(1764,0.44997612176790236E0,'2026-03-22 00:08:11.700000','2026-03-22 00:08:15.000000',1564)
COMMIT
INSERT INTO AGENT_MOVEMENT_RAW_LOG VALUES(1783,0.10589865990471221E0,'2026-03-22 00:08:09.000000','2026-03-22 00:08:15.000000',1565)
COMMIT
INSERT INTO AGENT_MOVEMENT_RAW_LOG VALUES(1766,0.5970938579933566E0,'2026-03-22 00:08:12.000000','2026-03-22 00:08:15.300000',1566)
COMMIT
INSERT INTO AGENT_MOVEMENT_RAW_LOG VALUES(1759,0.578076386583896E0,'2026-03-22 00:08:12.300000','2026-03-22 00:08:15.600000',1567)
COMMIT
INSERT INTO AGENT_MOVEMENT_RAW_LOG VALUES(1760,0.4417007443391801E0,'2026-03-22 00:08:12.300000','2026-03-22 00:08:15.600000',1568)
COMMIT
INSERT INTO AGENT_MOVEMENT_RAW_LOG VALUES(1762,0.8484651980487378E0,'2026-03-22 00:08:12.300000','2026-03-22 00:08:15.600000',1569)
COMMIT
INSERT INTO AGENT_MOVEMENT_RAW_LOG VALUES(1765,0.5948860558062076E0,'2026-03-22 00:08:12.300000','2026-03-22 00:08:15.600000',1570)
COMMIT
INSERT INTO AGENT_MOVEMENT_RAW_LOG VALUES(1768,0.48826265241365374E0,'2026-03-22 00:08:12.300000','2026-03-22 00:08:15.600000',1571)
COMMIT
INSERT INTO AGENT_MOVEMENT_RAW_LOG VALUES(1793,0.7744594161277975E0,'2026-03-22 00:08:11.170000','2026-03-22 00:08:15.600000',1572)
COMMIT
INSERT INTO AGENT_MOVEMENT_RAW_LOG VALUES(1776,0.7672398958627373E0,'2026-03-22 00:08:12.600000','2026-03-22 00:08:15.900000',1573)
COMMIT
INSERT INTO AGENT_MOVEMENT_RAW_LOG VALUES(1778,0.3868654031830776E0,'2026-03-22 00:08:06.600000','2026-03-22 00:08:16.200000',1574)
COMMIT
INSERT INTO AGENT_MOVEMENT_RAW_LOG VALUES(1780,0.42684548377648673E0,'2026-03-22 00:08:12.900000','2026-03-22 00:08:16.200000',1575)
COMMIT
INSERT INTO AGENT_MOVEMENT_RAW_LOG VALUES(1761,0.4420748567026656E0,'2026-03-22 00:08:13.200000','2026-03-22 00:08:16.500000',1576)
COMMIT
INSERT INTO AGENT_MOVEMENT_RAW_LOG VALUES(1797,0.6665465714620665E0,'2026-03-22 00:08:08.807000','2026-03-22 00:08:16.500000',1577)
COMMIT
INSERT INTO FLOWCHART_ENTRIES_RAW_LOG VALUES(28,1797,NULL,'2026-03-22 00:08:16.500000')
COMMIT
INSERT INTO DESTROYED_AGENTS_RAW_LOG VALUES(1797,'2026-03-22 00:08:16.500000',8)
COMMIT
INSERT INTO AGENT_MOVEMENT_RAW_LOG VALUES(1763,0.6157267253692563E0,'2026-03-22 00:08:13.500000','2026-03-22 00:08:16.800000',1578)
COMMIT
INSERT INTO AGENT_MOVEMENT_RAW_LOG VALUES(1767,0.45309138099553986E0,'2026-03-22 00:08:14.100000','2026-03-22 00:08:17.400000',1579)
COMMIT
INSERT INTO AGENT_MOVEMENT_RAW_LOG VALUES(1777,0.6428725682409908E0,'2026-03-22 00:08:14.100000','2026-03-22 00:08:17.400000',1580)
COMMIT
INSERT INTO AGENT_MOVEMENT_RAW_LOG VALUES(1781,0.6729585273016001E0,'2026-03-22 00:08:14.100000','2026-03-22 00:08:17.400000',1581)
COMMIT
INSERT INTO AGENT_MOVEMENT_RAW_LOG VALUES(1758,0.1412207161226173E0,'2026-03-22 00:08:14.700000','2026-03-22 00:08:18.000000',1582)
COMMIT
INSERT INTO AGENT_MOVEMENT_RAW_LOG VALUES(1782,0.19704454566887467E0,'2026-03-22 00:08:14.700000','2026-03-22 00:08:18.000000',1583)
COMMIT
INSERT INTO AGENT_MOVEMENT_RAW_LOG VALUES(1764,0.45867594640440096E0,'2026-03-22 00:08:15.000000','2026-03-22 00:08:18.300000',1584)
COMMIT
INSERT INTO AGENT_MOVEMENT_RAW_LOG VALUES(1769,0.6735790657066439E0,'2026-03-22 00:08:14.100000','2026-03-22 00:08:18.300000',1585)
COMMIT
INSERT INTO AGENT_MOVEMENT_RAW_LOG VALUES(1783,0.4231180315375539E0,'2026-03-22 00:08:15.000000','2026-03-22 00:08:18.300000',1586)
COMMIT
INSERT INTO AGENT_MOVEMENT_RAW_LOG VALUES(1766,0.6193619770739919E0,'2026-03-22 00:08:15.300000','2026-03-22 00:08:18.600000',1587)
COMMIT
INSERT INTO AGENT_MOVEMENT_RAW_LOG VALUES(1759,0.573740063639999E0,'2026-03-22 00:08:15.600000','2026-03-22 00:08:18.900000',1588)
COMMIT
INSERT INTO AGENT_MOVEMENT_RAW_LOG VALUES(1760,0.416629703056488E0,'2026-03-22 00:08:15.600000','2026-03-22 00:08:18.900000',1589)
COMMIT
INSERT INTO AGENT_MOVEMENT_RAW_LOG VALUES(1762,0.8544437926425468E0,'2026-03-22 00:08:15.600000','2026-03-22 00:08:18.900000',1590)
COMMIT
INSERT INTO AGENT_MOVEMENT_RAW_LOG VALUES(1765,0.5814798219010332E0,'2026-03-22 00:08:15.600000','2026-03-22 00:08:18.900000',1591)
COMMIT
INSERT INTO AGENT_MOVEMENT_RAW_LOG VALUES(1768,0.512719235410655E0,'2026-03-22 00:08:15.600000','2026-03-22 00:08:18.900000',1592)
COMMIT
INSERT INTO AGENT_MOVEMENT_RAW_LOG VALUES(1790,0.639905151787854E0,'2026-03-22 00:08:11.170000','2026-03-22 00:08:18.900000',1593)
COMMIT
INSERT INTO AGENT_MOVEMENT_RAW_LOG VALUES(1794,0.7256628057562434E0,'2026-03-22 00:08:14.419000','2026-03-22 00:08:18.900000',1594)
COMMIT
INSERT INTO FLOWCHART_ENTRIES_RAW_LOG VALUES(29,1790,NULL,'2026-03-22 00:08:18.900000')
COMMIT
INSERT INTO DESTROYED_AGENTS_RAW_LOG VALUES(1790,'2026-03-22 00:08:18.900000',9)
COMMIT
INSERT INTO AGENT_MOVEMENT_RAW_LOG VALUES(1776,0.7004770234338971E0,'2026-03-22 00:08:15.900000','2026-03-22 00:08:19.200000',1595)
COMMIT
INSERT INTO AGENT_MOVEMENT_RAW_LOG VALUES(1778,0.6823358959176105E0,'2026-03-22 00:08:16.200000','2026-03-22 00:08:19.500000',1596)
COMMIT
INSERT INTO AGENT_MOVEMENT_RAW_LOG VALUES(1780,0.5447793908302486E0,'2026-03-22 00:08:16.200000','2026-03-22 00:08:19.500000',1597)
COMMIT
INSERT INTO AGENT_MOVEMENT_RAW_LOG VALUES(1761,0.4635590771137505E0,'2026-03-22 00:08:16.500000','2026-03-22 00:08:19.800000',1598)
COMMIT
INSERT INTO AGENT_MOVEMENT_RAW_LOG VALUES(1763,0.620618894769756E0,'2026-03-22 00:08:16.800000','2026-03-22 00:08:20.100000',1599)
COMMIT
INSERT INTO AGENT_MOVEMENT_RAW_LOG VALUES(1767,0.4617375532161836E0,'2026-03-22 00:08:17.400000','2026-03-22 00:08:20.700000',1600)
COMMIT
INSERT INTO AGENT_MOVEMENT_RAW_LOG VALUES(1777,0.6345405969583171E0,'2026-03-22 00:08:17.400000','2026-03-22 00:08:20.700000',1601)
COMMIT
INSERT INTO AGENT_MOVEMENT_RAW_LOG VALUES(1784,0.5488522252304058E0,'2026-03-22 00:07:57.133000','2026-03-22 00:08:21.000000',1602)
COMMIT
INSERT INTO FLOWCHART_ENTRIES_RAW_LOG VALUES(30,1784,NULL,'2026-03-22 00:08:21.000000')
COMMIT
INSERT INTO DESTROYED_AGENTS_RAW_LOG VALUES(1784,'2026-03-22 00:08:21.000000',10)
COMMIT
INSERT INTO AGENT_MOVEMENT_RAW_LOG VALUES(1758,0.16713785941135179E0,'2026-03-22 00:08:18.000000','2026-03-22 00:08:21.300000',1603)
COMMIT
INSERT INTO AGENT_MOVEMENT_RAW_LOG VALUES(1782,0.16759498499716793E0,'2026-03-22 00:08:18.000000','2026-03-22 00:08:21.300000',1604)
COMMIT
INSERT INTO AGENT_MOVEMENT_RAW_LOG VALUES(1764,0.47300524426422963E0,'2026-03-22 00:08:18.300000','2026-03-22 00:08:21.600000',1605)
COMMIT
INSERT INTO AGENT_MOVEMENT_RAW_LOG VALUES(1769,0.6326952853746967E0,'2026-03-22 00:08:18.300000','2026-03-22 00:08:21.600000',1606)
COMMIT
INSERT INTO AGENT_MOVEMENT_RAW_LOG VALUES(1783,0.40152821194762617E0,'2026-03-22 00:08:18.300000','2026-03-22 00:08:21.600000',1607)
COMMIT
INSERT INTO AGENT_MOVEMENT_RAW_LOG VALUES(1766,0.5892599579749572E0,'2026-03-22 00:08:18.600000','2026-03-22 00:08:21.900000',1608)
COMMIT
INSERT INTO AGENT_MOVEMENT_RAW_LOG VALUES(1779,0.4551083635685289E0,'2026-03-22 00:08:10.500000','2026-03-22 00:08:21.900000',1609)
COMMIT
INSERT INTO AGENT_MOVEMENT_RAW_LOG VALUES(1759,0.5955207747015393E0,'2026-03-22 00:08:18.900000','2026-03-22 00:08:22.200000',1610)
COMMIT
INSERT INTO AGENT_MOVEMENT_RAW_LOG VALUES(1760,0.44007281981327195E0,'2026-03-22 00:08:18.900000','2026-03-22 00:08:22.200000',1611)
COMMIT
INSERT INTO AGENT_MOVEMENT_RAW_LOG VALUES(1762,0.861510845973373E0,'2026-03-22 00:08:18.900000','2026-03-22 00:08:22.200000',1612)
COMMIT
INSERT INTO AGENT_MOVEMENT_RAW_LOG VALUES(1765,0.5860930362709545E0,'2026-03-22 00:08:18.900000','2026-03-22 00:08:22.200000',1613)
COMMIT
INSERT INTO AGENT_MOVEMENT_RAW_LOG VALUES(1768,0.504558086723059E0,'2026-03-22 00:08:18.900000','2026-03-22 00:08:22.200000',1614)
COMMIT
INSERT INTO AGENT_MOVEMENT_RAW_LOG VALUES(1781,0.5454577293796317E0,'2026-03-22 00:08:17.400000','2026-03-22 00:08:22.200000',1615)
COMMIT
INSERT INTO AGENT_MOVEMENT_RAW_LOG VALUES(1791,0.6275843105507828E0,'2026-03-22 00:08:14.419000','2026-03-22 00:08:22.200000',1616)
COMMIT
INSERT INTO FLOWCHART_ENTRIES_RAW_LOG VALUES(31,1791,NULL,'2026-03-22 00:08:22.200000')
COMMIT
INSERT INTO DESTROYED_AGENTS_RAW_LOG VALUES(1791,'2026-03-22 00:08:22.200000',11)
COMMIT
INSERT INTO AGENT_MOVEMENT_RAW_LOG VALUES(1776,0.7319138417725974E0,'2026-03-22 00:08:19.200000','2026-03-22 00:08:22.500000',1617)
COMMIT
INSERT INTO AGENT_MOVEMENT_RAW_LOG VALUES(1789,0.4701684512592751E0,'2026-03-22 00:07:56.412000','2026-03-22 00:08:22.500000',1618)
COMMIT
INSERT INTO FLOWCHART_ENTRIES_RAW_LOG VALUES(32,1789,NULL,'2026-03-22 00:08:22.500000')
COMMIT
INSERT INTO DESTROYED_AGENTS_RAW_LOG VALUES(1789,'2026-03-22 00:08:22.500000',12)
COMMIT
INSERT INTO AGENT_MOVEMENT_RAW_LOG VALUES(1778,0.7168534835932413E0,'2026-03-22 00:08:19.500000','2026-03-22 00:08:22.800000',1619)
COMMIT
INSERT INTO AGENT_MOVEMENT_RAW_LOG VALUES(1780,0.4258886591857437E0,'2026-03-22 00:08:19.500000','2026-03-22 00:08:22.800000',1620)
COMMIT
INSERT INTO AGENT_MOVEMENT_RAW_LOG VALUES(1792,0.6336010622196817E0,'2026-03-22 00:08:17.298000','2026-03-22 00:08:22.800000',1621)
COMMIT
INSERT INTO AGENT_MOVEMENT_RAW_LOG VALUES(1761,0.4425556127496655E0,'2026-03-22 00:08:19.800000','2026-03-22 00:08:23.100000',1622)
COMMIT
INSERT INTO AGENT_MOVEMENT_RAW_LOG VALUES(1763,0.5960242702824028E0,'2026-03-22 00:08:20.100000','2026-03-22 00:08:23.400000',1623)
COMMIT
INSERT INTO AGENT_MOVEMENT_RAW_LOG VALUES(1767,0.18333160470487123E0,'2026-03-22 00:08:20.700000','2026-03-22 00:08:23.700000',1624)
COMMIT
INSERT INTO AGENT_MOVEMENT_RAW_LOG VALUES(1777,0.66938250478804E0,'2026-03-22 00:08:20.700000','2026-03-22 00:08:24.000000',1625)
COMMIT
INSERT INTO AGENT_MOVEMENT_RAW_LOG VALUES(1793,0.7364762538176467E0,'2026-03-22 00:08:17.298000','2026-03-22 00:08:24.000000',1626)
COMMIT
INSERT INTO FLOWCHART_ENTRIES_RAW_LOG VALUES(33,1793,NULL,'2026-03-22 00:08:24.000000')
COMMIT
INSERT INTO DESTROYED_AGENTS_RAW_LOG VALUES(1793,'2026-03-22 00:08:24.000000',13)
COMMIT
INSERT INTO AGENT_MOVEMENT_RAW_LOG VALUES(1758,0.14505622612054664E0,'2026-03-22 00:08:21.300000','2026-03-22 00:08:24.600000',1627)
COMMIT
INSERT INTO AGENT_MOVEMENT_RAW_LOG VALUES(1782,0.14076774860535624E0,'2026-03-22 00:08:21.300000','2026-03-22 00:08:24.600000',1628)
COMMIT
INSERT INTO AGENT_MOVEMENT_RAW_LOG VALUES(1764,0.5030537087339912E0,'2026-03-22 00:08:21.600000','2026-03-22 00:08:24.900000',1629)
COMMIT
INSERT INTO AGENT_MOVEMENT_RAW_LOG VALUES(1769,0.58731281247669E0,'2026-03-22 00:08:21.600000','2026-03-22 00:08:24.900000',1630)
COMMIT
INSERT INTO AGENT_MOVEMENT_RAW_LOG VALUES(1783,0.4380503071358622E0,'2026-03-22 00:08:21.600000','2026-03-22 00:08:24.900000',1631)
COMMIT
INSERT INTO AGENT_MOVEMENT_RAW_LOG VALUES(1766,0.5912131346906021E0,'2026-03-22 00:08:21.900000','2026-03-22 00:08:25.200000',1632)
COMMIT
INSERT INTO AGENT_MOVEMENT_RAW_LOG VALUES(1779,0.8793318667641102E0,'2026-03-22 00:08:21.900000','2026-03-22 00:08:25.200000',1633)
COMMIT
INSERT INTO AGENT_MOVEMENT_RAW_LOG VALUES(1759,0.5454568735956477E0,'2026-03-22 00:08:22.200000','2026-03-22 00:08:25.500000',1634)
COMMIT
INSERT INTO AGENT_MOVEMENT_RAW_LOG VALUES(1760,0.4159884509118583E0,'2026-03-22 00:08:22.200000','2026-03-22 00:08:25.500000',1635)
COMMIT
INSERT INTO AGENT_MOVEMENT_RAW_LOG VALUES(1762,0.87323159173448E0,'2026-03-22 00:08:22.200000','2026-03-22 00:08:25.500000',1636)
COMMIT
INSERT INTO AGENT_MOVEMENT_RAW_LOG VALUES(1765,0.5675618080681717E0,'2026-03-22 00:08:22.200000','2026-03-22 00:08:25.500000',1637)
COMMIT
INSERT INTO AGENT_MOVEMENT_RAW_LOG VALUES(1768,0.5265425716288072E0,'2026-03-22 00:08:22.200000','2026-03-22 00:08:25.500000',1638)
COMMIT
INSERT INTO AGENT_MOVEMENT_RAW_LOG VALUES(1781,0.6094978521064461E0,'2026-03-22 00:08:22.200000','2026-03-22 00:08:25.500000',1639)
COMMIT
INSERT INTO AGENT_MOVEMENT_RAW_LOG VALUES(1796,0.627170358561721E0,'2026-03-22 00:08:20.300000','2026-03-22 00:08:25.500000',1640)
COMMIT
INSERT INTO AGENT_MOVEMENT_RAW_LOG VALUES(1776,0.6921542143852014E0,'2026-03-22 00:08:22.500000','2026-03-22 00:08:25.800000',1641)
COMMIT
INSERT INTO AGENT_MOVEMENT_RAW_LOG VALUES(1786,0.5397361269985581E0,'2026-03-22 00:08:03.274000','2026-03-22 00:08:25.800000',1642)
COMMIT
INSERT INTO FLOWCHART_ENTRIES_RAW_LOG VALUES(34,1786,NULL,'2026-03-22 00:08:25.800000')
COMMIT
INSERT INTO DESTROYED_AGENTS_RAW_LOG VALUES(1786,'2026-03-22 00:08:25.800000',14)
COMMIT
INSERT INTO AGENT_MOVEMENT_RAW_LOG VALUES(1778,0.6884246941089877E0,'2026-03-22 00:08:22.800000','2026-03-22 00:08:26.100000',1643)
COMMIT
INSERT INTO AGENT_MOVEMENT_RAW_LOG VALUES(1780,0.4579869085154182E0,'2026-03-22 00:08:22.800000','2026-03-22 00:08:26.100000',1644)
COMMIT
INSERT INTO AGENT_MOVEMENT_RAW_LOG VALUES(1761,0.46376991545941443E0,'2026-03-22 00:08:23.100000','2026-03-22 00:08:26.400000',1645)
COMMIT
INSERT INTO AGENT_MOVEMENT_RAW_LOG VALUES(1763,0.6070598691317105E0,'2026-03-22 00:08:23.400000','2026-03-22 00:08:26.700000',1646)
COMMIT
INSERT INTO AGENT_MOVEMENT_RAW_LOG VALUES(1777,0.6795538111257802E0,'2026-03-22 00:08:24.000000','2026-03-22 00:08:27.300000',1647)
COMMIT
INSERT INTO AGENT_MOVEMENT_RAW_LOG VALUES(1758,0.17097532575279278E0,'2026-03-22 00:08:24.600000','2026-03-22 00:08:27.900000',1648)
COMMIT
INSERT INTO AGENT_MOVEMENT_RAW_LOG VALUES(1782,0.1393098642773954E0,'2026-03-22 00:08:24.600000','2026-03-22 00:08:27.900000',1649)
COMMIT
INSERT INTO AGENT_MOVEMENT_RAW_LOG VALUES(1787,0.5359512934333107E0,'2026-03-22 00:08:03.906000','2026-03-22 00:08:27.900000',1650)
COMMIT
INSERT INTO FLOWCHART_ENTRIES_RAW_LOG VALUES(35,1787,NULL,'2026-03-22 00:08:27.900000')
COMMIT
INSERT INTO DESTROYED_AGENTS_RAW_LOG VALUES(1787,'2026-03-22 00:08:27.900000',15)
COMMIT
INSERT INTO AGENT_MOVEMENT_RAW_LOG VALUES(1764,0.5293115241579405E0,'2026-03-22 00:08:24.900000','2026-03-22 00:08:28.200000',1651)
COMMIT
INSERT INTO AGENT_MOVEMENT_RAW_LOG VALUES(1783,0.40970444021866786E0,'2026-03-22 00:08:24.900000','2026-03-22 00:08:28.200000',1652)
COMMIT
INSERT INTO AGENT_MOVEMENT_RAW_LOG VALUES(1766,0.5400522826161952E0,'2026-03-22 00:08:25.200000','2026-03-22 00:08:28.500000',1653)
COMMIT
INSERT INTO AGENT_MOVEMENT_RAW_LOG VALUES(1779,0.8668130647000262E0,'2026-03-22 00:08:25.200000','2026-03-22 00:08:28.500000',1654)
COMMIT
INSERT INTO AGENT_MOVEMENT_RAW_LOG VALUES(1759,0.5761119741810299E0,'2026-03-22 00:08:25.500000','2026-03-22 00:08:28.800000',1655)
COMMIT
INSERT INTO AGENT_MOVEMENT_RAW_LOG VALUES(1760,0.4394071997540972E0,'2026-03-22 00:08:25.500000','2026-03-22 00:08:28.800000',1656)
COMMIT
INSERT INTO AGENT_MOVEMENT_RAW_LOG VALUES(1765,0.6237746385097444E0,'2026-03-22 00:08:25.500000','2026-03-22 00:08:28.800000',1657)
COMMIT
INSERT INTO AGENT_MOVEMENT_RAW_LOG VALUES(1768,0.5226174529065374E0,'2026-03-22 00:08:25.500000','2026-03-22 00:08:28.800000',1658)
COMMIT
INSERT INTO AGENT_MOVEMENT_RAW_LOG VALUES(1781,0.6534940713804773E0,'2026-03-22 00:08:25.500000','2026-03-22 00:08:28.800000',1659)
COMMIT
INSERT INTO AGENT_MOVEMENT_RAW_LOG VALUES(1795,0.7357004636277302E0,'2026-03-22 00:08:24.212000','2026-03-22 00:08:28.800000',1660)
COMMIT
INSERT INTO AGENT_MOVEMENT_RAW_LOG VALUES(1762,0.7784275492084358E0,'2026-03-22 00:08:25.500000','2026-03-22 00:08:29.100000',1661)
COMMIT
INSERT INTO AGENT_MOVEMENT_RAW_LOG VALUES(1776,0.694000363393957E0,'2026-03-22 00:08:25.800000','2026-03-22 00:08:29.100000',1662)
COMMIT
INSERT INTO AGENT_MOVEMENT_RAW_LOG VALUES(1778,0.7343976283210548E0,'2026-03-22 00:08:26.100000','2026-03-22 00:08:29.400000',1663)
COMMIT
INSERT INTO AGENT_MOVEMENT_RAW_LOG VALUES(1780,0.2889521168005552E0,'2026-03-22 00:08:26.100000','2026-03-22 00:08:29.400000',1664)
COMMIT
INSERT INTO AGENT_MOVEMENT_RAW_LOG VALUES(1761,0.4426429890096192E0,'2026-03-22 00:08:26.400000','2026-03-22 00:08:29.700000',1665)
COMMIT
INSERT INTO AGENT_MOVEMENT_RAW_LOG VALUES(1767,0.6627588710962024E0,'2026-03-22 00:08:23.700000','2026-03-22 00:08:29.700000',1666)
COMMIT
INSERT INTO AGENT_MOVEMENT_RAW_LOG VALUES(1763,0.6283916238646783E0,'2026-03-22 00:08:26.700000','2026-03-22 00:08:30.000000',1667)
COMMIT
INSERT INTO AGENT_MOVEMENT_RAW_LOG VALUES(1769,0.727111829717248E0,'2026-03-22 00:08:24.900000','2026-03-22 00:08:30.000000',1668)
COMMIT
INSERT INTO AGENT_MOVEMENT_RAW_LOG VALUES(1794,0.5129992827362942E0,'2026-03-22 00:08:20.300000','2026-03-22 00:08:30.300000',1669)
COMMIT
INSERT INTO FLOWCHART_ENTRIES_RAW_LOG VALUES(36,1794,NULL,'2026-03-22 00:08:30.300000')
COMMIT
INSERT INTO DESTROYED_AGENTS_RAW_LOG VALUES(1794,'2026-03-22 00:08:30.300000',16)
COMMIT
INSERT INTO AGENT_MOVEMENT_RAW_LOG VALUES(1777,0.7038011659701934E0,'2026-03-22 00:08:27.300000','2026-03-22 00:08:30.600000',1670)
COMMIT
INSERT INTO AGENT_MOVEMENT_RAW_LOG VALUES(1758,0.14889540448843472E0,'2026-03-22 00:08:27.900000','2026-03-22 00:08:31.200000',1671)
COMMIT
INSERT INTO AGENT_MOVEMENT_RAW_LOG VALUES(1782,0.1462618029316824E0,'2026-03-22 00:08:27.900000','2026-03-22 00:08:31.200000',1672)
COMMIT
INSERT INTO AGENT_MOVEMENT_RAW_LOG VALUES(1792,0.715837197966684E0,'2026-03-22 00:08:24.212000','2026-03-22 00:08:31.200000',1673)
COMMIT
INSERT INTO FLOWCHART_ENTRIES_RAW_LOG VALUES(37,1792,NULL,'2026-03-22 00:08:31.200000')
COMMIT
INSERT INTO DESTROYED_AGENTS_RAW_LOG VALUES(1792,'2026-03-22 00:08:31.200000',17)
COMMIT
INSERT INTO AGENT_MOVEMENT_RAW_LOG VALUES(1764,0.4645510943023051E0,'2026-03-22 00:08:28.200000','2026-03-22 00:08:31.500000',1674)
COMMIT
INSERT INTO AGENT_MOVEMENT_RAW_LOG VALUES(1783,0.40233233273052404E0,'2026-03-22 00:08:28.200000','2026-03-22 00:08:31.500000',1675)
COMMIT
INSERT INTO AGENT_MOVEMENT_RAW_LOG VALUES(1766,0.53481890541955E0,'2026-03-22 00:08:28.500000','2026-03-22 00:08:31.800000',1676)
COMMIT
INSERT INTO AGENT_MOVEMENT_RAW_LOG VALUES(1779,0.898674579624917E0,'2026-03-22 00:08:28.500000','2026-03-22 00:08:31.800000',1677)
COMMIT
INSERT INTO AGENT_MOVEMENT_RAW_LOG VALUES(1759,0.5668530712971218E0,'2026-03-22 00:08:28.800000','2026-03-22 00:08:32.100000',1678)
COMMIT
INSERT INTO AGENT_MOVEMENT_RAW_LOG VALUES(1760,0.41513116320732985E0,'2026-03-22 00:08:28.800000','2026-03-22 00:08:32.100000',1679)
COMMIT
INSERT INTO AGENT_MOVEMENT_RAW_LOG VALUES(1765,0.5992046837283534E0,'2026-03-22 00:08:28.800000','2026-03-22 00:08:32.100000',1680)
COMMIT
INSERT INTO AGENT_MOVEMENT_RAW_LOG VALUES(1768,0.5333607505993184E0,'2026-03-22 00:08:28.800000','2026-03-22 00:08:32.100000',1681)
COMMIT
INSERT INTO AGENT_MOVEMENT_RAW_LOG VALUES(1781,0.7523723997235564E0,'2026-03-22 00:08:28.800000','2026-03-22 00:08:32.100000',1682)
COMMIT
INSERT INTO AGENT_MOVEMENT_RAW_LOG VALUES(1762,0.8631555482339834E0,'2026-03-22 00:08:29.100000','2026-03-22 00:08:32.400000',1683)
COMMIT
INSERT INTO AGENT_MOVEMENT_RAW_LOG VALUES(1776,0.6727969756254605E0,'2026-03-22 00:08:29.100000','2026-03-22 00:08:32.400000',1684)
COMMIT
INSERT INTO AGENT_MOVEMENT_RAW_LOG VALUES(1778,0.5698336176343943E0,'2026-03-22 00:08:29.400000','2026-03-22 00:08:32.700000',1685)
COMMIT
INSERT INTO AGENT_MOVEMENT_RAW_LOG VALUES(1780,0.304809608556794E0,'2026-03-22 00:08:29.400000','2026-03-22 00:08:32.700000',1686)
COMMIT
INSERT INTO AGENT_MOVEMENT_RAW_LOG VALUES(1761,0.4153417135239891E0,'2026-03-22 00:08:29.700000','2026-03-22 00:08:33.300000',1687)
COMMIT
INSERT INTO AGENT_MOVEMENT_RAW_LOG VALUES(1763,0.5866419818717933E0,'2026-03-22 00:08:30.000000','2026-03-22 00:08:33.600000',1688)
COMMIT
INSERT INTO AGENT_MOVEMENT_RAW_LOG VALUES(1769,0.6956405024926862E0,'2026-03-22 00:08:30.000000','2026-03-22 00:08:33.600000',1689)
COMMIT
INSERT INTO AGENT_MOVEMENT_RAW_LOG VALUES(1777,0.6483953057566219E0,'2026-03-22 00:08:30.600000','2026-03-22 00:08:34.200000',1690)
COMMIT
INSERT INTO AGENT_MOVEMENT_RAW_LOG VALUES(1758,0.14932817052919897E0,'2026-03-22 00:08:31.200000','2026-03-22 00:08:34.800000',1691)
COMMIT
INSERT INTO AGENT_MOVEMENT_RAW_LOG VALUES(1782,0.12853414409436364E0,'2026-03-22 00:08:31.200000','2026-03-22 00:08:34.800000',1692)
COMMIT
INSERT INTO AGENT_MOVEMENT_RAW_LOG VALUES(1796,0.597189450979242E0,'2026-03-22 00:08:26.481000','2026-03-22 00:08:34.800000',1693)
COMMIT
INSERT INTO AGENT_MOVEMENT_RAW_LOG VALUES(1798,0.5853843582447869E0,'2026-03-22 00:08:29.390000','2026-03-22 00:08:34.800000',1694)
COMMIT
INSERT INTO FLOWCHART_ENTRIES_RAW_LOG VALUES(38,1796,NULL,'2026-03-22 00:08:34.800000')
COMMIT
INSERT INTO DESTROYED_AGENTS_RAW_LOG VALUES(1796,'2026-03-22 00:08:34.800000',18)
COMMIT
INSERT INTO AGENT_MOVEMENT_RAW_LOG VALUES(1764,0.4063770996200202E0,'2026-03-22 00:08:31.500000','2026-03-22 00:08:35.100000',1695)
COMMIT
INSERT INTO AGENT_MOVEMENT_RAW_LOG VALUES(1783,0.37412138193172956E0,'2026-03-22 00:08:31.500000','2026-03-22 00:08:35.100000',1696)
COMMIT
INSERT INTO AGENT_MOVEMENT_RAW_LOG VALUES(1766,0.5127141967043014E0,'2026-03-22 00:08:31.800000','2026-03-22 00:08:35.400000',1697)
COMMIT
INSERT INTO AGENT_MOVEMENT_RAW_LOG VALUES(1759,0.5163467881757414E0,'2026-03-22 00:08:32.100000','2026-03-22 00:08:35.700000',1698)
COMMIT
INSERT INTO AGENT_MOVEMENT_RAW_LOG VALUES(1760,0.39029401784402273E0,'2026-03-22 00:08:32.100000','2026-03-22 00:08:35.700000',1699)
COMMIT
INSERT INTO AGENT_MOVEMENT_RAW_LOG VALUES(1765,0.5686446062695214E0,'2026-03-22 00:08:32.100000','2026-03-22 00:08:35.700000',1700)
COMMIT
INSERT INTO AGENT_MOVEMENT_RAW_LOG VALUES(1768,0.4668012907663702E0,'2026-03-22 00:08:32.100000','2026-03-22 00:08:35.700000',1701)
COMMIT
INSERT INTO AGENT_MOVEMENT_RAW_LOG VALUES(1781,0.7265535689170605E0,'2026-03-22 00:08:32.100000','2026-03-22 00:08:35.700000',1702)
COMMIT
INSERT INTO AGENT_MOVEMENT_RAW_LOG VALUES(1795,0.7767330627321816E0,'2026-03-22 00:08:29.390000','2026-03-22 00:08:35.700000',1703)
COMMIT
INSERT INTO FLOWCHART_ENTRIES_RAW_LOG VALUES(39,1795,NULL,'2026-03-22 00:08:35.700000')
COMMIT
INSERT INTO DESTROYED_AGENTS_RAW_LOG VALUES(1795,'2026-03-22 00:08:35.700000',19)
COMMIT
INSERT INTO AGENT_MOVEMENT_RAW_LOG VALUES(1767,0.47624049422393755E0,'2026-03-22 00:08:29.700000','2026-03-22 00:08:36.000000',1704)
COMMIT
INSERT INTO AGENT_MOVEMENT_RAW_LOG VALUES(1776,0.5951213107531189E0,'2026-03-22 00:08:32.400000','2026-03-22 00:08:36.000000',1705)
COMMIT
INSERT INTO AGENT_MOVEMENT_RAW_LOG VALUES(1779,0.7310505762180607E0,'2026-03-22 00:08:31.800000','2026-03-22 00:08:36.000000',1706)
COMMIT
INSERT INTO AGENT_MOVEMENT_RAW_LOG VALUES(1762,0.7028037597130408E0,'2026-03-22 00:08:32.400000','2026-03-22 00:08:36.300000',1707)
COMMIT
INSERT INTO AGENT_MOVEMENT_RAW_LOG VALUES(1778,0.6580504094828278E0,'2026-03-22 00:08:32.700000','2026-03-22 00:08:36.300000',1708)
COMMIT
INSERT INTO AGENT_MOVEMENT_RAW_LOG VALUES(1780,0.36189881858492695E0,'2026-03-22 00:08:32.700000','2026-03-22 00:08:36.300000',1709)
COMMIT
INSERT INTO AGENT_MOVEMENT_RAW_LOG VALUES(1761,0.4147885939566355E0,'2026-03-22 00:08:33.300000','2026-03-22 00:08:36.900000',1710)
COMMIT
INSERT INTO AGENT_MOVEMENT_RAW_LOG VALUES(1763,0.5592910798059186E0,'2026-03-22 00:08:33.600000','2026-03-22 00:08:37.200000',1711)
COMMIT
INSERT INTO AGENT_MOVEMENT_RAW_LOG VALUES(1769,0.6008933881013316E0,'2026-03-22 00:08:33.600000','2026-03-22 00:08:37.200000',1712)
COMMIT
INSERT INTO AGENT_MOVEMENT_RAW_LOG VALUES(1777,0.6249917145439948E0,'2026-03-22 00:08:34.200000','2026-03-22 00:08:37.800000',1713)
COMMIT
INSERT INTO AGENT_MOVEMENT_RAW_LOG VALUES(1758,0.1512502770972265E0,'2026-03-22 00:08:34.800000','2026-03-22 00:08:38.400000',1714)
COMMIT
INSERT INTO AGENT_MOVEMENT_RAW_LOG VALUES(1782,0.10465513385964899E0,'2026-03-22 00:08:34.800000','2026-03-22 00:08:38.400000',1715)
COMMIT
INSERT INTO AGENT_MOVEMENT_RAW_LOG VALUES(1764,0.4314158522782527E0,'2026-03-22 00:08:35.100000','2026-03-22 00:08:38.700000',1716)
COMMIT
INSERT INTO AGENT_MOVEMENT_RAW_LOG VALUES(1783,0.3488870051376647E0,'2026-03-22 00:08:35.100000','2026-03-22 00:08:38.700000',1717)
COMMIT
INSERT INTO AGENT_MOVEMENT_RAW_LOG VALUES(1766,0.5427602670406249E0,'2026-03-22 00:08:35.400000','2026-03-22 00:08:39.000000',1718)
COMMIT
INSERT INTO AGENT_MOVEMENT_RAW_LOG VALUES(1759,0.5353431686561946E0,'2026-03-22 00:08:35.700000','2026-03-22 00:08:39.300000',1719)
COMMIT
INSERT INTO AGENT_MOVEMENT_RAW_LOG VALUES(1760,0.38318975801995786E0,'2026-03-22 00:08:35.700000','2026-03-22 00:08:39.300000',1720)
COMMIT
INSERT INTO AGENT_MOVEMENT_RAW_LOG VALUES(1765,0.562784084081137E0,'2026-03-22 00:08:35.700000','2026-03-22 00:08:39.300000',1721)
COMMIT
INSERT INTO AGENT_MOVEMENT_RAW_LOG VALUES(1768,0.44955042761156117E0,'2026-03-22 00:08:35.700000','2026-03-22 00:08:39.300000',1722)
COMMIT
INSERT INTO AGENT_MOVEMENT_RAW_LOG VALUES(1781,0.7091668887460353E0,'2026-03-22 00:08:35.700000','2026-03-22 00:08:39.300000',1723)
COMMIT
INSERT INTO AGENT_MOVEMENT_RAW_LOG VALUES(1767,0.5888730344186123E0,'2026-03-22 00:08:36.000000','2026-03-22 00:08:39.600000',1724)
COMMIT
INSERT INTO AGENT_MOVEMENT_RAW_LOG VALUES(1776,0.6162688151079844E0,'2026-03-22 00:08:36.000000','2026-03-22 00:08:39.600000',1725)
COMMIT
INSERT INTO AGENT_MOVEMENT_RAW_LOG VALUES(1779,0.614038320330562E0,'2026-03-22 00:08:36.000000','2026-03-22 00:08:39.600000',1726)
COMMIT
INSERT INTO AGENT_MOVEMENT_RAW_LOG VALUES(1762,0.7732573342502849E0,'2026-03-22 00:08:36.300000','2026-03-22 00:08:39.900000',1727)
COMMIT
INSERT INTO AGENT_MOVEMENT_RAW_LOG VALUES(1778,0.6742072511989241E0,'2026-03-22 00:08:36.300000','2026-03-22 00:08:39.900000',1728)
COMMIT
INSERT INTO AGENT_MOVEMENT_RAW_LOG VALUES(1780,0.2621697750306985E0,'2026-03-22 00:08:36.300000','2026-03-22 00:08:39.900000',1729)
COMMIT
INSERT INTO AGENT_MOVEMENT_RAW_LOG VALUES(1761,0.4137763028951391E0,'2026-03-22 00:08:36.900000','2026-03-22 00:08:40.500000',1730)
COMMIT
INSERT INTO AGENT_MOVEMENT_RAW_LOG VALUES(1763,0.5488761001828276E0,'2026-03-22 00:08:37.200000','2026-03-22 00:08:40.800000',1731)
COMMIT
INSERT INTO AGENT_MOVEMENT_RAW_LOG VALUES(1769,0.6065662377826099E0,'2026-03-22 00:08:37.200000','2026-03-22 00:08:40.800000',1732)
COMMIT
INSERT INTO AGENT_MOVEMENT_RAW_LOG VALUES(1799,0.6827565746400939E0,'2026-03-22 00:08:36.423000','2026-03-22 00:08:41.100000',1733)
COMMIT
INSERT INTO AGENT_MOVEMENT_RAW_LOG VALUES(1777,0.6117327828497723E0,'2026-03-22 00:08:37.800000','2026-03-22 00:08:41.400000',1734)
COMMIT
INSERT INTO AGENT_MOVEMENT_RAW_LOG VALUES(1758,0.15317375424366064E0,'2026-03-22 00:08:38.400000','2026-03-22 00:08:42.000000',1735)
COMMIT
INSERT INTO AGENT_MOVEMENT_RAW_LOG VALUES(1782,0.11556271953508059E0,'2026-03-22 00:08:38.400000','2026-03-22 00:08:42.000000',1736)
COMMIT
INSERT INTO AGENT_MOVEMENT_RAW_LOG VALUES(1764,0.4242396317850563E0,'2026-03-22 00:08:38.700000','2026-03-22 00:08:42.300000',1737)
COMMIT
INSERT INTO AGENT_MOVEMENT_RAW_LOG VALUES(1783,0.3978902268561304E0,'2026-03-22 00:08:38.700000','2026-03-22 00:08:42.300000',1738)
COMMIT
INSERT INTO AGENT_MOVEMENT_RAW_LOG VALUES(1798,0.5700208375177959E0,'2026-03-22 00:08:36.423000','2026-03-22 00:08:42.300000',1739)
COMMIT
INSERT INTO FLOWCHART_ENTRIES_RAW_LOG VALUES(40,1798,242,'2026-03-22 00:08:42.300000')
COMMIT
INSERT INTO AGENT_MOVEMENT_RAW_LOG VALUES(1766,0.5234729834270839E0,'2026-03-22 00:08:39.000000','2026-03-22 00:08:42.600000',1740)
COMMIT
INSERT INTO AGENT_MOVEMENT_RAW_LOG VALUES(1759,0.5346656535021375E0,'2026-03-22 00:08:39.300000','2026-03-22 00:08:42.900000',1741)
COMMIT
INSERT INTO AGENT_MOVEMENT_RAW_LOG VALUES(1760,0.37433069351388976E0,'2026-03-22 00:08:39.300000','2026-03-22 00:08:42.900000',1742)
COMMIT
INSERT INTO AGENT_MOVEMENT_RAW_LOG VALUES(1765,0.513648657734787E0,'2026-03-22 00:08:39.300000','2026-03-22 00:08:42.900000',1743)
COMMIT
INSERT INTO AGENT_MOVEMENT_RAW_LOG VALUES(1768,0.4538037764592543E0,'2026-03-22 00:08:39.300000','2026-03-22 00:08:42.900000',1744)
COMMIT
INSERT INTO AGENT_MOVEMENT_RAW_LOG VALUES(1781,0.7078604338716944E0,'2026-03-22 00:08:39.300000','2026-03-22 00:08:42.900000',1745)
COMMIT
INSERT INTO AGENT_MOVEMENT_RAW_LOG VALUES(1776,0.6189435243311434E0,'2026-03-22 00:08:39.600000','2026-03-22 00:08:43.200000',1746)
COMMIT
INSERT INTO AGENT_MOVEMENT_RAW_LOG VALUES(1779,0.47066623907514477E0,'2026-03-22 00:08:39.600000','2026-03-22 00:08:43.200000',1747)
COMMIT
INSERT INTO AGENT_MOVEMENT_RAW_LOG VALUES(1762,0.7821967423898941E0,'2026-03-22 00:08:39.900000','2026-03-22 00:08:43.500000',1748)
COMMIT
INSERT INTO AGENT_MOVEMENT_RAW_LOG VALUES(1778,0.6545974873968886E0,'2026-03-22 00:08:39.900000','2026-03-22 00:08:43.500000',1749)
COMMIT
INSERT INTO AGENT_MOVEMENT_RAW_LOG VALUES(1780,0.2530255748357038E0,'2026-03-22 00:08:39.900000','2026-03-22 00:08:43.500000',1750)
COMMIT
INSERT INTO AGENT_MOVEMENT_RAW_LOG VALUES(1761,0.4122922211656951E0,'2026-03-22 00:08:40.500000','2026-03-22 00:08:44.100000',1751)
COMMIT
INSERT INTO AGENT_MOVEMENT_RAW_LOG VALUES(1763,0.5286843829962712E0,'2026-03-22 00:08:40.800000','2026-03-22 00:08:44.400000',1752)
COMMIT
INSERT INTO AGENT_MOVEMENT_RAW_LOG VALUES(1769,0.5568351552506092E0,'2026-03-22 00:08:40.800000','2026-03-22 00:08:44.400000',1753)
COMMIT
INSERT INTO AGENT_MOVEMENT_RAW_LOG VALUES(1777,0.6166230345326204E0,'2026-03-22 00:08:41.400000','2026-03-22 00:08:45.000000',1754)
COMMIT
INSERT INTO AGENT_MOVEMENT_RAW_LOG VALUES(1758,0.1550985052966503E0,'2026-03-22 00:08:42.000000','2026-03-22 00:08:45.600000',1755)
COMMIT
INSERT INTO AGENT_MOVEMENT_RAW_LOG VALUES(1782,0.14450314064647174E0,'2026-03-22 00:08:42.000000','2026-03-22 00:08:45.600000',1756)
COMMIT
INSERT INTO AGENT_MOVEMENT_RAW_LOG VALUES(1764,0.3966755561444E0,'2026-03-22 00:08:42.300000','2026-03-22 00:08:45.900000',1757)
COMMIT
INSERT INTO AGENT_MOVEMENT_RAW_LOG VALUES(1783,0.4268803408588506E0,'2026-03-22 00:08:42.300000','2026-03-22 00:08:45.900000',1758)
COMMIT
INSERT INTO AGENT_MOVEMENT_RAW_LOG VALUES(1766,0.5032492435453518E0,'2026-03-22 00:08:42.600000','2026-03-22 00:08:46.200000',1759)
COMMIT
INSERT INTO AGENT_MOVEMENT_RAW_LOG VALUES(1759,0.5273936373790408E0,'2026-03-22 00:08:42.900000','2026-03-22 00:08:46.500000',1760)
COMMIT
INSERT INTO AGENT_MOVEMENT_RAW_LOG VALUES(1760,0.37137787127915345E0,'2026-03-22 00:08:42.900000','2026-03-22 00:08:46.500000',1761)
COMMIT
INSERT INTO AGENT_MOVEMENT_RAW_LOG VALUES(1765,0.5265482008471507E0,'2026-03-22 00:08:42.900000','2026-03-22 00:08:46.500000',1762)
COMMIT
INSERT INTO AGENT_MOVEMENT_RAW_LOG VALUES(1768,0.46958798840604005E0,'2026-03-22 00:08:42.900000','2026-03-22 00:08:46.500000',1763)
COMMIT
INSERT INTO AGENT_MOVEMENT_RAW_LOG VALUES(1781,0.7391589132917961E0,'2026-03-22 00:08:42.900000','2026-03-22 00:08:46.500000',1764)
COMMIT
INSERT INTO AGENT_MOVEMENT_RAW_LOG VALUES(1767,0.4943537207987008E0,'2026-03-22 00:08:39.600000','2026-03-22 00:08:46.800000',1765)
COMMIT
INSERT INTO AGENT_MOVEMENT_RAW_LOG VALUES(1776,0.6261264708627253E0,'2026-03-22 00:08:43.200000','2026-03-22 00:08:46.800000',1766)
COMMIT
INSERT INTO AGENT_MOVEMENT_RAW_LOG VALUES(1779,0.4576830673029507E0,'2026-03-22 00:08:43.200000','2026-03-22 00:08:46.800000',1767)
COMMIT
INSERT INTO AGENT_MOVEMENT_RAW_LOG VALUES(1762,0.8125284313546909E0,'2026-03-22 00:08:43.500000','2026-03-22 00:08:47.100000',1768)
COMMIT
INSERT INTO AGENT_MOVEMENT_RAW_LOG VALUES(1778,0.6071509424089027E0,'2026-03-22 00:08:43.500000','2026-03-22 00:08:47.100000',1769)
COMMIT
INSERT INTO AGENT_MOVEMENT_RAW_LOG VALUES(1780,0.2847091347743036E0,'2026-03-22 00:08:43.500000','2026-03-22 00:08:47.100000',1770)
COMMIT
INSERT INTO AGENT_MOVEMENT_RAW_LOG VALUES(1799,0.7108571931350619E0,'2026-03-22 00:08:42.528000','2026-03-22 00:08:47.400000',1771)
COMMIT
INSERT INTO FLOWCHART_ENTRIES_RAW_LOG VALUES(41,1799,242,'2026-03-22 00:08:47.400000')
COMMIT
INSERT INTO AGENT_MOVEMENT_RAW_LOG VALUES(1761,0.4103511847876226E0,'2026-03-22 00:08:44.100000','2026-03-22 00:08:47.700000',1772)
COMMIT
INSERT INTO AGENT_MOVEMENT_RAW_LOG VALUES(1763,0.502367498784805E0,'2026-03-22 00:08:44.400000','2026-03-22 00:08:48.000000',1773)
COMMIT
INSERT INTO AGENT_MOVEMENT_RAW_LOG VALUES(1769,0.5147155131128734E0,'2026-03-22 00:08:44.400000','2026-03-22 00:08:48.000000',1774)
COMMIT
INSERT INTO AGENT_MOVEMENT_RAW_LOG VALUES(1777,0.604282972930517E0,'2026-03-22 00:08:45.000000','2026-03-22 00:08:48.600000',1775)
COMMIT
INSERT INTO AGENT_MOVEMENT_RAW_LOG VALUES(1758,0.15702443793640256E0,'2026-03-22 00:08:45.600000','2026-03-22 00:08:49.200000',1776)
COMMIT
INSERT INTO AGENT_MOVEMENT_RAW_LOG VALUES(1782,0.1588894753867435E0,'2026-03-22 00:08:45.600000','2026-03-22 00:08:49.200000',1777)
COMMIT
INSERT INTO AGENT_MOVEMENT_RAW_LOG VALUES(1764,0.38791816591801687E0,'2026-03-22 00:08:45.900000','2026-03-22 00:08:49.500000',1778)
COMMIT
INSERT INTO AGENT_MOVEMENT_RAW_LOG VALUES(1783,0.3949774774493564E0,'2026-03-22 00:08:45.900000','2026-03-22 00:08:49.500000',1779)
COMMIT
INSERT INTO AGENT_MOVEMENT_RAW_LOG VALUES(1766,0.47822738984824326E0,'2026-03-22 00:08:46.200000','2026-03-22 00:08:49.800000',1780)
COMMIT
INSERT INTO AGENT_MOVEMENT_RAW_LOG VALUES(1759,0.5401726255516887E0,'2026-03-22 00:08:46.500000','2026-03-22 00:08:50.100000',1781)
COMMIT
INSERT INTO AGENT_MOVEMENT_RAW_LOG VALUES(1760,0.377516423283104E0,'2026-03-22 00:08:46.500000','2026-03-22 00:08:50.100000',1782)
COMMIT
INSERT INTO AGENT_MOVEMENT_RAW_LOG VALUES(1765,0.5668370753336432E0,'2026-03-22 00:08:46.500000','2026-03-22 00:08:50.100000',1783)
COMMIT
INSERT INTO AGENT_MOVEMENT_RAW_LOG VALUES(1768,0.47146273562041396E0,'2026-03-22 00:08:46.500000','2026-03-22 00:08:50.100000',1784)
COMMIT
INSERT INTO AGENT_MOVEMENT_RAW_LOG VALUES(1781,0.7532896738847761E0,'2026-03-22 00:08:46.500000','2026-03-22 00:08:50.100000',1785)
COMMIT
INSERT INTO AGENT_MOVEMENT_RAW_LOG VALUES(1776,0.642166590142991E0,'2026-03-22 00:08:46.800000','2026-03-22 00:08:50.400000',1786)
COMMIT
INSERT INTO AGENT_MOVEMENT_RAW_LOG VALUES(1779,0.4586874499159916E0,'2026-03-22 00:08:46.800000','2026-03-22 00:08:50.400000',1787)
COMMIT
INSERT INTO AGENT_MOVEMENT_RAW_LOG VALUES(1767,0.7169602684775176E0,'2026-03-22 00:08:46.800000','2026-03-22 00:08:50.700000',1788)
COMMIT
INSERT INTO AGENT_MOVEMENT_RAW_LOG VALUES(1778,0.5236389614762469E0,'2026-03-22 00:08:47.100000','2026-03-22 00:08:50.700000',1789)
COMMIT
INSERT INTO AGENT_MOVEMENT_RAW_LOG VALUES(1780,0.37743150588299185E0,'2026-03-22 00:08:47.100000','2026-03-22 00:08:50.700000',1790)
COMMIT
INSERT INTO AGENT_MOVEMENT_RAW_LOG VALUES(1762,0.7298317745123761E0,'2026-03-22 00:08:47.100000','2026-03-22 00:08:51.000000',1791)
COMMIT
INSERT INTO AGENT_MOVEMENT_RAW_LOG VALUES(1761,0.407974235478113E0,'2026-03-22 00:08:47.700000','2026-03-22 00:08:51.300000',1792)
COMMIT
INSERT INTO AGENT_MOVEMENT_RAW_LOG VALUES(1763,0.5356063109013577E0,'2026-03-22 00:08:48.000000','2026-03-22 00:08:51.600000',1793)
COMMIT
INSERT INTO AGENT_MOVEMENT_RAW_LOG VALUES(1769,0.5120696308007072E0,'2026-03-22 00:08:48.000000','2026-03-22 00:08:51.600000',1794)
COMMIT
INSERT INTO AGENT_MOVEMENT_RAW_LOG VALUES(1777,0.6095963876048713E0,'2026-03-22 00:08:48.600000','2026-03-22 00:08:52.200000',1795)
COMMIT
INSERT INTO AGENT_MOVEMENT_RAW_LOG VALUES(1758,0.1589514671205094E0,'2026-03-22 00:08:49.200000','2026-03-22 00:08:52.800000',1796)
COMMIT
INSERT INTO AGENT_MOVEMENT_RAW_LOG VALUES(1782,0.1377384640487016E0,'2026-03-22 00:08:49.200000','2026-03-22 00:08:52.800000',1797)
COMMIT
INSERT INTO AGENT_MOVEMENT_RAW_LOG VALUES(1783,0.38848632021135965E0,'2026-03-22 00:08:49.500000','2026-03-22 00:08:53.100000',1798)
COMMIT
INSERT INTO AGENT_MOVEMENT_RAW_LOG VALUES(1766,0.4720410984513053E0,'2026-03-22 00:08:49.800000','2026-03-22 00:08:53.400000',1799)
COMMIT
INSERT INTO AGENT_MOVEMENT_RAW_LOG VALUES(1759,0.5359009302293116E0,'2026-03-22 00:08:50.100000','2026-03-22 00:08:53.700000',1800)
COMMIT
INSERT INTO AGENT_MOVEMENT_RAW_LOG VALUES(1760,0.38617915195618374E0,'2026-03-22 00:08:50.100000','2026-03-22 00:08:53.700000',1801)
COMMIT
INSERT INTO AGENT_MOVEMENT_RAW_LOG VALUES(1765,0.5427729354960641E0,'2026-03-22 00:08:50.100000','2026-03-22 00:08:53.700000',1802)
COMMIT
INSERT INTO AGENT_MOVEMENT_RAW_LOG VALUES(1768,0.4727215332587519E0,'2026-03-22 00:08:50.100000','2026-03-22 00:08:53.700000',1803)
COMMIT
INSERT INTO AGENT_MOVEMENT_RAW_LOG VALUES(1781,0.7525715086051731E0,'2026-03-22 00:08:50.100000','2026-03-22 00:08:53.700000',1804)
COMMIT
INSERT INTO AGENT_MOVEMENT_RAW_LOG VALUES(1776,0.6274154992167202E0,'2026-03-22 00:08:50.400000','2026-03-22 00:08:54.000000',1805)
COMMIT
INSERT INTO AGENT_MOVEMENT_RAW_LOG VALUES(1779,0.4604484196843539E0,'2026-03-22 00:08:50.400000','2026-03-22 00:08:54.000000',1806)
COMMIT
INSERT INTO AGENT_MOVEMENT_RAW_LOG VALUES(1767,0.6851522753429099E0,'2026-03-22 00:08:50.700000','2026-03-22 00:08:54.300000',1807)
COMMIT
INSERT INTO AGENT_MOVEMENT_RAW_LOG VALUES(1778,0.6675215638691965E0,'2026-03-22 00:08:50.700000','2026-03-22 00:08:54.300000',1808)
COMMIT
INSERT INTO AGENT_MOVEMENT_RAW_LOG VALUES(1780,0.2689779463369208E0,'2026-03-22 00:08:50.700000','2026-03-22 00:08:54.300000',1809)
COMMIT
INSERT INTO AGENT_MOVEMENT_RAW_LOG VALUES(1761,0.40518950525860936E0,'2026-03-22 00:08:51.300000','2026-03-22 00:08:54.900000',1810)
COMMIT
INSERT INTO AGENT_MOVEMENT_RAW_LOG VALUES(1762,0.7006133379062849E0,'2026-03-22 00:08:51.000000','2026-03-22 00:08:54.900000',1811)
COMMIT
INSERT INTO AGENT_MOVEMENT_RAW_LOG VALUES(1763,0.5811177751340496E0,'2026-03-22 00:08:51.600000','2026-03-22 00:08:55.200000',1812)
COMMIT
INSERT INTO AGENT_MOVEMENT_RAW_LOG VALUES(1769,0.5001032782960035E0,'2026-03-22 00:08:51.600000','2026-03-22 00:08:55.200000',1813)
COMMIT
INSERT INTO AGENT_MOVEMENT_RAW_LOG VALUES(1777,0.6201145145124968E0,'2026-03-22 00:08:52.200000','2026-03-22 00:08:55.800000',1814)
COMMIT
INSERT INTO AGENT_MOVEMENT_RAW_LOG VALUES(1764,0.41358272254288364E0,'2026-03-22 00:08:49.500000','2026-03-22 00:08:56.100000',1815)
COMMIT
INSERT INTO AGENT_MOVEMENT_RAW_LOG VALUES(1758,0.16087951420126978E0,'2026-03-22 00:08:52.800000','2026-03-22 00:08:56.400000',1816)
COMMIT
INSERT INTO AGENT_MOVEMENT_RAW_LOG VALUES(1782,0.12305168627839672E0,'2026-03-22 00:08:52.800000','2026-03-22 00:08:56.400000',1817)
COMMIT
INSERT INTO AGENT_MOVEMENT_RAW_LOG VALUES(1783,0.3787491305871351E0,'2026-03-22 00:08:53.100000','2026-03-22 00:08:56.700000',1818)
COMMIT
INSERT INTO AGENT_MOVEMENT_RAW_LOG VALUES(1766,0.4974928097714801E0,'2026-03-22 00:08:53.400000','2026-03-22 00:08:57.000000',1819)
COMMIT
INSERT INTO AGENT_MOVEMENT_RAW_LOG VALUES(1759,0.5328245844842721E0,'2026-03-22 00:08:53.700000','2026-03-22 00:08:57.300000',1820)
COMMIT
INSERT INTO AGENT_MOVEMENT_RAW_LOG VALUES(1760,0.39061074508868154E0,'2026-03-22 00:08:53.700000','2026-03-22 00:08:57.300000',1821)
COMMIT
INSERT INTO AGENT_MOVEMENT_RAW_LOG VALUES(1765,0.5461265605111789E0,'2026-03-22 00:08:53.700000','2026-03-22 00:08:57.300000',1822)
COMMIT
INSERT INTO AGENT_MOVEMENT_RAW_LOG VALUES(1768,0.4682902087488244E0,'2026-03-22 00:08:53.700000','2026-03-22 00:08:57.300000',1823)
COMMIT
INSERT INTO AGENT_MOVEMENT_RAW_LOG VALUES(1781,0.7285689106174007E0,'2026-03-22 00:08:53.700000','2026-03-22 00:08:57.300000',1824)
COMMIT
INSERT INTO AGENT_MOVEMENT_RAW_LOG VALUES(1776,0.6241100289241117E0,'2026-03-22 00:08:54.000000','2026-03-22 00:08:57.600000',1825)
COMMIT
INSERT INTO AGENT_MOVEMENT_RAW_LOG VALUES(1779,0.45872143935647547E0,'2026-03-22 00:08:54.000000','2026-03-22 00:08:57.600000',1826)
COMMIT
INSERT INTO AGENT_MOVEMENT_RAW_LOG VALUES(1767,0.6842753816781302E0,'2026-03-22 00:08:54.300000','2026-03-22 00:08:57.900000',1827)
COMMIT
INSERT INTO AGENT_MOVEMENT_RAW_LOG VALUES(1778,0.6669612841101349E0,'2026-03-22 00:08:54.300000','2026-03-22 00:08:57.900000',1828)
COMMIT
INSERT INTO AGENT_MOVEMENT_RAW_LOG VALUES(1780,0.26016074046646465E0,'2026-03-22 00:08:54.300000','2026-03-22 00:08:57.900000',1829)
COMMIT
INSERT INTO AGENT_MOVEMENT_RAW_LOG VALUES(1761,0.4020317434837544E0,'2026-03-22 00:08:54.900000','2026-03-22 00:08:58.500000',1830)
COMMIT
INSERT INTO AGENT_MOVEMENT_RAW_LOG VALUES(1762,0.7663805918797376E0,'2026-03-22 00:08:54.900000','2026-03-22 00:08:58.500000',1831)
COMMIT
INSERT INTO AGENT_MOVEMENT_RAW_LOG VALUES(1763,0.545184510665248E0,'2026-03-22 00:08:55.200000','2026-03-22 00:08:58.800000',1832)
COMMIT
INSERT INTO AGENT_MOVEMENT_RAW_LOG VALUES(1769,0.5146362208338159E0,'2026-03-22 00:08:55.200000','2026-03-22 00:08:58.800000',1833)
COMMIT
INSERT INTO AGENT_MOVEMENT_RAW_LOG VALUES(1777,0.617768767878519E0,'2026-03-22 00:08:55.800000','2026-03-22 00:08:59.400000',1834)
COMMIT
INSERT INTO AGENT_MOVEMENT_RAW_LOG VALUES(1764,0.4768159192379743E0,'2026-03-22 00:08:56.100000','2026-03-22 00:08:59.700000',1835)
COMMIT
INSERT INTO AGENT_MOVEMENT_RAW_LOG VALUES(1758,0.1628085062741097E0,'2026-03-22 00:08:56.400000','2026-03-22 00:09:00.000000',1836)
COMMIT
INSERT INTO AGENT_MOVEMENT_RAW_LOG VALUES(1782,0.1280479568879516E0,'2026-03-22 00:08:56.400000','2026-03-22 00:09:00.000000',1837)
COMMIT
INSERT INTO AGENT_MOVEMENT_RAW_LOG VALUES(1783,0.36818538031708103E0,'2026-03-22 00:08:56.700000','2026-03-22 00:09:00.300000',1838)
COMMIT
INSERT INTO AGENT_MOVEMENT_RAW_LOG VALUES(1766,0.5359872835373852E0,'2026-03-22 00:08:57.000000','2026-03-22 00:09:00.600000',1839)
COMMIT
INSERT INTO AGENT_MOVEMENT_RAW_LOG VALUES(1759,0.5424100752139469E0,'2026-03-22 00:08:57.300000','2026-03-22 00:09:00.900000',1840)
COMMIT
INSERT INTO AGENT_MOVEMENT_RAW_LOG VALUES(1760,0.38843778374158383E0,'2026-03-22 00:08:57.300000','2026-03-22 00:09:00.900000',1841)
COMMIT
INSERT INTO AGENT_MOVEMENT_RAW_LOG VALUES(1765,0.5278337525450891E0,'2026-03-22 00:08:57.300000','2026-03-22 00:09:00.900000',1842)
COMMIT
INSERT INTO AGENT_MOVEMENT_RAW_LOG VALUES(1768,0.4551482338253832E0,'2026-03-22 00:08:57.300000','2026-03-22 00:09:00.900000',1843)
COMMIT
INSERT INTO AGENT_MOVEMENT_RAW_LOG VALUES(1781,0.7264071467328891E0,'2026-03-22 00:08:57.300000','2026-03-22 00:09:00.900000',1844)
COMMIT
INSERT INTO AGENT_MOVEMENT_RAW_LOG VALUES(1776,0.649822944162322E0,'2026-03-22 00:08:57.600000','2026-03-22 00:09:01.200000',1845)
COMMIT
INSERT INTO AGENT_MOVEMENT_RAW_LOG VALUES(1779,0.45377955343300264E0,'2026-03-22 00:08:57.600000','2026-03-22 00:09:01.200000',1846)
COMMIT
INSERT INTO AGENT_MOVEMENT_RAW_LOG VALUES(1767,0.6833857199224275E0,'2026-03-22 00:08:57.900000','2026-03-22 00:09:01.500000',1847)
COMMIT
INSERT INTO AGENT_MOVEMENT_RAW_LOG VALUES(1778,0.6508105750845498E0,'2026-03-22 00:08:57.900000','2026-03-22 00:09:01.500000',1848)
COMMIT
INSERT INTO AGENT_MOVEMENT_RAW_LOG VALUES(1780,0.2895890822220156E0,'2026-03-22 00:08:57.900000','2026-03-22 00:09:01.500000',1849)
COMMIT
INSERT INTO AGENT_MOVEMENT_RAW_LOG VALUES(1761,0.3985744725824422E0,'2026-03-22 00:08:58.500000','2026-03-22 00:09:02.100000',1850)
COMMIT
INSERT INTO AGENT_MOVEMENT_RAW_LOG VALUES(1762,0.8002278049108977E0,'2026-03-22 00:08:58.500000','2026-03-22 00:09:02.100000',1851)
COMMIT
INSERT INTO AGENT_MOVEMENT_RAW_LOG VALUES(1763,0.562876003372017E0,'2026-03-22 00:08:58.800000','2026-03-22 00:09:02.400000',1852)
COMMIT
INSERT INTO AGENT_MOVEMENT_RAW_LOG VALUES(1769,0.5125444162118489E0,'2026-03-22 00:08:58.800000','2026-03-22 00:09:02.400000',1853)
COMMIT
INSERT INTO AGENT_MOVEMENT_RAW_LOG VALUES(1777,0.610774397062096E0,'2026-03-22 00:08:59.400000','2026-03-22 00:09:03.000000',1854)
COMMIT
INSERT INTO AGENT_MOVEMENT_RAW_LOG VALUES(1764,0.44405278537107024E0,'2026-03-22 00:08:59.700000','2026-03-22 00:09:03.300000',1855)
COMMIT
INSERT INTO AGENT_MOVEMENT_RAW_LOG VALUES(1758,0.1647383755832603E0,'2026-03-22 00:09:00.000000','2026-03-22 00:09:03.600000',1856)
COMMIT
INSERT INTO AGENT_MOVEMENT_RAW_LOG VALUES(1782,0.12056838150446039E0,'2026-03-22 00:09:00.000000','2026-03-22 00:09:03.600000',1857)
COMMIT
INSERT INTO AGENT_MOVEMENT_RAW_LOG VALUES(1783,0.3774038213080862E0,'2026-03-22 00:09:00.300000','2026-03-22 00:09:03.900000',1858)
COMMIT
INSERT INTO AGENT_MOVEMENT_RAW_LOG VALUES(1766,0.5407122804492703E0,'2026-03-22 00:09:00.600000','2026-03-22 00:09:04.200000',1859)
COMMIT
INSERT INTO AGENT_MOVEMENT_RAW_LOG VALUES(1759,0.5412053255700104E0,'2026-03-22 00:09:00.900000','2026-03-22 00:09:04.500000',1860)
COMMIT
INSERT INTO AGENT_MOVEMENT_RAW_LOG VALUES(1760,0.381296137074992E0,'2026-03-22 00:09:00.900000','2026-03-22 00:09:04.500000',1861)
COMMIT
INSERT INTO AGENT_MOVEMENT_RAW_LOG VALUES(1765,0.5016164811026724E0,'2026-03-22 00:09:00.900000','2026-03-22 00:09:04.500000',1862)
COMMIT
INSERT INTO AGENT_MOVEMENT_RAW_LOG VALUES(1768,0.4504746811319096E0,'2026-03-22 00:09:00.900000','2026-03-22 00:09:04.500000',1863)
COMMIT
INSERT INTO AGENT_MOVEMENT_RAW_LOG VALUES(1781,0.7290112922315463E0,'2026-03-22 00:09:00.900000','2026-03-22 00:09:04.500000',1864)
COMMIT
INSERT INTO AGENT_MOVEMENT_RAW_LOG VALUES(1776,0.6371585227074363E0,'2026-03-22 00:09:01.200000','2026-03-22 00:09:04.800000',1865)
COMMIT
INSERT INTO AGENT_MOVEMENT_RAW_LOG VALUES(1779,0.4507423889551693E0,'2026-03-22 00:09:01.200000','2026-03-22 00:09:04.800000',1866)
COMMIT
INSERT INTO AGENT_MOVEMENT_RAW_LOG VALUES(1767,0.677065385646728E0,'2026-03-22 00:09:01.500000','2026-03-22 00:09:05.100000',1867)
COMMIT
INSERT INTO AGENT_MOVEMENT_RAW_LOG VALUES(1778,0.6540260969829046E0,'2026-03-22 00:09:01.500000','2026-03-22 00:09:05.100000',1868)
COMMIT
INSERT INTO AGENT_MOVEMENT_RAW_LOG VALUES(1780,0.29258377443063127E0,'2026-03-22 00:09:01.500000','2026-03-22 00:09:05.100000',1869)
COMMIT
INSERT INTO AGENT_MOVEMENT_RAW_LOG VALUES(1761,0.39489659166882235E0,'2026-03-22 00:09:02.100000','2026-03-22 00:09:05.700000',1870)
COMMIT
INSERT INTO AGENT_MOVEMENT_RAW_LOG VALUES(1762,0.7292122421706854E0,'2026-03-22 00:09:02.100000','2026-03-22 00:09:06.000000',1871)
COMMIT
INSERT INTO AGENT_MOVEMENT_RAW_LOG VALUES(1763,0.5794381166263306E0,'2026-03-22 00:09:02.400000','2026-03-22 00:09:06.000000',1872)
COMMIT
INSERT INTO AGENT_MOVEMENT_RAW_LOG VALUES(1769,0.5044222981986263E0,'2026-03-22 00:09:02.400000','2026-03-22 00:09:06.000000',1873)
COMMIT
INSERT INTO AGENT_MOVEMENT_RAW_LOG VALUES(1777,0.6022550481726902E0,'2026-03-22 00:09:03.000000','2026-03-22 00:09:06.600000',1874)
COMMIT
INSERT INTO AGENT_MOVEMENT_RAW_LOG VALUES(1764,0.4155890552678904E0,'2026-03-22 00:09:03.300000','2026-03-22 00:09:06.900000',1875)
COMMIT
INSERT INTO AGENT_MOVEMENT_RAW_LOG VALUES(1758,0.16666905898764622E0,'2026-03-22 00:09:03.600000','2026-03-22 00:09:07.200000',1876)
COMMIT
INSERT INTO AGENT_MOVEMENT_RAW_LOG VALUES(1782,0.11970753150553005E0,'2026-03-22 00:09:03.600000','2026-03-22 00:09:07.200000',1877)
COMMIT
INSERT INTO AGENT_MOVEMENT_RAW_LOG VALUES(1783,0.37429893747844E0,'2026-03-22 00:09:03.900000','2026-03-22 00:09:07.500000',1878)
COMMIT
INSERT INTO AGENT_MOVEMENT_RAW_LOG VALUES(1766,0.5124696366613494E0,'2026-03-22 00:09:04.200000','2026-03-22 00:09:07.800000',1879)
COMMIT
INSERT INTO AGENT_MOVEMENT_RAW_LOG VALUES(1759,0.5242818280225062E0,'2026-03-22 00:09:04.500000','2026-03-22 00:09:08.100000',1880)
COMMIT
INSERT INTO AGENT_MOVEMENT_RAW_LOG VALUES(1760,0.3738259452550775E0,'2026-03-22 00:09:04.500000','2026-03-22 00:09:08.100000',1881)
COMMIT
INSERT INTO AGENT_MOVEMENT_RAW_LOG VALUES(1765,0.5251961148705545E0,'2026-03-22 00:09:04.500000','2026-03-22 00:09:08.100000',1882)
COMMIT
INSERT INTO AGENT_MOVEMENT_RAW_LOG VALUES(1768,0.44662200543190245E0,'2026-03-22 00:09:04.500000','2026-03-22 00:09:08.100000',1883)
COMMIT
INSERT INTO AGENT_MOVEMENT_RAW_LOG VALUES(1781,0.7448804501610603E0,'2026-03-22 00:09:04.500000','2026-03-22 00:09:08.100000',1884)
COMMIT
INSERT INTO AGENT_MOVEMENT_RAW_LOG VALUES(1776,0.6515483631131496E0,'2026-03-22 00:09:04.800000','2026-03-22 00:09:08.400000',1885)
COMMIT
INSERT INTO AGENT_MOVEMENT_RAW_LOG VALUES(1779,0.45230149248511764E0,'2026-03-22 00:09:04.800000','2026-03-22 00:09:08.400000',1886)
COMMIT
INSERT INTO AGENT_MOVEMENT_RAW_LOG VALUES(1767,0.6638841989570601E0,'2026-03-22 00:09:05.100000','2026-03-22 00:09:08.700000',1887)
COMMIT
INSERT INTO AGENT_MOVEMENT_RAW_LOG VALUES(1778,0.6598798144885433E0,'2026-03-22 00:09:05.100000','2026-03-22 00:09:08.700000',1888)
COMMIT
INSERT INTO AGENT_MOVEMENT_RAW_LOG VALUES(1780,0.2548102179103308E0,'2026-03-22 00:09:05.100000','2026-03-22 00:09:08.700000',1889)
COMMIT
INSERT INTO AGENT_MOVEMENT_RAW_LOG VALUES(1761,0.39098880632912664E0,'2026-03-22 00:09:05.700000','2026-03-22 00:09:09.300000',1890)
COMMIT
INSERT INTO AGENT_MOVEMENT_RAW_LOG VALUES(1762,0.804688264842847E0,'2026-03-22 00:09:06.000000','2026-03-22 00:09:09.600000',1891)
COMMIT
INSERT INTO AGENT_MOVEMENT_RAW_LOG VALUES(1763,0.5544913859459659E0,'2026-03-22 00:09:06.000000','2026-03-22 00:09:09.600000',1892)
COMMIT
INSERT INTO AGENT_MOVEMENT_RAW_LOG VALUES(1769,0.5032280564612626E0,'2026-03-22 00:09:06.000000','2026-03-22 00:09:09.600000',1893)
COMMIT
INSERT INTO AGENT_MOVEMENT_RAW_LOG VALUES(1777,0.5878067314969063E0,'2026-03-22 00:09:06.600000','2026-03-22 00:09:10.200000',1894)
COMMIT
INSERT INTO AGENT_MOVEMENT_RAW_LOG VALUES(1764,0.40203491819642656E0,'2026-03-22 00:09:06.900000','2026-03-22 00:09:10.500000',1895)
COMMIT
INSERT INTO AGENT_MOVEMENT_RAW_LOG VALUES(1758,0.16860049875086996E0,'2026-03-22 00:09:07.200000','2026-03-22 00:09:10.800000',1896)
COMMIT
INSERT INTO AGENT_MOVEMENT_RAW_LOG VALUES(1782,0.12616084338998648E0,'2026-03-22 00:09:07.200000','2026-03-22 00:09:10.800000',1897)
COMMIT
INSERT INTO AGENT_MOVEMENT_RAW_LOG VALUES(1783,0.39963001651110086E0,'2026-03-22 00:09:07.500000','2026-03-22 00:09:11.100000',1898)
COMMIT
INSERT INTO AGENT_MOVEMENT_RAW_LOG VALUES(1766,0.5224859650568849E0,'2026-03-22 00:09:07.800000','2026-03-22 00:09:11.400000',1899)
COMMIT
INSERT INTO AGENT_MOVEMENT_RAW_LOG VALUES(1759,0.5066847432677006E0,'2026-03-22 00:09:08.100000','2026-03-22 00:09:11.700000',1900)
COMMIT
INSERT INTO AGENT_MOVEMENT_RAW_LOG VALUES(1760,0.372598625512921E0,'2026-03-22 00:09:08.100000','2026-03-22 00:09:11.700000',1901)
COMMIT
INSERT INTO AGENT_MOVEMENT_RAW_LOG VALUES(1765,0.5243237113382911E0,'2026-03-22 00:09:08.100000','2026-03-22 00:09:11.700000',1902)
COMMIT
INSERT INTO AGENT_MOVEMENT_RAW_LOG VALUES(1768,0.44271094279475925E0,'2026-03-22 00:09:08.100000','2026-03-22 00:09:11.700000',1903)
COMMIT
INSERT INTO AGENT_MOVEMENT_RAW_LOG VALUES(1781,0.7523880368036444E0,'2026-03-22 00:09:08.100000','2026-03-22 00:09:11.700000',1904)
COMMIT
INSERT INTO AGENT_MOVEMENT_RAW_LOG VALUES(1776,0.6556247866125645E0,'2026-03-22 00:09:08.400000','2026-03-22 00:09:12.000000',1905)
COMMIT
INSERT INTO AGENT_MOVEMENT_RAW_LOG VALUES(1779,0.45700873694188254E0,'2026-03-22 00:09:08.400000','2026-03-22 00:09:12.000000',1906)
COMMIT
INSERT INTO AGENT_MOVEMENT_RAW_LOG VALUES(1767,0.6636781421724889E0,'2026-03-22 00:09:08.700000','2026-03-22 00:09:12.300000',1907)
COMMIT
INSERT INTO AGENT_MOVEMENT_RAW_LOG VALUES(1778,0.6606038871716666E0,'2026-03-22 00:09:08.700000','2026-03-22 00:09:12.300000',1908)
COMMIT
INSERT INTO AGENT_MOVEMENT_RAW_LOG VALUES(1780,0.26085853111847E0,'2026-03-22 00:09:08.700000','2026-03-22 00:09:12.300000',1909)
COMMIT
INSERT INTO AGENT_MOVEMENT_RAW_LOG VALUES(1761,0.38690493613706883E0,'2026-03-22 00:09:09.300000','2026-03-22 00:09:12.900000',1910)
COMMIT
INSERT INTO AGENT_MOVEMENT_RAW_LOG VALUES(1798,0.5472244738288681E0,'2026-03-22 00:08:42.300000','2026-03-22 00:09:12.900000',1911)
COMMIT
INSERT INTO AGENT_MOVEMENT_RAW_LOG VALUES(1763,0.5581669972966741E0,'2026-03-22 00:09:09.600000','2026-03-22 00:09:13.200000',1912)
COMMIT
INSERT INTO AGENT_MOVEMENT_RAW_LOG VALUES(1769,0.5017196750176328E0,'2026-03-22 00:09:09.600000','2026-03-22 00:09:13.200000',1913)
COMMIT
INSERT INTO AGENT_MOVEMENT_RAW_LOG VALUES(1762,0.7411859152912007E0,'2026-03-22 00:09:09.600000','2026-03-22 00:09:13.500000',1914)
COMMIT
INSERT INTO AGENT_MOVEMENT_RAW_LOG VALUES(1777,0.5857728595699235E0,'2026-03-22 00:09:10.200000','2026-03-22 00:09:13.800000',1915)
COMMIT
INSERT INTO AGENT_MOVEMENT_RAW_LOG VALUES(1764,0.4681587913732596E0,'2026-03-22 00:09:10.500000','2026-03-22 00:09:14.100000',1916)
COMMIT
INSERT INTO AGENT_MOVEMENT_RAW_LOG VALUES(1799,0.6134598490526363E0,'2026-03-22 00:08:47.400000','2026-03-22 00:09:14.100000',1917)
COMMIT
INSERT INTO AGENT_MOVEMENT_RAW_LOG VALUES(1758,0.17053264349766234E0,'2026-03-22 00:09:10.800000','2026-03-22 00:09:14.400000',1918)
COMMIT
INSERT INTO AGENT_MOVEMENT_RAW_LOG VALUES(1782,0.14004794402601894E0,'2026-03-22 00:09:10.800000','2026-03-22 00:09:14.400000',1919)
COMMIT
INSERT INTO AGENT_MOVEMENT_RAW_LOG VALUES(1783,0.42361738657286097E0,'2026-03-22 00:09:11.100000','2026-03-22 00:09:14.700000',1920)
COMMIT
INSERT INTO AGENT_MOVEMENT_RAW_LOG VALUES(1766,0.5031585648958613E0,'2026-03-22 00:09:11.400000','2026-03-22 00:09:15.000000',1921)
COMMIT
INSERT INTO AGENT_MOVEMENT_RAW_LOG VALUES(1759,0.5075000177921971E0,'2026-03-22 00:09:11.700000','2026-03-22 00:09:15.300000',1922)
COMMIT
INSERT INTO AGENT_MOVEMENT_RAW_LOG VALUES(1760,0.37893929530214876E0,'2026-03-22 00:09:11.700000','2026-03-22 00:09:15.300000',1923)
COMMIT
INSERT INTO AGENT_MOVEMENT_RAW_LOG VALUES(1765,0.5308859234072874E0,'2026-03-22 00:09:11.700000','2026-03-22 00:09:15.300000',1924)
COMMIT
INSERT INTO AGENT_MOVEMENT_RAW_LOG VALUES(1768,0.4433224364812232E0,'2026-03-22 00:09:11.700000','2026-03-22 00:09:15.300000',1925)
COMMIT
INSERT INTO AGENT_MOVEMENT_RAW_LOG VALUES(1781,0.7340818102508082E0,'2026-03-22 00:09:11.700000','2026-03-22 00:09:15.300000',1926)
COMMIT
INSERT INTO AGENT_MOVEMENT_RAW_LOG VALUES(1776,0.6621095541983948E0,'2026-03-22 00:09:12.000000','2026-03-22 00:09:15.600000',1927)
COMMIT
INSERT INTO AGENT_MOVEMENT_RAW_LOG VALUES(1779,0.4576974854458679E0,'2026-03-22 00:09:12.000000','2026-03-22 00:09:15.600000',1928)
COMMIT
INSERT INTO AGENT_MOVEMENT_RAW_LOG VALUES(1767,0.6597614542477068E0,'2026-03-22 00:09:12.300000','2026-03-22 00:09:15.900000',1929)
COMMIT
INSERT INTO AGENT_MOVEMENT_RAW_LOG VALUES(1778,0.662346168275589E0,'2026-03-22 00:09:12.300000','2026-03-22 00:09:15.900000',1930)
COMMIT
INSERT INTO AGENT_MOVEMENT_RAW_LOG VALUES(1780,0.2599841077295344E0,'2026-03-22 00:09:12.300000','2026-03-22 00:09:15.900000',1931)
COMMIT
INSERT INTO AGENT_MOVEMENT_RAW_LOG VALUES(1761,0.38270230594960214E0,'2026-03-22 00:09:12.900000','2026-03-22 00:09:16.500000',1932)
COMMIT
INSERT INTO AGENT_MOVEMENT_RAW_LOG VALUES(1798,0.39367010252639273E0,'2026-03-22 00:09:12.900000','2026-03-22 00:09:16.500000',1933)
COMMIT
INSERT INTO AGENT_MOVEMENT_RAW_LOG VALUES(1763,0.5522839834587117E0,'2026-03-22 00:09:13.200000','2026-03-22 00:09:16.800000',1934)
COMMIT
INSERT INTO AGENT_MOVEMENT_RAW_LOG VALUES(1769,0.48511516008008093E0,'2026-03-22 00:09:13.200000','2026-03-22 00:09:16.800000',1935)
COMMIT
INSERT INTO AGENT_MOVEMENT_RAW_LOG VALUES(1762,0.7710837945081876E0,'2026-03-22 00:09:13.500000','2026-03-22 00:09:17.100000',1936)
COMMIT
INSERT INTO AGENT_MOVEMENT_RAW_LOG VALUES(1777,0.593062331798103E0,'2026-03-22 00:09:13.800000','2026-03-22 00:09:17.400000',1937)
COMMIT
INSERT INTO AGENT_MOVEMENT_RAW_LOG VALUES(1764,0.4505166413295669E0,'2026-03-22 00:09:14.100000','2026-03-22 00:09:17.700000',1938)
COMMIT
INSERT INTO AGENT_MOVEMENT_RAW_LOG VALUES(1799,0.17017353383569891E0,'2026-03-22 00:09:14.100000','2026-03-22 00:09:17.700000',1939)
COMMIT
INSERT INTO AGENT_MOVEMENT_RAW_LOG VALUES(1758,0.17246544652889104E0,'2026-03-22 00:09:14.400000','2026-03-22 00:09:18.000000',1940)
COMMIT
INSERT INTO AGENT_MOVEMENT_RAW_LOG VALUES(1782,0.13233234713330203E0,'2026-03-22 00:09:14.400000','2026-03-22 00:09:18.000000',1941)
COMMIT
INSERT INTO AGENT_MOVEMENT_RAW_LOG VALUES(1783,0.4108287624281067E0,'2026-03-22 00:09:14.700000','2026-03-22 00:09:18.300000',1942)
COMMIT
INSERT INTO AGENT_MOVEMENT_RAW_LOG VALUES(1766,0.47991870068022524E0,'2026-03-22 00:09:15.000000','2026-03-22 00:09:18.600000',1943)
COMMIT
INSERT INTO AGENT_MOVEMENT_RAW_LOG VALUES(1759,0.5294471042973409E0,'2026-03-22 00:09:15.300000','2026-03-22 00:09:18.900000',1944)
COMMIT
INSERT INTO AGENT_MOVEMENT_RAW_LOG VALUES(1760,0.38610789982547716E0,'2026-03-22 00:09:15.300000','2026-03-22 00:09:18.900000',1945)
COMMIT
INSERT INTO AGENT_MOVEMENT_RAW_LOG VALUES(1765,0.5770944188294E0,'2026-03-22 00:09:15.300000','2026-03-22 00:09:18.900000',1946)
COMMIT
INSERT INTO AGENT_MOVEMENT_RAW_LOG VALUES(1768,0.4413556302255853E0,'2026-03-22 00:09:15.300000','2026-03-22 00:09:18.900000',1947)
COMMIT
INSERT INTO AGENT_MOVEMENT_RAW_LOG VALUES(1781,0.7311122579664612E0,'2026-03-22 00:09:15.300000','2026-03-22 00:09:18.900000',1948)
COMMIT
INSERT INTO AGENT_MOVEMENT_RAW_LOG VALUES(1776,0.6612627523285016E0,'2026-03-22 00:09:15.600000','2026-03-22 00:09:19.200000',1949)
COMMIT
INSERT INTO AGENT_MOVEMENT_RAW_LOG VALUES(1779,0.4559719945421065E0,'2026-03-22 00:09:15.600000','2026-03-22 00:09:19.200000',1950)
COMMIT
INSERT INTO AGENT_MOVEMENT_RAW_LOG VALUES(1767,0.6594422129736751E0,'2026-03-22 00:09:15.900000','2026-03-22 00:09:19.500000',1951)
COMMIT
INSERT INTO AGENT_MOVEMENT_RAW_LOG VALUES(1778,0.6637072792781342E0,'2026-03-22 00:09:15.900000','2026-03-22 00:09:19.500000',1952)
COMMIT
INSERT INTO AGENT_MOVEMENT_RAW_LOG VALUES(1780,0.2705830140276007E0,'2026-03-22 00:09:15.900000','2026-03-22 00:09:19.500000',1953)
COMMIT
INSERT INTO AGENT_MOVEMENT_RAW_LOG VALUES(1761,0.37843285391853393E0,'2026-03-22 00:09:16.500000','2026-03-22 00:09:20.100000',1954)
COMMIT
INSERT INTO AGENT_MOVEMENT_RAW_LOG VALUES(1763,0.571507080195962E0,'2026-03-22 00:09:16.800000','2026-03-22 00:09:20.400000',1955)
COMMIT
INSERT INTO AGENT_MOVEMENT_RAW_LOG VALUES(1769,0.48766828957037395E0,'2026-03-22 00:09:16.800000','2026-03-22 00:09:20.400000',1956)
COMMIT
INSERT INTO AGENT_MOVEMENT_RAW_LOG VALUES(1762,0.7819675849745994E0,'2026-03-22 00:09:17.100000','2026-03-22 00:09:20.700000',1957)
COMMIT
INSERT INTO AGENT_MOVEMENT_RAW_LOG VALUES(1777,0.5933934010182441E0,'2026-03-22 00:09:17.400000','2026-03-22 00:09:21.000000',1958)
COMMIT
INSERT INTO AGENT_MOVEMENT_RAW_LOG VALUES(1764,0.42861373688769344E0,'2026-03-22 00:09:17.700000','2026-03-22 00:09:21.300000',1959)
COMMIT
INSERT INTO AGENT_MOVEMENT_RAW_LOG VALUES(1758,0.17439886451188635E0,'2026-03-22 00:09:18.000000','2026-03-22 00:09:21.600000',1960)
COMMIT
INSERT INTO AGENT_MOVEMENT_RAW_LOG VALUES(1782,0.12399064543470138E0,'2026-03-22 00:09:18.000000','2026-03-22 00:09:21.600000',1961)
COMMIT
INSERT INTO AGENT_MOVEMENT_RAW_LOG VALUES(1783,0.40693423625931135E0,'2026-03-22 00:09:18.300000','2026-03-22 00:09:21.900000',1962)
COMMIT
INSERT INTO AGENT_MOVEMENT_RAW_LOG VALUES(1766,0.5033102453028437E0,'2026-03-22 00:09:18.600000','2026-03-22 00:09:22.200000',1963)
COMMIT
INSERT INTO AGENT_MOVEMENT_RAW_LOG VALUES(1759,0.5229902166542453E0,'2026-03-22 00:09:18.900000','2026-03-22 00:09:22.500000',1964)
COMMIT
INSERT INTO AGENT_MOVEMENT_RAW_LOG VALUES(1760,0.3893536563132515E0,'2026-03-22 00:09:18.900000','2026-03-22 00:09:22.500000',1965)
COMMIT
INSERT INTO AGENT_MOVEMENT_RAW_LOG VALUES(1765,0.5616131142930136E0,'2026-03-22 00:09:18.900000','2026-03-22 00:09:22.500000',1966)
COMMIT
INSERT INTO AGENT_MOVEMENT_RAW_LOG VALUES(1768,0.4388820730099453E0,'2026-03-22 00:09:18.900000','2026-03-22 00:09:22.500000',1967)
COMMIT
INSERT INTO AGENT_MOVEMENT_RAW_LOG VALUES(1781,0.6848191538447624E0,'2026-03-22 00:09:18.900000','2026-03-22 00:09:22.500000',1968)
COMMIT
INSERT INTO AGENT_MOVEMENT_RAW_LOG VALUES(1776,0.6702269744679551E0,'2026-03-22 00:09:19.200000','2026-03-22 00:09:22.800000',1969)
COMMIT
INSERT INTO AGENT_MOVEMENT_RAW_LOG VALUES(1779,0.4569032901235553E0,'2026-03-22 00:09:19.200000','2026-03-22 00:09:22.800000',1970)
COMMIT
INSERT INTO AGENT_MOVEMENT_RAW_LOG VALUES(1767,0.672899545147435E0,'2026-03-22 00:09:19.500000','2026-03-22 00:09:23.100000',1971)
COMMIT
INSERT INTO AGENT_MOVEMENT_RAW_LOG VALUES(1778,0.6644688312381305E0,'2026-03-22 00:09:19.500000','2026-03-22 00:09:23.100000',1972)
COMMIT
INSERT INTO AGENT_MOVEMENT_RAW_LOG VALUES(1780,0.28193665355977354E0,'2026-03-22 00:09:19.500000','2026-03-22 00:09:23.100000',1973)
COMMIT
INSERT INTO AGENT_MOVEMENT_RAW_LOG VALUES(1798,0.09745828837338533E0,'2026-03-22 00:09:16.500000','2026-03-22 00:09:23.100000',1974)
COMMIT
INSERT INTO AGENT_MOVEMENT_RAW_LOG VALUES(1761,0.3741475001717347E0,'2026-03-22 00:09:20.100000','2026-03-22 00:09:23.700000',1975)
COMMIT
INSERT INTO AGENT_MOVEMENT_RAW_LOG VALUES(1763,0.5620806930967961E0,'2026-03-22 00:09:20.400000','2026-03-22 00:09:24.000000',1976)
COMMIT
INSERT INTO AGENT_MOVEMENT_RAW_LOG VALUES(1769,0.5010465980685941E0,'2026-03-22 00:09:20.400000','2026-03-22 00:09:24.000000',1977)
COMMIT
INSERT INTO AGENT_MOVEMENT_RAW_LOG VALUES(1762,0.7971695202257014E0,'2026-03-22 00:09:20.700000','2026-03-22 00:09:24.300000',1978)
COMMIT
INSERT INTO AGENT_MOVEMENT_RAW_LOG VALUES(1799,0.07743702202080621E0,'2026-03-22 00:09:17.700000','2026-03-22 00:09:24.300000',1979)
COMMIT
INSERT INTO AGENT_MOVEMENT_RAW_LOG VALUES(1777,0.5853500202477849E0,'2026-03-22 00:09:21.000000','2026-03-22 00:09:24.600000',1980)
COMMIT
INSERT INTO AGENT_MOVEMENT_RAW_LOG VALUES(1764,0.4083025304030388E0,'2026-03-22 00:09:21.300000','2026-03-22 00:09:24.900000',1981)
COMMIT
INSERT INTO AGENT_MOVEMENT_RAW_LOG VALUES(1758,0.17633285763602027E0,'2026-03-22 00:09:21.600000','2026-03-22 00:09:25.200000',1982)
COMMIT
INSERT INTO AGENT_MOVEMENT_RAW_LOG VALUES(1782,0.1261729856392121E0,'2026-03-22 00:09:21.600000','2026-03-22 00:09:25.200000',1983)
COMMIT
INSERT INTO AGENT_MOVEMENT_RAW_LOG VALUES(1783,0.39667995000475564E0,'2026-03-22 00:09:21.900000','2026-03-22 00:09:25.500000',1984)
COMMIT
INSERT INTO AGENT_MOVEMENT_RAW_LOG VALUES(1766,0.5476408351161335E0,'2026-03-22 00:09:22.200000','2026-03-22 00:09:25.800000',1985)
COMMIT
INSERT INTO AGENT_MOVEMENT_RAW_LOG VALUES(1759,0.5028770945291954E0,'2026-03-22 00:09:22.500000','2026-03-22 00:09:26.100000',1986)
COMMIT
INSERT INTO AGENT_MOVEMENT_RAW_LOG VALUES(1760,0.38746763927106403E0,'2026-03-22 00:09:22.500000','2026-03-22 00:09:26.100000',1987)
COMMIT
INSERT INTO AGENT_MOVEMENT_RAW_LOG VALUES(1765,0.5292676074924124E0,'2026-03-22 00:09:22.500000','2026-03-22 00:09:26.100000',1988)
COMMIT
INSERT INTO AGENT_MOVEMENT_RAW_LOG VALUES(1768,0.43934472069760055E0,'2026-03-22 00:09:22.500000','2026-03-22 00:09:26.100000',1989)
COMMIT
INSERT INTO AGENT_MOVEMENT_RAW_LOG VALUES(1781,0.7112557056869248E0,'2026-03-22 00:09:22.500000','2026-03-22 00:09:26.100000',1990)
COMMIT
INSERT INTO AGENTS_RAW_LOG VALUES(1800,19,'<population>[101]','2026-03-22 00:09:26.207000',240)
COMMIT
DELETE FROM AGENTS_RAW_LOG WHERE ID=1800
INSERT INTO AGENTS_RAW_LOG VALUES(1800,19,'root.<population>[101]','2026-03-22 00:09:26.207000',240)
COMMIT
INSERT INTO AGENT_MOVEMENT_RAW_LOG VALUES(1776,0.665600558507628E0,'2026-03-22 00:09:22.800000','2026-03-22 00:09:26.400000',1991)
COMMIT
INSERT INTO AGENT_MOVEMENT_RAW_LOG VALUES(1779,0.46292056454389124E0,'2026-03-22 00:09:22.800000','2026-03-22 00:09:26.400000',1992)
COMMIT
INSERT INTO AGENT_MOVEMENT_RAW_LOG VALUES(1767,0.6770441856256824E0,'2026-03-22 00:09:23.100000','2026-03-22 00:09:26.700000',1993)
COMMIT
INSERT INTO AGENT_MOVEMENT_RAW_LOG VALUES(1778,0.6654340946603882E0,'2026-03-22 00:09:23.100000','2026-03-22 00:09:26.700000',1994)
COMMIT
INSERT INTO AGENT_MOVEMENT_RAW_LOG VALUES(1780,0.3630927453998771E0,'2026-03-22 00:09:23.100000','2026-03-22 00:09:26.700000',1995)
COMMIT
INSERT INTO AGENT_MOVEMENT_RAW_LOG VALUES(1761,0.3698934696818967E0,'2026-03-22 00:09:23.700000','2026-03-22 00:09:27.300000',1996)
COMMIT
INSERT INTO AGENTS_RAW_LOG VALUES(1801,19,'<population>[102]','2026-03-22 00:09:27.313000',241)
COMMIT
DELETE FROM AGENTS_RAW_LOG WHERE ID=1801
INSERT INTO AGENTS_RAW_LOG VALUES(1801,19,'root.<population>[102]','2026-03-22 00:09:27.313000',241)
COMMIT
INSERT INTO AGENT_MOVEMENT_RAW_LOG VALUES(1763,0.5661633382210931E0,'2026-03-22 00:09:24.000000','2026-03-22 00:09:27.600000',1997)
COMMIT
INSERT INTO AGENT_MOVEMENT_RAW_LOG VALUES(1769,0.5038013187781528E0,'2026-03-22 00:09:24.000000','2026-03-22 00:09:27.600000',1998)
COMMIT
INSERT INTO AGENT_MOVEMENT_RAW_LOG VALUES(1799,0.29045348120616005E0,'2026-03-22 00:09:24.300000','2026-03-22 00:09:27.900000',1999)
COMMIT
INSERT INTO AGENT_MOVEMENT_RAW_LOG VALUES(1762,0.7341562522947604E0,'2026-03-22 00:09:24.300000','2026-03-22 00:09:28.200000',2000)
COMMIT
INSERT INTO AGENT_MOVEMENT_RAW_LOG VALUES(1777,0.5789271264578411E0,'2026-03-22 00:09:24.600000','2026-03-22 00:09:28.200000',2001)
COMMIT
INSERT INTO AGENTS_RAW_LOG VALUES(1802,19,'<population>[103]','2026-03-22 00:09:28.355000',242)
COMMIT
DELETE FROM AGENTS_RAW_LOG WHERE ID=1802
INSERT INTO AGENTS_RAW_LOG VALUES(1802,19,'root.<population>[103]','2026-03-22 00:09:28.355000',242)
COMMIT
INSERT INTO AGENT_MOVEMENT_RAW_LOG VALUES(1764,0.42018197296966764E0,'2026-03-22 00:09:24.900000','2026-03-22 00:09:28.500000',2002)
COMMIT
INSERT INTO AGENTS_RAW_LOG VALUES(1803,19,'<population>[104]','2026-03-22 00:09:28.669000',243)
COMMIT
DELETE FROM AGENTS_RAW_LOG WHERE ID=1803
INSERT INTO AGENTS_RAW_LOG VALUES(1803,19,'root.<population>[104]','2026-03-22 00:09:28.669000',243)
COMMIT
INSERT INTO AGENT_MOVEMENT_RAW_LOG VALUES(1758,0.1782673925900172E0,'2026-03-22 00:09:25.200000','2026-03-22 00:09:28.800000',2003)
COMMIT
INSERT INTO AGENT_MOVEMENT_RAW_LOG VALUES(1782,0.12345595910284651E0,'2026-03-22 00:09:25.200000','2026-03-22 00:09:28.800000',2004)
COMMIT
INSERT INTO AGENTS_RAW_LOG VALUES(1804,19,'<population>[105]','2026-03-22 00:09:28.822000',244)
COMMIT
DELETE FROM AGENTS_RAW_LOG WHERE ID=1804
INSERT INTO AGENTS_RAW_LOG VALUES(1804,19,'root.<population>[105]','2026-03-22 00:09:28.822000',244)
COMMIT
INSERT INTO AGENTS_RAW_LOG VALUES(1805,19,'<population>[106]','2026-03-22 00:09:28.907000',245)
COMMIT
DELETE FROM AGENTS_RAW_LOG WHERE ID=1805
INSERT INTO AGENTS_RAW_LOG VALUES(1805,19,'root.<population>[106]','2026-03-22 00:09:28.907000',245)
COMMIT
INSERT INTO AGENT_MOVEMENT_RAW_LOG VALUES(1783,0.3840315631436154E0,'2026-03-22 00:09:25.500000','2026-03-22 00:09:29.100000',2005)
COMMIT
INSERT INTO AGENT_MOVEMENT_RAW_LOG VALUES(1766,0.5625035810104498E0,'2026-03-22 00:09:25.800000','2026-03-22 00:09:29.400000',2006)
COMMIT
INSERT INTO AGENT_MOVEMENT_RAW_LOG VALUES(1759,0.5298866071833849E0,'2026-03-22 00:09:26.100000','2026-03-22 00:09:29.700000',2007)
COMMIT
INSERT INTO AGENT_MOVEMENT_RAW_LOG VALUES(1760,0.3817265724462685E0,'2026-03-22 00:09:26.100000','2026-03-22 00:09:29.700000',2008)
COMMIT
INSERT INTO AGENT_MOVEMENT_RAW_LOG VALUES(1765,0.5467797781124925E0,'2026-03-22 00:09:26.100000','2026-03-22 00:09:29.700000',2009)
COMMIT
INSERT INTO AGENT_MOVEMENT_RAW_LOG VALUES(1768,0.4418431361032768E0,'2026-03-22 00:09:26.100000','2026-03-22 00:09:29.700000',2010)
COMMIT
INSERT INTO AGENT_MOVEMENT_RAW_LOG VALUES(1781,0.7481574192877871E0,'2026-03-22 00:09:26.100000','2026-03-22 00:09:29.700000',2011)
COMMIT
INSERT INTO AGENT_MOVEMENT_RAW_LOG VALUES(1776,0.6699361072539046E0,'2026-03-22 00:09:26.400000','2026-03-22 00:09:30.000000',2012)
COMMIT
INSERT INTO AGENT_MOVEMENT_RAW_LOG VALUES(1779,0.46872722746025436E0,'2026-03-22 00:09:26.400000','2026-03-22 00:09:30.000000',2013)
COMMIT
INSERT INTO AGENT_MOVEMENT_RAW_LOG VALUES(1798,0.160773925508714E0,'2026-03-22 00:09:23.100000','2026-03-22 00:09:30.000000',2014)
COMMIT
INSERT INTO AGENTS_RAW_LOG VALUES(1806,19,'<population>[107]','2026-03-22 00:09:30.077000',246)
COMMIT
DELETE FROM AGENTS_RAW_LOG WHERE ID=1806
INSERT INTO AGENTS_RAW_LOG VALUES(1806,19,'root.<population>[107]','2026-03-22 00:09:30.077000',246)
COMMIT
INSERT INTO AGENT_MOVEMENT_RAW_LOG VALUES(1767,0.6900412047372518E0,'2026-03-22 00:09:26.700000','2026-03-22 00:09:30.300000',2015)
COMMIT
INSERT INTO AGENT_MOVEMENT_RAW_LOG VALUES(1778,0.6669329361121933E0,'2026-03-22 00:09:26.700000','2026-03-22 00:09:30.300000',2016)
COMMIT
INSERT INTO AGENT_MOVEMENT_RAW_LOG VALUES(1780,0.261800276866288E0,'2026-03-22 00:09:26.700000','2026-03-22 00:09:30.300000',2017)
COMMIT
INSERT INTO AGENTS_RAW_LOG VALUES(1807,19,'<population>[108]','2026-03-22 00:09:30.602000',247)
COMMIT
DELETE FROM AGENTS_RAW_LOG WHERE ID=1807
INSERT INTO AGENTS_RAW_LOG VALUES(1807,19,'root.<population>[108]','2026-03-22 00:09:30.602000',247)
COMMIT
INSERT INTO AGENT_MOVEMENT_RAW_LOG VALUES(1761,0.3656758290783863E0,'2026-03-22 00:09:27.300000','2026-03-22 00:09:30.900000',2018)
COMMIT
INSERT INTO AGENTS_RAW_LOG VALUES(1808,19,'<population>[109]','2026-03-22 00:09:30.904000',248)
COMMIT
DELETE FROM AGENTS_RAW_LOG WHERE ID=1808
INSERT INTO AGENTS_RAW_LOG VALUES(1808,19,'root.<population>[109]','2026-03-22 00:09:30.904000',248)
COMMIT
INSERT INTO AGENTS_RAW_LOG VALUES(1809,19,'<population>[110]','2026-03-22 00:09:30.968000',249)
COMMIT
DELETE FROM AGENTS_RAW_LOG WHERE ID=1809
INSERT INTO AGENTS_RAW_LOG VALUES(1809,19,'root.<population>[110]','2026-03-22 00:09:30.968000',249)
COMMIT
INSERT INTO AGENT_MOVEMENT_RAW_LOG VALUES(1763,0.5438294103993758E0,'2026-03-22 00:09:27.600000','2026-03-22 00:09:31.200000',2019)
COMMIT
INSERT INTO AGENT_MOVEMENT_RAW_LOG VALUES(1769,0.5107038173629374E0,'2026-03-22 00:09:27.600000','2026-03-22 00:09:31.200000',2020)
COMMIT
INSERT INTO AGENTS_RAW_LOG VALUES(1810,19,'<population>[111]','2026-03-22 00:09:31.499000',250)
COMMIT
DELETE FROM AGENTS_RAW_LOG WHERE ID=1810
INSERT INTO AGENTS_RAW_LOG VALUES(1810,19,'root.<population>[111]','2026-03-22 00:09:31.499000',250)
COMMIT
INSERT INTO AGENT_MOVEMENT_RAW_LOG VALUES(1799,0.20659493193993375E0,'2026-03-22 00:09:27.900000','2026-03-22 00:09:31.500000',2021)
COMMIT
INSERT INTO AGENT_MOVEMENT_RAW_LOG VALUES(1762,0.7914915686341079E0,'2026-03-22 00:09:28.200000','2026-03-22 00:09:31.800000',2022)
COMMIT
INSERT INTO AGENT_MOVEMENT_RAW_LOG VALUES(1777,0.5753882360574493E0,'2026-03-22 00:09:28.200000','2026-03-22 00:09:31.800000',2023)
COMMIT
INSERT INTO AGENT_MOVEMENT_RAW_LOG VALUES(1764,0.39738469311373426E0,'2026-03-22 00:09:28.500000','2026-03-22 00:09:32.100000',2024)
COMMIT
INSERT INTO AGENT_MOVEMENT_RAW_LOG VALUES(1758,0.18020244207581243E0,'2026-03-22 00:09:28.800000','2026-03-22 00:09:32.400000',2025)
COMMIT
INSERT INTO AGENT_MOVEMENT_RAW_LOG VALUES(1782,0.11508189352976672E0,'2026-03-22 00:09:28.800000','2026-03-22 00:09:32.400000',2026)
COMMIT
INSERT INTO AGENT_MOVEMENT_RAW_LOG VALUES(1783,0.36921579578931923E0,'2026-03-22 00:09:29.100000','2026-03-22 00:09:32.700000',2027)
COMMIT
INSERT INTO AGENT_MOVEMENT_RAW_LOG VALUES(1766,0.5542111804533641E0,'2026-03-22 00:09:29.400000','2026-03-22 00:09:33.000000',2028)
COMMIT
INSERT INTO AGENT_MOVEMENT_RAW_LOG VALUES(1759,0.5417857465136089E0,'2026-03-22 00:09:29.700000','2026-03-22 00:09:33.300000',2029)
COMMIT
INSERT INTO AGENT_MOVEMENT_RAW_LOG VALUES(1760,0.3751577914096262E0,'2026-03-22 00:09:29.700000','2026-03-22 00:09:33.300000',2030)
COMMIT
INSERT INTO AGENT_MOVEMENT_RAW_LOG VALUES(1765,0.5455486573775029E0,'2026-03-22 00:09:29.700000','2026-03-22 00:09:33.300000',2031)
COMMIT
INSERT INTO AGENT_MOVEMENT_RAW_LOG VALUES(1768,0.4448932420541271E0,'2026-03-22 00:09:29.700000','2026-03-22 00:09:33.300000',2032)
COMMIT
INSERT INTO AGENT_MOVEMENT_RAW_LOG VALUES(1781,0.7463729589252402E0,'2026-03-22 00:09:29.700000','2026-03-22 00:09:33.300000',2033)
COMMIT
INSERT INTO AGENT_MOVEMENT_RAW_LOG VALUES(1776,0.6745368557668501E0,'2026-03-22 00:09:30.000000','2026-03-22 00:09:33.600000',2034)
COMMIT
INSERT INTO AGENT_MOVEMENT_RAW_LOG VALUES(1779,0.47352704502379855E0,'2026-03-22 00:09:30.000000','2026-03-22 00:09:33.600000',2035)
COMMIT
INSERT INTO AGENT_MOVEMENT_RAW_LOG VALUES(1798,0.3970674683327681E0,'2026-03-22 00:09:30.000000','2026-03-22 00:09:33.600000',2036)
COMMIT
INSERT INTO AGENT_MOVEMENT_RAW_LOG VALUES(1767,0.6748158419705955E0,'2026-03-22 00:09:30.300000','2026-03-22 00:09:33.900000',2037)
COMMIT
INSERT INTO AGENT_MOVEMENT_RAW_LOG VALUES(1778,0.6704988632118821E0,'2026-03-22 00:09:30.300000','2026-03-22 00:09:33.900000',2038)
COMMIT
INSERT INTO AGENT_MOVEMENT_RAW_LOG VALUES(1780,0.268370644812355E0,'2026-03-22 00:09:30.300000','2026-03-22 00:09:33.900000',2039)
COMMIT
INSERT INTO AGENT_MOVEMENT_RAW_LOG VALUES(1761,0.36151595724781066E0,'2026-03-22 00:09:30.900000','2026-03-22 00:09:34.500000',2040)
COMMIT
INSERT INTO AGENT_MOVEMENT_RAW_LOG VALUES(1763,0.5417607962501857E0,'2026-03-22 00:09:31.200000','2026-03-22 00:09:34.800000',2041)
COMMIT
INSERT INTO AGENT_MOVEMENT_RAW_LOG VALUES(1769,0.501658988796917E0,'2026-03-22 00:09:31.200000','2026-03-22 00:09:34.800000',2042)
COMMIT
INSERT INTO AGENT_MOVEMENT_RAW_LOG VALUES(1799,0.2039319705203261E0,'2026-03-22 00:09:31.500000','2026-03-22 00:09:35.100000',2043)
COMMIT
INSERT INTO AGENT_MOVEMENT_RAW_LOG VALUES(1762,0.790220649986511E0,'2026-03-22 00:09:31.800000','2026-03-22 00:09:35.400000',2044)
COMMIT
INSERT INTO AGENT_MOVEMENT_RAW_LOG VALUES(1777,0.5770064364078055E0,'2026-03-22 00:09:31.800000','2026-03-22 00:09:35.400000',2045)
COMMIT
INSERT INTO AGENT_MOVEMENT_RAW_LOG VALUES(1764,0.3974978712534634E0,'2026-03-22 00:09:32.100000','2026-03-22 00:09:35.700000',2046)
COMMIT
INSERT INTO AGENT_MOVEMENT_RAW_LOG VALUES(1758,0.18213798027501332E0,'2026-03-22 00:09:32.400000','2026-03-22 00:09:36.000000',2047)
COMMIT
INSERT INTO AGENT_MOVEMENT_RAW_LOG VALUES(1782,0.11779130309934623E0,'2026-03-22 00:09:32.400000','2026-03-22 00:09:36.000000',2048)
COMMIT
INSERT INTO AGENT_MOVEMENT_RAW_LOG VALUES(1783,0.38218823439516403E0,'2026-03-22 00:09:32.700000','2026-03-22 00:09:36.300000',2049)
COMMIT
INSERT INTO AGENT_MOVEMENT_RAW_LOG VALUES(1766,0.546772873513994E0,'2026-03-22 00:09:33.000000','2026-03-22 00:09:36.600000',2050)
COMMIT
INSERT INTO AGENT_MOVEMENT_RAW_LOG VALUES(1759,0.5259977823859319E0,'2026-03-22 00:09:33.300000','2026-03-22 00:09:36.900000',2051)
COMMIT
INSERT INTO AGENT_MOVEMENT_RAW_LOG VALUES(1760,0.37288579451303483E0,'2026-03-22 00:09:33.300000','2026-03-22 00:09:36.900000',2052)
COMMIT
INSERT INTO AGENT_MOVEMENT_RAW_LOG VALUES(1765,0.5112698072522719E0,'2026-03-22 00:09:33.300000','2026-03-22 00:09:36.900000',2053)
COMMIT
INSERT INTO AGENT_MOVEMENT_RAW_LOG VALUES(1768,0.4476279506956139E0,'2026-03-22 00:09:33.300000','2026-03-22 00:09:36.900000',2054)
COMMIT
INSERT INTO AGENT_MOVEMENT_RAW_LOG VALUES(1781,0.7445851543147733E0,'2026-03-22 00:09:33.300000','2026-03-22 00:09:36.900000',2055)
COMMIT
INSERT INTO AGENT_MOVEMENT_RAW_LOG VALUES(1776,0.6716922642031119E0,'2026-03-22 00:09:33.600000','2026-03-22 00:09:37.200000',2056)
COMMIT
INSERT INTO AGENT_MOVEMENT_RAW_LOG VALUES(1779,0.47909917343287384E0,'2026-03-22 00:09:33.600000','2026-03-22 00:09:37.200000',2057)
COMMIT
INSERT INTO AGENT_MOVEMENT_RAW_LOG VALUES(1798,0.39073203235929904E0,'2026-03-22 00:09:33.600000','2026-03-22 00:09:37.200000',2058)
COMMIT
INSERT INTO AGENT_MOVEMENT_RAW_LOG VALUES(1767,0.6625849228420239E0,'2026-03-22 00:09:33.900000','2026-03-22 00:09:37.500000',2059)
COMMIT
INSERT INTO AGENT_MOVEMENT_RAW_LOG VALUES(1778,0.6499266993272735E0,'2026-03-22 00:09:33.900000','2026-03-22 00:09:37.500000',2060)
COMMIT
INSERT INTO AGENT_MOVEMENT_RAW_LOG VALUES(1780,0.2640347895624741E0,'2026-03-22 00:09:33.900000','2026-03-22 00:09:37.500000',2061)
COMMIT
INSERT INTO AGENT_MOVEMENT_RAW_LOG VALUES(1761,0.3574376684865399E0,'2026-03-22 00:09:34.500000','2026-03-22 00:09:38.100000',2062)
COMMIT
INSERT INTO AGENT_MOVEMENT_RAW_LOG VALUES(1763,0.5424512945510094E0,'2026-03-22 00:09:34.800000','2026-03-22 00:09:38.400000',2063)
COMMIT
INSERT INTO AGENT_MOVEMENT_RAW_LOG VALUES(1769,0.4993091810159875E0,'2026-03-22 00:09:34.800000','2026-03-22 00:09:38.400000',2064)
COMMIT
INSERT INTO AGENT_MOVEMENT_RAW_LOG VALUES(1799,0.21003570608366506E0,'2026-03-22 00:09:35.100000','2026-03-22 00:09:38.700000',2065)
COMMIT
INSERT INTO AGENT_MOVEMENT_RAW_LOG VALUES(1762,0.7999746802921551E0,'2026-03-22 00:09:35.400000','2026-03-22 00:09:39.000000',2066)
COMMIT
INSERT INTO AGENT_MOVEMENT_RAW_LOG VALUES(1777,0.5753750501085672E0,'2026-03-22 00:09:35.400000','2026-03-22 00:09:39.000000',2067)
COMMIT
INSERT INTO AGENT_MOVEMENT_RAW_LOG VALUES(1764,0.39076259144513076E0,'2026-03-22 00:09:35.700000','2026-03-22 00:09:39.300000',2068)
COMMIT
INSERT INTO AGENT_MOVEMENT_RAW_LOG VALUES(1758,0.18407398237362746E0,'2026-03-22 00:09:36.000000','2026-03-22 00:09:39.600000',2069)
COMMIT
INSERT INTO AGENT_MOVEMENT_RAW_LOG VALUES(1782,0.12238470822504692E0,'2026-03-22 00:09:36.000000','2026-03-22 00:09:39.600000',2070)
COMMIT
INSERT INTO AGENT_MOVEMENT_RAW_LOG VALUES(1783,0.38943841236468163E0,'2026-03-22 00:09:36.300000','2026-03-22 00:09:39.900000',2071)
COMMIT
INSERT INTO AGENT_MOVEMENT_RAW_LOG VALUES(1766,0.5386723046544093E0,'2026-03-22 00:09:36.600000','2026-03-22 00:09:40.200000',2072)
COMMIT
INSERT INTO AGENT_MOVEMENT_RAW_LOG VALUES(1759,0.5201977791978799E0,'2026-03-22 00:09:36.900000','2026-03-22 00:09:40.500000',2073)
COMMIT
INSERT INTO AGENT_MOVEMENT_RAW_LOG VALUES(1760,0.37691703731290305E0,'2026-03-22 00:09:36.900000','2026-03-22 00:09:40.500000',2074)
COMMIT
INSERT INTO AGENT_MOVEMENT_RAW_LOG VALUES(1765,0.5605658690538222E0,'2026-03-22 00:09:36.900000','2026-03-22 00:09:40.500000',2075)
COMMIT
INSERT INTO AGENT_MOVEMENT_RAW_LOG VALUES(1768,0.44976005710908573E0,'2026-03-22 00:09:36.900000','2026-03-22 00:09:40.500000',2076)
COMMIT
INSERT INTO AGENT_MOVEMENT_RAW_LOG VALUES(1781,0.7195318209479847E0,'2026-03-22 00:09:36.900000','2026-03-22 00:09:40.500000',2077)
COMMIT
INSERT INTO AGENT_MOVEMENT_RAW_LOG VALUES(1776,0.6669767505218379E0,'2026-03-22 00:09:37.200000','2026-03-22 00:09:40.800000',2078)
COMMIT
INSERT INTO AGENT_MOVEMENT_RAW_LOG VALUES(1779,0.4835726695774957E0,'2026-03-22 00:09:37.200000','2026-03-22 00:09:40.800000',2079)
COMMIT
INSERT INTO AGENT_MOVEMENT_RAW_LOG VALUES(1798,0.38107770565139465E0,'2026-03-22 00:09:37.200000','2026-03-22 00:09:40.800000',2080)
COMMIT
INSERT INTO AGENT_MOVEMENT_RAW_LOG VALUES(1767,0.6792172466351877E0,'2026-03-22 00:09:37.500000','2026-03-22 00:09:41.100000',2081)
COMMIT
INSERT INTO AGENT_MOVEMENT_RAW_LOG VALUES(1778,0.6385275292405665E0,'2026-03-22 00:09:37.500000','2026-03-22 00:09:41.100000',2082)
COMMIT
INSERT INTO AGENT_MOVEMENT_RAW_LOG VALUES(1780,0.2697288239302422E0,'2026-03-22 00:09:37.500000','2026-03-22 00:09:41.100000',2083)
COMMIT
INSERT INTO AGENT_MOVEMENT_RAW_LOG VALUES(1761,0.3534700212302114E0,'2026-03-22 00:09:38.100000','2026-03-22 00:09:41.700000',2084)
COMMIT
INSERT INTO AGENT_MOVEMENT_RAW_LOG VALUES(1800,0.65134305422993E0,'2026-03-22 00:09:26.207000','2026-03-22 00:09:41.700000',2085)
COMMIT
INSERT INTO AGENT_MOVEMENT_RAW_LOG VALUES(1802,0.46962750272024933E0,'2026-03-22 00:09:28.355000','2026-03-22 00:09:41.700000',2086)
COMMIT
INSERT INTO AGENT_MOVEMENT_RAW_LOG VALUES(1804,0.4626115632219232E0,'2026-03-22 00:09:28.822000','2026-03-22 00:09:41.700000',2087)
COMMIT
INSERT INTO AGENT_MOVEMENT_RAW_LOG VALUES(1806,0.533820071438306E0,'2026-03-22 00:09:30.077000','2026-03-22 00:09:41.700000',2088)
COMMIT
INSERT INTO AGENT_MOVEMENT_RAW_LOG VALUES(1809,0.5257310666623757E0,'2026-03-22 00:09:30.968000','2026-03-22 00:09:41.700000',2089)
COMMIT
INSERT INTO AGENT_MOVEMENT_RAW_LOG VALUES(1810,0.5258686853037485E0,'2026-03-22 00:09:31.499000','2026-03-22 00:09:41.700000',2090)
COMMIT
INSERT INTO AGENT_MOVEMENT_RAW_LOG VALUES(1763,0.5324262143535963E0,'2026-03-22 00:09:38.400000','2026-03-22 00:09:42.000000',2091)
COMMIT
INSERT INTO AGENT_MOVEMENT_RAW_LOG VALUES(1769,0.5047851613941648E0,'2026-03-22 00:09:38.400000','2026-03-22 00:09:42.000000',2092)
COMMIT
INSERT INTO AGENT_MOVEMENT_RAW_LOG VALUES(1799,0.20590539040741515E0,'2026-03-22 00:09:38.700000','2026-03-22 00:09:42.300000',2093)
COMMIT
INSERT INTO AGENT_MOVEMENT_RAW_LOG VALUES(1777,0.5804639855470637E0,'2026-03-22 00:09:39.000000','2026-03-22 00:09:42.600000',2094)
COMMIT
INSERT INTO AGENT_MOVEMENT_RAW_LOG VALUES(1762,0.7457715175149668E0,'2026-03-22 00:09:39.000000','2026-03-22 00:09:42.900000',2095)
COMMIT
INSERT INTO AGENT_MOVEMENT_RAW_LOG VALUES(1758,0.18601042440023888E0,'2026-03-22 00:09:39.600000','2026-03-22 00:09:43.200000',2096)
COMMIT
INSERT INTO AGENT_MOVEMENT_RAW_LOG VALUES(1782,0.11597392079880599E0,'2026-03-22 00:09:39.600000','2026-03-22 00:09:43.200000',2097)
COMMIT
INSERT INTO AGENT_MOVEMENT_RAW_LOG VALUES(1783,0.379751935516081E0,'2026-03-22 00:09:39.900000','2026-03-22 00:09:43.500000',2098)
COMMIT
INSERT INTO AGENT_MOVEMENT_RAW_LOG VALUES(1801,0.5724153445386485E0,'2026-03-22 00:09:27.313000','2026-03-22 00:09:43.500000',2099)
COMMIT
INSERT INTO AGENT_MOVEMENT_RAW_LOG VALUES(1803,0.7085186411570253E0,'2026-03-22 00:09:28.669000','2026-03-22 00:09:43.500000',2100)
COMMIT
INSERT INTO AGENT_MOVEMENT_RAW_LOG VALUES(1805,0.47650543596191475E0,'2026-03-22 00:09:28.907000','2026-03-22 00:09:43.500000',2101)
COMMIT
INSERT INTO AGENT_MOVEMENT_RAW_LOG VALUES(1807,0.37739407577872347E0,'2026-03-22 00:09:30.602000','2026-03-22 00:09:43.500000',2102)
COMMIT
INSERT INTO AGENT_MOVEMENT_RAW_LOG VALUES(1808,0.4759410537428627E0,'2026-03-22 00:09:30.904000','2026-03-22 00:09:43.500000',2103)
COMMIT
INSERT INTO AGENT_MOVEMENT_RAW_LOG VALUES(1766,0.5307594367017064E0,'2026-03-22 00:09:40.200000','2026-03-22 00:09:43.800000',2104)
COMMIT
INSERT INTO AGENT_MOVEMENT_RAW_LOG VALUES(1759,0.5323465425748356E0,'2026-03-22 00:09:40.500000','2026-03-22 00:09:44.100000',2105)
COMMIT
INSERT INTO AGENT_MOVEMENT_RAW_LOG VALUES(1760,0.3829165273133224E0,'2026-03-22 00:09:40.500000','2026-03-22 00:09:44.100000',2106)
COMMIT
INSERT INTO AGENT_MOVEMENT_RAW_LOG VALUES(1765,0.5548515938201242E0,'2026-03-22 00:09:40.500000','2026-03-22 00:09:44.100000',2107)
COMMIT
INSERT INTO AGENT_MOVEMENT_RAW_LOG VALUES(1768,0.4492325901864416E0,'2026-03-22 00:09:40.500000','2026-03-22 00:09:44.100000',2108)
COMMIT
INSERT INTO AGENT_MOVEMENT_RAW_LOG VALUES(1781,0.7247360916530791E0,'2026-03-22 00:09:40.500000','2026-03-22 00:09:44.100000',2109)
COMMIT
INSERT INTO AGENT_MOVEMENT_RAW_LOG VALUES(1776,0.6636824241122988E0,'2026-03-22 00:09:40.800000','2026-03-22 00:09:44.400000',2110)
COMMIT
INSERT INTO AGENT_MOVEMENT_RAW_LOG VALUES(1779,0.4716410660008554E0,'2026-03-22 00:09:40.800000','2026-03-22 00:09:44.400000',2111)
COMMIT
INSERT INTO AGENT_MOVEMENT_RAW_LOG VALUES(1798,0.3940254323133989E0,'2026-03-22 00:09:40.800000','2026-03-22 00:09:44.400000',2112)
COMMIT
INSERT INTO AGENT_MOVEMENT_RAW_LOG VALUES(1767,0.6886975969357195E0,'2026-03-22 00:09:41.100000','2026-03-22 00:09:44.700000',2113)
COMMIT
INSERT INTO AGENT_MOVEMENT_RAW_LOG VALUES(1778,0.6867468994354006E0,'2026-03-22 00:09:41.100000','2026-03-22 00:09:44.700000',2114)
COMMIT
INSERT INTO AGENT_MOVEMENT_RAW_LOG VALUES(1780,0.26796010234325973E0,'2026-03-22 00:09:41.100000','2026-03-22 00:09:44.700000',2115)
COMMIT
INSERT INTO AGENT_MOVEMENT_RAW_LOG VALUES(1761,0.3496319299387335E0,'2026-03-22 00:09:41.700000','2026-03-22 00:09:45.300000',2116)
COMMIT
INSERT INTO AGENT_MOVEMENT_RAW_LOG VALUES(1763,0.53612266021417E0,'2026-03-22 00:09:42.000000','2026-03-22 00:09:45.600000',2117)
COMMIT
INSERT INTO AGENT_MOVEMENT_RAW_LOG VALUES(1769,0.506918594518961E0,'2026-03-22 00:09:42.000000','2026-03-22 00:09:45.600000',2118)
COMMIT
INSERT INTO AGENT_MOVEMENT_RAW_LOG VALUES(1764,0.390304790982088E0,'2026-03-22 00:09:39.300000','2026-03-22 00:09:45.900000',2119)
COMMIT
INSERT INTO AGENT_MOVEMENT_RAW_LOG VALUES(1799,0.17278929851719352E0,'2026-03-22 00:09:42.300000','2026-03-22 00:09:45.900000',2120)
COMMIT
INSERT INTO AGENT_MOVEMENT_RAW_LOG VALUES(1777,0.5858380128097531E0,'2026-03-22 00:09:42.600000','2026-03-22 00:09:46.200000',2121)
COMMIT
INSERT INTO AGENT_MOVEMENT_RAW_LOG VALUES(1758,0.1879472831163679E0,'2026-03-22 00:09:43.200000','2026-03-22 00:09:46.800000',2122)
COMMIT
INSERT INTO AGENT_MOVEMENT_RAW_LOG VALUES(1762,0.7193947227737284E0,'2026-03-22 00:09:42.900000','2026-03-22 00:09:46.800000',2123)
COMMIT
INSERT INTO AGENT_MOVEMENT_RAW_LOG VALUES(1782,0.12563743432452806E0,'2026-03-22 00:09:43.200000','2026-03-22 00:09:46.800000',2124)
COMMIT
INSERT INTO AGENT_MOVEMENT_RAW_LOG VALUES(1783,0.3769584637603772E0,'2026-03-22 00:09:43.500000','2026-03-22 00:09:47.100000',2125)
COMMIT
INSERT INTO AGENT_MOVEMENT_RAW_LOG VALUES(1766,0.5232729683988199E0,'2026-03-22 00:09:43.800000','2026-03-22 00:09:47.400000',2126)
COMMIT
INSERT INTO AGENT_MOVEMENT_RAW_LOG VALUES(1759,0.5435886004517916E0,'2026-03-22 00:09:44.100000','2026-03-22 00:09:47.700000',2127)
COMMIT
INSERT INTO AGENT_MOVEMENT_RAW_LOG VALUES(1760,0.3868126994699968E0,'2026-03-22 00:09:44.100000','2026-03-22 00:09:47.700000',2128)
COMMIT
INSERT INTO AGENT_MOVEMENT_RAW_LOG VALUES(1765,0.5476580273686982E0,'2026-03-22 00:09:44.100000','2026-03-22 00:09:47.700000',2129)
COMMIT
INSERT INTO AGENT_MOVEMENT_RAW_LOG VALUES(1768,0.4475959533520434E0,'2026-03-22 00:09:44.100000','2026-03-22 00:09:47.700000',2130)
COMMIT
INSERT INTO AGENT_MOVEMENT_RAW_LOG VALUES(1781,0.7381895598991134E0,'2026-03-22 00:09:44.100000','2026-03-22 00:09:47.700000',2131)
COMMIT
INSERT INTO AGENT_MOVEMENT_RAW_LOG VALUES(1802,0.430449294490227E0,'2026-03-22 00:09:41.700000','2026-03-22 00:09:47.700000',2132)
COMMIT
INSERT INTO AGENT_MOVEMENT_RAW_LOG VALUES(1804,0.4087305735070395E0,'2026-03-22 00:09:41.700000','2026-03-22 00:09:47.700000',2133)
COMMIT
INSERT INTO AGENT_MOVEMENT_RAW_LOG VALUES(1806,0.6014405856862939E0,'2026-03-22 00:09:41.700000','2026-03-22 00:09:47.700000',2134)
COMMIT
INSERT INTO AGENT_MOVEMENT_RAW_LOG VALUES(1809,0.35854622716930895E0,'2026-03-22 00:09:41.700000','2026-03-22 00:09:47.700000',2135)
COMMIT
INSERT INTO AGENT_MOVEMENT_RAW_LOG VALUES(1810,0.5966805013869294E0,'2026-03-22 00:09:41.700000','2026-03-22 00:09:47.700000',2136)
COMMIT
INSERT INTO AGENT_MOVEMENT_RAW_LOG VALUES(1776,0.6626564335534855E0,'2026-03-22 00:09:44.400000','2026-03-22 00:09:48.000000',2137)
COMMIT
INSERT INTO AGENT_MOVEMENT_RAW_LOG VALUES(1779,0.4651604568240568E0,'2026-03-22 00:09:44.400000','2026-03-22 00:09:48.000000',2138)
COMMIT
INSERT INTO AGENT_MOVEMENT_RAW_LOG VALUES(1798,0.3768845608819356E0,'2026-03-22 00:09:44.400000','2026-03-22 00:09:48.000000',2139)
COMMIT
INSERT INTO AGENT_MOVEMENT_RAW_LOG VALUES(1767,0.679148425103985E0,'2026-03-22 00:09:44.700000','2026-03-22 00:09:48.300000',2140)
COMMIT
INSERT INTO AGENT_MOVEMENT_RAW_LOG VALUES(1778,0.6510475108412005E0,'2026-03-22 00:09:44.700000','2026-03-22 00:09:48.300000',2141)
COMMIT
INSERT INTO AGENT_MOVEMENT_RAW_LOG VALUES(1780,0.273000257454678E0,'2026-03-22 00:09:44.700000','2026-03-22 00:09:48.300000',2142)
COMMIT
INSERT INTO AGENT_MOVEMENT_RAW_LOG VALUES(1800,0.6126396130789301E0,'2026-03-22 00:09:41.700000','2026-03-22 00:09:48.600000',2143)
COMMIT
INSERT INTO AGENT_MOVEMENT_RAW_LOG VALUES(1761,0.34592638698265804E0,'2026-03-22 00:09:45.300000','2026-03-22 00:09:48.900000',2144)
COMMIT
INSERT INTO AGENT_MOVEMENT_RAW_LOG VALUES(1801,0.7634285834173583E0,'2026-03-22 00:09:43.500000','2026-03-22 00:09:48.900000',2145)
COMMIT
INSERT INTO AGENT_MOVEMENT_RAW_LOG VALUES(1810,0.5924724684856548E0,'2026-03-22 00:09:47.700000','2026-03-22 00:09:48.900000',2146)
COMMIT
INSERT INTO AGENT_MOVEMENT_RAW_LOG VALUES(1804,0.4386936094544756E0,'2026-03-22 00:09:47.700000','2026-03-22 00:09:48.900000',2147)
COMMIT
INSERT INTO AGENT_MOVEMENT_RAW_LOG VALUES(1806,0.25358029620353395E0,'2026-03-22 00:09:47.700000','2026-03-22 00:09:48.900000',2148)
COMMIT
INSERT INTO AGENT_MOVEMENT_RAW_LOG VALUES(1809,0.3130118277149188E0,'2026-03-22 00:09:47.700000','2026-03-22 00:09:48.900000',2149)
COMMIT
INSERT INTO AGENT_MOVEMENT_RAW_LOG VALUES(1763,0.5591690697403645E0,'2026-03-22 00:09:45.600000','2026-03-22 00:09:49.200000',2150)
COMMIT
INSERT INTO AGENT_MOVEMENT_RAW_LOG VALUES(1769,0.5077630513128143E0,'2026-03-22 00:09:45.600000','2026-03-22 00:09:49.200000',2151)
COMMIT
INSERT INTO AGENT_MOVEMENT_RAW_LOG VALUES(1809,3.7895612573872014E-14,'2026-03-22 00:09:48.900000','2026-03-22 00:09:49.200000',2152)
COMMIT
INSERT INTO AGENT_MOVEMENT_RAW_LOG VALUES(1804,1.0718497851281238E-13,'2026-03-22 00:09:48.900000','2026-03-22 00:09:49.200000',2153)
COMMIT
INSERT INTO AGENT_MOVEMENT_RAW_LOG VALUES(1806,1.1368683772161603E-13,'2026-03-22 00:09:48.900000','2026-03-22 00:09:49.200000',2154)
COMMIT
INSERT INTO AGENT_MOVEMENT_RAW_LOG VALUES(1764,0.43689478764700757E0,'2026-03-22 00:09:45.900000','2026-03-22 00:09:49.500000',2155)
COMMIT
INSERT INTO AGENT_MOVEMENT_RAW_LOG VALUES(1799,0.19925684111456415E0,'2026-03-22 00:09:45.900000','2026-03-22 00:09:49.500000',2156)
COMMIT
INSERT INTO AGENT_MOVEMENT_RAW_LOG VALUES(1804,4.4784809963570635E-14,'2026-03-22 00:09:49.200000','2026-03-22 00:09:49.559000',2157)
COMMIT
INSERT INTO AGENT_MOVEMENT_RAW_LOG VALUES(1806,4.4784809963570635E-14,'2026-03-22 00:09:49.200000','2026-03-22 00:09:49.559000',2158)
COMMIT
INSERT INTO AGENT_MOVEMENT_RAW_LOG VALUES(1777,0.5897107297396221E0,'2026-03-22 00:09:46.200000','2026-03-22 00:09:49.800000',2159)
COMMIT
INSERT INTO AGENT_MOVEMENT_RAW_LOG VALUES(1806,0.47244401628856697E0,'2026-03-22 00:09:49.559000','2026-03-22 00:09:50.100000',2160)
COMMIT
INSERT INTO AGENT_MOVEMENT_RAW_LOG VALUES(1804,0.4949827755195193E0,'2026-03-22 00:09:49.559000','2026-03-22 00:09:50.100000',2161)
COMMIT
INSERT INTO AGENT_MOVEMENT_RAW_LOG VALUES(1758,0.18988453589613113E0,'2026-03-22 00:09:46.800000','2026-03-22 00:09:50.400000',2162)
COMMIT
INSERT INTO AGENT_MOVEMENT_RAW_LOG VALUES(1762,0.7982965810416935E0,'2026-03-22 00:09:46.800000','2026-03-22 00:09:50.400000',2163)
COMMIT
INSERT INTO AGENT_MOVEMENT_RAW_LOG VALUES(1782,0.12859512018700928E0,'2026-03-22 00:09:46.800000','2026-03-22 00:09:50.400000',2164)
COMMIT
INSERT INTO AGENT_MOVEMENT_RAW_LOG VALUES(1783,0.37174852235981576E0,'2026-03-22 00:09:47.100000','2026-03-22 00:09:50.700000',2165)
COMMIT
INSERT INTO AGENT_MOVEMENT_RAW_LOG VALUES(1766,0.5161445677355911E0,'2026-03-22 00:09:47.400000','2026-03-22 00:09:51.000000',2166)
COMMIT
INSERT INTO AGENT_MOVEMENT_RAW_LOG VALUES(1759,0.5403679357024067E0,'2026-03-22 00:09:47.700000','2026-03-22 00:09:51.300000',2167)
COMMIT
INSERT INTO AGENT_MOVEMENT_RAW_LOG VALUES(1760,0.38710880138593334E0,'2026-03-22 00:09:47.700000','2026-03-22 00:09:51.300000',2168)
COMMIT
INSERT INTO AGENT_MOVEMENT_RAW_LOG VALUES(1765,0.5399590842980567E0,'2026-03-22 00:09:47.700000','2026-03-22 00:09:51.300000',2169)
COMMIT
INSERT INTO AGENT_MOVEMENT_RAW_LOG VALUES(1768,0.44707152101227327E0,'2026-03-22 00:09:47.700000','2026-03-22 00:09:51.300000',2170)
COMMIT
INSERT INTO AGENT_MOVEMENT_RAW_LOG VALUES(1781,0.7389816272150826E0,'2026-03-22 00:09:47.700000','2026-03-22 00:09:51.300000',2171)
COMMIT
INSERT INTO AGENT_MOVEMENT_RAW_LOG VALUES(1803,0.4218585308974046E0,'2026-03-22 00:09:43.500000','2026-03-22 00:09:51.300000',2172)
COMMIT
INSERT INTO AGENT_MOVEMENT_RAW_LOG VALUES(1805,0.5881387556391976E0,'2026-03-22 00:09:43.500000','2026-03-22 00:09:51.300000',2173)
COMMIT
INSERT INTO AGENT_MOVEMENT_RAW_LOG VALUES(1776,0.6647354715343486E0,'2026-03-22 00:09:48.000000','2026-03-22 00:09:51.600000',2174)
COMMIT
INSERT INTO AGENT_MOVEMENT_RAW_LOG VALUES(1779,0.47625794275988526E0,'2026-03-22 00:09:48.000000','2026-03-22 00:09:51.600000',2175)
COMMIT
INSERT INTO AGENT_MOVEMENT_RAW_LOG VALUES(1798,0.39926854227053715E0,'2026-03-22 00:09:48.000000','2026-03-22 00:09:51.600000',2176)
COMMIT
INSERT INTO AGENT_MOVEMENT_RAW_LOG VALUES(1767,0.6368394105893158E0,'2026-03-22 00:09:48.300000','2026-03-22 00:09:51.900000',2177)
COMMIT
INSERT INTO AGENT_MOVEMENT_RAW_LOG VALUES(1778,0.6593213444615932E0,'2026-03-22 00:09:48.300000','2026-03-22 00:09:51.900000',2178)
COMMIT
INSERT INTO AGENT_MOVEMENT_RAW_LOG VALUES(1780,0.27460104349978365E0,'2026-03-22 00:09:48.300000','2026-03-22 00:09:51.900000',2179)
COMMIT
INSERT INTO AGENT_MOVEMENT_RAW_LOG VALUES(1761,0.34234826000369795E0,'2026-03-22 00:09:48.900000','2026-03-22 00:09:52.500000',2180)
COMMIT
INSERT INTO AGENT_MOVEMENT_RAW_LOG VALUES(1804,0.33723521118797517E0,'2026-03-22 00:09:50.100000','2026-03-22 00:09:52.500000',2181)
COMMIT
INSERT INTO AGENT_MOVEMENT_RAW_LOG VALUES(1763,0.5602660253889333E0,'2026-03-22 00:09:49.200000','2026-03-22 00:09:52.800000',2182)
COMMIT
INSERT INTO AGENT_MOVEMENT_RAW_LOG VALUES(1764,0.4464013786301043E0,'2026-03-22 00:09:49.500000','2026-03-22 00:09:53.100000',2183)
COMMIT
INSERT INTO AGENT_MOVEMENT_RAW_LOG VALUES(1799,0.22002684576656178E0,'2026-03-22 00:09:49.500000','2026-03-22 00:09:53.100000',2184)
COMMIT
INSERT INTO AGENT_MOVEMENT_RAW_LOG VALUES(1777,0.5784704235245178E0,'2026-03-22 00:09:49.800000','2026-03-22 00:09:53.400000',2185)
COMMIT
INSERT INTO AGENT_MOVEMENT_RAW_LOG VALUES(1758,0.1918221605942117E0,'2026-03-22 00:09:50.400000','2026-03-22 00:09:54.000000',2186)
COMMIT
INSERT INTO AGENT_MOVEMENT_RAW_LOG VALUES(1782,0.12847551415326533E0,'2026-03-22 00:09:50.400000','2026-03-22 00:09:54.000000',2187)
COMMIT
INSERT INTO AGENT_MOVEMENT_RAW_LOG VALUES(1762,0.7442731540997606E0,'2026-03-22 00:09:50.400000','2026-03-22 00:09:54.300000',2188)
COMMIT
INSERT INTO AGENT_MOVEMENT_RAW_LOG VALUES(1783,0.38974532508216636E0,'2026-03-22 00:09:50.700000','2026-03-22 00:09:54.300000',2189)
COMMIT
INSERT INTO AGENT_MOVEMENT_RAW_LOG VALUES(1766,0.509521313203771E0,'2026-03-22 00:09:51.000000','2026-03-22 00:09:54.600000',2190)
COMMIT
INSERT INTO AGENT_MOVEMENT_RAW_LOG VALUES(1759,0.5260869728617477E0,'2026-03-22 00:09:51.300000','2026-03-22 00:09:54.900000',2191)
COMMIT
INSERT INTO AGENT_MOVEMENT_RAW_LOG VALUES(1760,0.3841902728957356E0,'2026-03-22 00:09:51.300000','2026-03-22 00:09:54.900000',2192)
COMMIT
INSERT INTO AGENT_MOVEMENT_RAW_LOG VALUES(1765,0.5352252886619818E0,'2026-03-22 00:09:51.300000','2026-03-22 00:09:54.900000',2193)
COMMIT
INSERT INTO AGENT_MOVEMENT_RAW_LOG VALUES(1768,0.44895216690843737E0,'2026-03-22 00:09:51.300000','2026-03-22 00:09:54.900000',2194)
COMMIT
INSERT INTO AGENT_MOVEMENT_RAW_LOG VALUES(1781,0.695044731163429E0,'2026-03-22 00:09:51.300000','2026-03-22 00:09:54.900000',2195)
COMMIT
INSERT INTO AGENT_MOVEMENT_RAW_LOG VALUES(1805,0.5823124760786683E0,'2026-03-22 00:09:51.300000','2026-03-22 00:09:54.900000',2196)
COMMIT
INSERT INTO AGENT_MOVEMENT_RAW_LOG VALUES(1807,0.6678943028262034E0,'2026-03-22 00:09:43.500000','2026-03-22 00:09:54.900000',2197)
COMMIT
INSERT INTO AGENT_MOVEMENT_RAW_LOG VALUES(1808,0.6582869161915724E0,'2026-03-22 00:09:43.500000','2026-03-22 00:09:54.900000',2198)
COMMIT
INSERT INTO AGENT_MOVEMENT_RAW_LOG VALUES(1776,0.6606918247450975E0,'2026-03-22 00:09:51.600000','2026-03-22 00:09:55.200000',2199)
COMMIT
INSERT INTO AGENT_MOVEMENT_RAW_LOG VALUES(1779,0.4682038937286526E0,'2026-03-22 00:09:51.600000','2026-03-22 00:09:55.200000',2200)
COMMIT
INSERT INTO AGENT_MOVEMENT_RAW_LOG VALUES(1798,0.39573386557504703E0,'2026-03-22 00:09:51.600000','2026-03-22 00:09:55.200000',2201)
COMMIT
INSERT INTO AGENT_MOVEMENT_RAW_LOG VALUES(1800,0.5872352280917497E0,'2026-03-22 00:09:49.559000','2026-03-22 00:09:55.200000',2202)
COMMIT
INSERT INTO FLOWCHART_ENTRIES_RAW_LOG VALUES(42,1800,242,'2026-03-22 00:09:55.200000')
COMMIT
INSERT INTO AGENT_MOVEMENT_RAW_LOG VALUES(1767,0.5434628496384186E0,'2026-03-22 00:09:51.900000','2026-03-22 00:09:55.500000',2203)
COMMIT
INSERT INTO AGENT_MOVEMENT_RAW_LOG VALUES(1778,0.6575764030788717E0,'2026-03-22 00:09:51.900000','2026-03-22 00:09:55.500000',2204)
COMMIT
INSERT INTO AGENT_MOVEMENT_RAW_LOG VALUES(1780,0.27093973776698693E0,'2026-03-22 00:09:51.900000','2026-03-22 00:09:55.500000',2205)
COMMIT
INSERT INTO AGENT_MOVEMENT_RAW_LOG VALUES(1761,0.33889809369299645E0,'2026-03-22 00:09:52.500000','2026-03-22 00:09:56.100000',2206)
COMMIT
INSERT INTO AGENT_MOVEMENT_RAW_LOG VALUES(1763,0.5329335330970242E0,'2026-03-22 00:09:52.800000','2026-03-22 00:09:56.400000',2207)
COMMIT
INSERT INTO AGENT_MOVEMENT_RAW_LOG VALUES(1803,0.8222534488767809E0,'2026-03-22 00:09:51.300000','2026-03-22 00:09:56.400000',2208)
COMMIT
INSERT INTO AGENT_MOVEMENT_RAW_LOG VALUES(1764,0.43826500308190625E0,'2026-03-22 00:09:53.100000','2026-03-22 00:09:56.700000',2209)
COMMIT
INSERT INTO AGENT_MOVEMENT_RAW_LOG VALUES(1799,0.19457684133931846E0,'2026-03-22 00:09:53.100000','2026-03-22 00:09:56.700000',2210)
COMMIT
INSERT INTO AGENT_MOVEMENT_RAW_LOG VALUES(1801,0.4888164539586714E0,'2026-03-22 00:09:49.781000','2026-03-22 00:09:56.700000',2211)
COMMIT
INSERT INTO FLOWCHART_ENTRIES_RAW_LOG VALUES(43,1801,242,'2026-03-22 00:09:56.700000')
COMMIT
INSERT INTO AGENT_MOVEMENT_RAW_LOG VALUES(1808,0.6059917815089159E0,'2026-03-22 00:09:54.900000','2026-03-22 00:09:56.700000',2212)
COMMIT
INSERT INTO AGENT_MOVEMENT_RAW_LOG VALUES(1807,0.5896936664600821E0,'2026-03-22 00:09:54.900000','2026-03-22 00:09:56.700000',2213)
COMMIT
INSERT INTO AGENT_MOVEMENT_RAW_LOG VALUES(1777,0.5832196809714649E0,'2026-03-22 00:09:53.400000','2026-03-22 00:09:57.000000',2214)
COMMIT
INSERT INTO AGENT_MOVEMENT_RAW_LOG VALUES(1758,0.19376013539597298E0,'2026-03-22 00:09:54.000000','2026-03-22 00:09:57.600000',2215)
COMMIT
INSERT INTO AGENT_MOVEMENT_RAW_LOG VALUES(1782,0.15097335748512722E0,'2026-03-22 00:09:54.000000','2026-03-22 00:09:57.600000',2216)
COMMIT
INSERT INTO AGENT_MOVEMENT_RAW_LOG VALUES(1802,0.45309364661425733E0,'2026-03-22 00:09:49.559000','2026-03-22 00:09:57.600000',2217)
COMMIT
INSERT INTO AGENT_MOVEMENT_RAW_LOG VALUES(1807,0.21647232336472635E0,'2026-03-22 00:09:56.700000','2026-03-22 00:09:57.885000',2218)
COMMIT
INSERT INTO AGENT_MOVEMENT_RAW_LOG VALUES(1762,0.7700244284201008E0,'2026-03-22 00:09:54.300000','2026-03-22 00:09:57.900000',2219)
COMMIT
INSERT INTO AGENT_MOVEMENT_RAW_LOG VALUES(1769,0.4227039663596916E0,'2026-03-22 00:09:49.200000','2026-03-22 00:09:57.900000',2220)
COMMIT
INSERT INTO AGENT_MOVEMENT_RAW_LOG VALUES(1783,0.38826674890668317E0,'2026-03-22 00:09:54.300000','2026-03-22 00:09:57.900000',2221)
COMMIT
INSERT INTO AGENT_MOVEMENT_RAW_LOG VALUES(1766,0.5033922469113394E0,'2026-03-22 00:09:54.600000','2026-03-22 00:09:58.200000',2222)
COMMIT
INSERT INTO AGENT_MOVEMENT_RAW_LOG VALUES(1807,0.6355993819846032E0,'2026-03-22 00:09:57.885000','2026-03-22 00:09:58.200000',2223)
COMMIT
INSERT INTO AGENT_MOVEMENT_RAW_LOG VALUES(1759,0.5176085354272174E0,'2026-03-22 00:09:54.900000','2026-03-22 00:09:58.500000',2224)
COMMIT
INSERT INTO AGENT_MOVEMENT_RAW_LOG VALUES(1760,0.3792263073270791E0,'2026-03-22 00:09:54.900000','2026-03-22 00:09:58.500000',2225)
COMMIT
INSERT INTO AGENT_MOVEMENT_RAW_LOG VALUES(1765,0.532079183520288E0,'2026-03-22 00:09:54.900000','2026-03-22 00:09:58.500000',2226)
COMMIT
INSERT INTO AGENT_MOVEMENT_RAW_LOG VALUES(1768,0.4489652683600532E0,'2026-03-22 00:09:54.900000','2026-03-22 00:09:58.500000',2227)
COMMIT
INSERT INTO AGENT_MOVEMENT_RAW_LOG VALUES(1781,0.7184725897378306E0,'2026-03-22 00:09:54.900000','2026-03-22 00:09:58.500000',2228)
COMMIT
INSERT INTO AGENT_MOVEMENT_RAW_LOG VALUES(1776,0.6610270474824419E0,'2026-03-22 00:09:55.200000','2026-03-22 00:09:58.800000',2229)
COMMIT
INSERT INTO AGENT_MOVEMENT_RAW_LOG VALUES(1779,0.4562056789668103E0,'2026-03-22 00:09:55.200000','2026-03-22 00:09:58.800000',2230)
COMMIT
INSERT INTO AGENT_MOVEMENT_RAW_LOG VALUES(1798,0.39346536981721736E0,'2026-03-22 00:09:55.200000','2026-03-22 00:09:58.800000',2231)
COMMIT
INSERT INTO AGENT_MOVEMENT_RAW_LOG VALUES(1767,0.5296799384424726E0,'2026-03-22 00:09:55.500000','2026-03-22 00:09:59.100000',2232)
COMMIT
INSERT INTO AGENT_MOVEMENT_RAW_LOG VALUES(1778,0.6456191369225156E0,'2026-03-22 00:09:55.500000','2026-03-22 00:09:59.100000',2233)
COMMIT
INSERT INTO AGENT_MOVEMENT_RAW_LOG VALUES(1780,0.2714414759305304E0,'2026-03-22 00:09:55.500000','2026-03-22 00:09:59.100000',2234)
COMMIT
INSERT INTO AGENT_MOVEMENT_RAW_LOG VALUES(1761,0.3355802081273007E0,'2026-03-22 00:09:56.100000','2026-03-22 00:09:59.700000',2235)
COMMIT
INSERT INTO AGENT_MOVEMENT_RAW_LOG VALUES(1763,0.5472601336247049E0,'2026-03-22 00:09:56.400000','2026-03-22 00:10:00.000000',2236)
COMMIT
INSERT INTO AGENT_MOVEMENT_RAW_LOG VALUES(1764,0.4462883392738812E0,'2026-03-22 00:09:56.700000','2026-03-22 00:10:00.300000',2237)
COMMIT
INSERT INTO AGENT_MOVEMENT_RAW_LOG VALUES(1799,0.21082244900413272E0,'2026-03-22 00:09:56.700000','2026-03-22 00:10:00.300000',2238)
COMMIT
INSERT INTO AGENT_MOVEMENT_RAW_LOG VALUES(1777,0.5933086404986223E0,'2026-03-22 00:09:57.000000','2026-03-22 00:10:00.600000',2239)
COMMIT
INSERT INTO AGENTS_RAW_LOG VALUES(1811,19,'<population>[112]','2026-03-22 00:10:01.105000',251)
COMMIT
DELETE FROM AGENTS_RAW_LOG WHERE ID=1811
INSERT INTO AGENTS_RAW_LOG VALUES(1811,19,'root.<population>[112]','2026-03-22 00:10:01.105000',251)
COMMIT
INSERT INTO AGENT_MOVEMENT_RAW_LOG VALUES(1758,0.19569843864197464E0,'2026-03-22 00:09:57.600000','2026-03-22 00:10:01.200000',2240)
COMMIT
INSERT INTO AGENT_MOVEMENT_RAW_LOG VALUES(1782,0.13069340518682107E0,'2026-03-22 00:09:57.600000','2026-03-22 00:10:01.200000',2241)
COMMIT
INSERT INTO AGENTS_RAW_LOG VALUES(1812,19,'<population>[113]','2026-03-22 00:10:01.254000',252)
COMMIT
DELETE FROM AGENTS_RAW_LOG WHERE ID=1812
INSERT INTO AGENTS_RAW_LOG VALUES(1812,19,'root.<population>[113]','2026-03-22 00:10:01.254000',252)
COMMIT
INSERT INTO AGENTS_RAW_LOG VALUES(1813,19,'<population>[114]','2026-03-22 00:10:01.382000',253)
COMMIT
DELETE FROM AGENTS_RAW_LOG WHERE ID=1813
INSERT INTO AGENTS_RAW_LOG VALUES(1813,19,'root.<population>[114]','2026-03-22 00:10:01.382000',253)
COMMIT
INSERT INTO AGENTS_RAW_LOG VALUES(1814,19,'<population>[115]','2026-03-22 00:10:01.439000',254)
COMMIT
DELETE FROM AGENTS_RAW_LOG WHERE ID=1814
INSERT INTO AGENTS_RAW_LOG VALUES(1814,19,'root.<population>[115]','2026-03-22 00:10:01.439000',254)
COMMIT
INSERT INTO AGENT_MOVEMENT_RAW_LOG VALUES(1762,0.767860552685085E0,'2026-03-22 00:09:57.900000','2026-03-22 00:10:01.500000',2242)
COMMIT
INSERT INTO AGENT_MOVEMENT_RAW_LOG VALUES(1783,0.41063776301582666E0,'2026-03-22 00:09:57.900000','2026-03-22 00:10:01.500000',2243)
COMMIT
INSERT INTO AGENT_MOVEMENT_RAW_LOG VALUES(1766,0.49765717174031415E0,'2026-03-22 00:09:58.200000','2026-03-22 00:10:01.800000',2244)
COMMIT
INSERT INTO AGENT_MOVEMENT_RAW_LOG VALUES(1805,1.082270549303369E0,'2026-03-22 00:09:57.885000','2026-03-22 00:10:01.800000',2245)
COMMIT
INSERT INTO AGENTS_RAW_LOG VALUES(1815,19,'<population>[116]','2026-03-22 00:10:02.010000',255)
COMMIT
DELETE FROM AGENTS_RAW_LOG WHERE ID=1815
INSERT INTO AGENTS_RAW_LOG VALUES(1815,19,'root.<population>[116]','2026-03-22 00:10:02.010000',255)
COMMIT
INSERT INTO AGENT_MOVEMENT_RAW_LOG VALUES(1759,0.5216917242338979E0,'2026-03-22 00:09:58.500000','2026-03-22 00:10:02.100000',2246)
COMMIT
INSERT INTO AGENT_MOVEMENT_RAW_LOG VALUES(1760,0.37436017660310833E0,'2026-03-22 00:09:58.500000','2026-03-22 00:10:02.100000',2247)
COMMIT
INSERT INTO AGENT_MOVEMENT_RAW_LOG VALUES(1765,0.5302117402961762E0,'2026-03-22 00:09:58.500000','2026-03-22 00:10:02.100000',2248)
COMMIT
INSERT INTO AGENT_MOVEMENT_RAW_LOG VALUES(1768,0.4460252745588411E0,'2026-03-22 00:09:58.500000','2026-03-22 00:10:02.100000',2249)
COMMIT
INSERT INTO AGENT_MOVEMENT_RAW_LOG VALUES(1781,0.7150673919845351E0,'2026-03-22 00:09:58.500000','2026-03-22 00:10:02.100000',2250)
COMMIT
INSERT INTO AGENT_MOVEMENT_RAW_LOG VALUES(1776,0.6622757051981896E0,'2026-03-22 00:09:58.800000','2026-03-22 00:10:02.400000',2251)
COMMIT
INSERT INTO AGENT_MOVEMENT_RAW_LOG VALUES(1779,0.4742832788775367E0,'2026-03-22 00:09:58.800000','2026-03-22 00:10:02.400000',2252)
COMMIT
INSERT INTO AGENT_MOVEMENT_RAW_LOG VALUES(1798,0.38508909187926127E0,'2026-03-22 00:09:58.800000','2026-03-22 00:10:02.400000',2253)
COMMIT
INSERT INTO AGENT_MOVEMENT_RAW_LOG VALUES(1810,0.9703288170049496E0,'2026-03-22 00:09:58.499000','2026-03-22 00:10:02.400000',2254)
COMMIT
INSERT INTO AGENT_MOVEMENT_RAW_LOG VALUES(1767,0.5222222553314226E0,'2026-03-22 00:09:59.100000','2026-03-22 00:10:02.700000',2255)
COMMIT
INSERT INTO AGENT_MOVEMENT_RAW_LOG VALUES(1769,0.5768911473471446E0,'2026-03-22 00:09:57.900000','2026-03-22 00:10:02.700000',2256)
COMMIT
INSERT INTO AGENT_MOVEMENT_RAW_LOG VALUES(1778,0.655707851980493E0,'2026-03-22 00:09:59.100000','2026-03-22 00:10:02.700000',2257)
COMMIT
INSERT INTO AGENT_MOVEMENT_RAW_LOG VALUES(1780,0.26586886188438097E0,'2026-03-22 00:09:59.100000','2026-03-22 00:10:02.700000',2258)
COMMIT
INSERT INTO AGENT_MOVEMENT_RAW_LOG VALUES(1803,0.8581309982793514E0,'2026-03-22 00:09:57.885000','2026-03-22 00:10:02.700000',2259)
COMMIT
INSERT INTO FLOWCHART_ENTRIES_RAW_LOG VALUES(44,1803,NULL,'2026-03-22 00:10:02.700000')
COMMIT
INSERT INTO DESTROYED_AGENTS_RAW_LOG VALUES(1803,'2026-03-22 00:10:02.700000',20)
COMMIT
INSERT INTO AGENT_MOVEMENT_RAW_LOG VALUES(1761,0.3323957299573747E0,'2026-03-22 00:09:59.700000','2026-03-22 00:10:03.300000',2260)
COMMIT
INSERT INTO AGENT_MOVEMENT_RAW_LOG VALUES(1812,0.5172465335349995E0,'2026-03-22 00:10:01.254000','2026-03-22 00:10:03.416000',2261)
COMMIT
INSERT INTO AGENT_MOVEMENT_RAW_LOG VALUES(1814,3.7278015636924393E0,'2026-03-22 00:10:01.439000','2026-03-22 00:10:03.416000',2262)
COMMIT
INSERT INTO AGENT_MOVEMENT_RAW_LOG VALUES(1763,0.5662930559909155E0,'2026-03-22 00:10:00.000000','2026-03-22 00:10:03.599000',2263)
COMMIT
INSERT INTO AGENT_MOVEMENT_RAW_LOG VALUES(1811,0.479218858395837E0,'2026-03-22 00:10:01.105000','2026-03-22 00:10:03.680000',2264)
COMMIT
INSERT INTO AGENT_MOVEMENT_RAW_LOG VALUES(1813,0.8237301373891862E0,'2026-03-22 00:10:01.382000','2026-03-22 00:10:03.680000',2265)
COMMIT
INSERT INTO AGENT_MOVEMENT_RAW_LOG VALUES(1815,1.591893485778312E0,'2026-03-22 00:10:02.010000','2026-03-22 00:10:03.680000',2266)
COMMIT
INSERT INTO AGENT_MOVEMENT_RAW_LOG VALUES(1799,0.2135693343945907E0,'2026-03-22 00:10:00.300000','2026-03-22 00:10:03.899000',2267)
COMMIT
INSERT INTO AGENT_MOVEMENT_RAW_LOG VALUES(1777,0.5969839276107933E0,'2026-03-22 00:10:00.600000','2026-03-22 00:10:04.199000',2268)
COMMIT
INSERT INTO AGENT_MOVEMENT_RAW_LOG VALUES(1758,0.1976919630715232E0,'2026-03-22 00:10:01.200000','2026-03-22 00:10:04.799000',2269)
COMMIT
INSERT INTO AGENT_MOVEMENT_RAW_LOG VALUES(1782,0.13557278731609698E0,'2026-03-22 00:10:01.200000','2026-03-22 00:10:04.799000',2270)
COMMIT
INSERT INTO AGENT_MOVEMENT_RAW_LOG VALUES(1762,0.7700934895665945E0,'2026-03-22 00:10:01.500000','2026-03-22 00:10:05.099000',2271)
COMMIT
INSERT INTO AGENT_MOVEMENT_RAW_LOG VALUES(1764,0.5741420846787513E0,'2026-03-22 00:10:00.300000','2026-03-22 00:10:05.099000',2272)
COMMIT
INSERT INTO AGENT_MOVEMENT_RAW_LOG VALUES(1783,0.3877516819318005E0,'2026-03-22 00:10:01.500000','2026-03-22 00:10:05.099000',2273)
COMMIT
INSERT INTO AGENT_MOVEMENT_RAW_LOG VALUES(1766,0.4924082039526569E0,'2026-03-22 00:10:01.800000','2026-03-22 00:10:05.399000',2274)
COMMIT
INSERT INTO AGENT_MOVEMENT_RAW_LOG VALUES(1759,0.5334567682048934E0,'2026-03-22 00:10:02.100000','2026-03-22 00:10:05.699000',2275)
COMMIT
INSERT INTO AGENT_MOVEMENT_RAW_LOG VALUES(1760,0.3729770473548163E0,'2026-03-22 00:10:02.100000','2026-03-22 00:10:05.699000',2276)
COMMIT
INSERT INTO AGENT_MOVEMENT_RAW_LOG VALUES(1765,0.5294576362631065E0,'2026-03-22 00:10:02.100000','2026-03-22 00:10:05.699000',2277)
COMMIT
INSERT INTO AGENT_MOVEMENT_RAW_LOG VALUES(1768,0.4462185363810882E0,'2026-03-22 00:10:02.100000','2026-03-22 00:10:05.699000',2278)
COMMIT
INSERT INTO AGENT_MOVEMENT_RAW_LOG VALUES(1781,0.7312675659295536E0,'2026-03-22 00:10:02.100000','2026-03-22 00:10:05.699000',2279)
COMMIT
INSERT INTO AGENT_MOVEMENT_RAW_LOG VALUES(1776,0.6553385830386858E0,'2026-03-22 00:10:02.400000','2026-03-22 00:10:05.999000',2280)
COMMIT
INSERT INTO AGENT_MOVEMENT_RAW_LOG VALUES(1779,0.45931160578955954E0,'2026-03-22 00:10:02.400000','2026-03-22 00:10:05.999000',2281)
COMMIT
INSERT INTO AGENT_MOVEMENT_RAW_LOG VALUES(1798,0.37667399619391106E0,'2026-03-22 00:10:02.400000','2026-03-22 00:10:05.999000',2282)
COMMIT
INSERT INTO AGENT_MOVEMENT_RAW_LOG VALUES(1767,0.5074398607843768E0,'2026-03-22 00:10:02.700000','2026-03-22 00:10:06.299000',2283)
COMMIT
INSERT INTO AGENT_MOVEMENT_RAW_LOG VALUES(1769,0.6972638293129193E0,'2026-03-22 00:10:02.700000','2026-03-22 00:10:06.299000',2284)
COMMIT
INSERT INTO AGENT_MOVEMENT_RAW_LOG VALUES(1778,0.6420321931123171E0,'2026-03-22 00:10:02.700000','2026-03-22 00:10:06.299000',2285)
COMMIT
INSERT INTO AGENT_MOVEMENT_RAW_LOG VALUES(1780,0.2774939688012481E0,'2026-03-22 00:10:02.700000','2026-03-22 00:10:06.299000',2286)
COMMIT
INSERT INTO AGENT_MOVEMENT_RAW_LOG VALUES(1802,0.5577432510971904E0,'2026-03-22 00:09:58.499000','2026-03-22 00:10:06.299000',2287)
COMMIT
INSERT INTO FLOWCHART_ENTRIES_RAW_LOG VALUES(45,1802,NULL,'2026-03-22 00:10:06.299000')
COMMIT
INSERT INTO DESTROYED_AGENTS_RAW_LOG VALUES(1802,'2026-03-22 00:10:06.299000',21)
COMMIT
INSERT INTO AGENT_MOVEMENT_RAW_LOG VALUES(1761,0.3294648856955425E0,'2026-03-22 00:10:03.300000','2026-03-22 00:10:06.899000',2288)
COMMIT
INSERT INTO AGENT_MOVEMENT_RAW_LOG VALUES(1763,0.570438003549E0,'2026-03-22 00:10:03.599000','2026-03-22 00:10:07.199000',2289)
COMMIT
INSERT INTO AGENT_MOVEMENT_RAW_LOG VALUES(1799,0.20782723485309734E0,'2026-03-22 00:10:03.899000','2026-03-22 00:10:07.499000',2290)
COMMIT
INSERT INTO AGENT_MOVEMENT_RAW_LOG VALUES(1777,0.589688829764256E0,'2026-03-22 00:10:04.199000','2026-03-22 00:10:07.799000',2291)
COMMIT
INSERT INTO AGENT_MOVEMENT_RAW_LOG VALUES(1809,0.8342143028214304E0,'2026-03-22 00:10:03.416000','2026-03-22 00:10:07.799000',2292)
COMMIT
INSERT INTO AGENT_MOVEMENT_RAW_LOG VALUES(1758,0.19957594519937344E0,'2026-03-22 00:10:04.799000','2026-03-22 00:10:08.399000',2293)
COMMIT
INSERT INTO AGENT_MOVEMENT_RAW_LOG VALUES(1782,0.12714000973110484E0,'2026-03-22 00:10:04.799000','2026-03-22 00:10:08.399000',2294)
COMMIT
INSERT INTO AGENT_MOVEMENT_RAW_LOG VALUES(1762,0.7707547716890593E0,'2026-03-22 00:10:05.099000','2026-03-22 00:10:08.699000',2295)
COMMIT
INSERT INTO AGENT_MOVEMENT_RAW_LOG VALUES(1764,0.4229561982686003E0,'2026-03-22 00:10:05.099000','2026-03-22 00:10:08.699000',2296)
COMMIT
INSERT INTO AGENT_MOVEMENT_RAW_LOG VALUES(1783,0.3773947424004817E0,'2026-03-22 00:10:05.099000','2026-03-22 00:10:08.699000',2297)
COMMIT
INSERT INTO AGENT_MOVEMENT_RAW_LOG VALUES(1808,0.7960101595802358E0,'2026-03-22 00:10:03.680000','2026-03-22 00:10:08.699000',2298)
COMMIT
INSERT INTO AGENT_MOVEMENT_RAW_LOG VALUES(1766,0.48728134989754973E0,'2026-03-22 00:10:05.399000','2026-03-22 00:10:08.999000',2299)
COMMIT
INSERT INTO AGENT_MOVEMENT_RAW_LOG VALUES(1759,0.5424393108468969E0,'2026-03-22 00:10:05.699000','2026-03-22 00:10:09.299000',2300)
COMMIT
INSERT INTO AGENT_MOVEMENT_RAW_LOG VALUES(1760,0.37563521146048673E0,'2026-03-22 00:10:05.699000','2026-03-22 00:10:09.299000',2301)
COMMIT
INSERT INTO AGENT_MOVEMENT_RAW_LOG VALUES(1765,0.5283436233988257E0,'2026-03-22 00:10:05.699000','2026-03-22 00:10:09.299000',2302)
COMMIT
INSERT INTO AGENT_MOVEMENT_RAW_LOG VALUES(1768,0.4480037404022868E0,'2026-03-22 00:10:05.699000','2026-03-22 00:10:09.299000',2303)
COMMIT
INSERT INTO AGENT_MOVEMENT_RAW_LOG VALUES(1781,0.7217672679761132E0,'2026-03-22 00:10:05.699000','2026-03-22 00:10:09.299000',2304)
COMMIT
INSERT INTO AGENT_MOVEMENT_RAW_LOG VALUES(1776,0.6537490034664493E0,'2026-03-22 00:10:05.999000','2026-03-22 00:10:09.599000',2305)
COMMIT
INSERT INTO AGENT_MOVEMENT_RAW_LOG VALUES(1779,0.4498080385722514E0,'2026-03-22 00:10:05.999000','2026-03-22 00:10:09.599000',2306)
COMMIT
INSERT INTO AGENT_MOVEMENT_RAW_LOG VALUES(1798,0.37769277062084883E0,'2026-03-22 00:10:05.999000','2026-03-22 00:10:09.599000',2307)
COMMIT
INSERT INTO AGENT_MOVEMENT_RAW_LOG VALUES(1810,0.6980033100448565E0,'2026-03-22 00:10:03.416000','2026-03-22 00:10:09.599000',2308)
COMMIT
INSERT INTO FLOWCHART_ENTRIES_RAW_LOG VALUES(46,1810,NULL,'2026-03-22 00:10:09.599000')
COMMIT
INSERT INTO DESTROYED_AGENTS_RAW_LOG VALUES(1810,'2026-03-22 00:10:09.599000',22)
COMMIT
INSERT INTO AGENT_MOVEMENT_RAW_LOG VALUES(1767,0.5008534509980662E0,'2026-03-22 00:10:06.299000','2026-03-22 00:10:09.899000',2309)
COMMIT
INSERT INTO AGENT_MOVEMENT_RAW_LOG VALUES(1769,0.6710181289312193E0,'2026-03-22 00:10:06.299000','2026-03-22 00:10:09.899000',2310)
COMMIT
INSERT INTO AGENT_MOVEMENT_RAW_LOG VALUES(1778,0.6504810612163046E0,'2026-03-22 00:10:06.299000','2026-03-22 00:10:09.899000',2311)
COMMIT
INSERT INTO AGENT_MOVEMENT_RAW_LOG VALUES(1780,0.276086871322957E0,'2026-03-22 00:10:06.299000','2026-03-22 00:10:09.899000',2312)
COMMIT
INSERT INTO AGENT_MOVEMENT_RAW_LOG VALUES(1761,0.3265230365070648E0,'2026-03-22 00:10:06.899000','2026-03-22 00:10:10.499000',2313)
COMMIT
INSERT INTO AGENT_MOVEMENT_RAW_LOG VALUES(1763,0.5678536701773289E0,'2026-03-22 00:10:07.199000','2026-03-22 00:10:10.799000',2314)
COMMIT
INSERT INTO AGENT_MOVEMENT_RAW_LOG VALUES(1799,0.20701528522859725E0,'2026-03-22 00:10:07.499000','2026-03-22 00:10:11.099000',2315)
COMMIT
INSERT INTO AGENT_MOVEMENT_RAW_LOG VALUES(1777,0.5921393403138222E0,'2026-03-22 00:10:07.799000','2026-03-22 00:10:11.399000',2316)
COMMIT
INSERT INTO AGENT_MOVEMENT_RAW_LOG VALUES(1805,0.5387201263284485E0,'2026-03-22 00:10:03.680000','2026-03-22 00:10:11.699000',2317)
COMMIT
INSERT INTO FLOWCHART_ENTRIES_RAW_LOG VALUES(47,1805,NULL,'2026-03-22 00:10:11.699000')
COMMIT
INSERT INTO DESTROYED_AGENTS_RAW_LOG VALUES(1805,'2026-03-22 00:10:11.699000',23)
COMMIT
INSERT INTO AGENT_MOVEMENT_RAW_LOG VALUES(1758,0.20151511138730838E0,'2026-03-22 00:10:08.399000','2026-03-22 00:10:11.999000',2318)
COMMIT
INSERT INTO AGENT_MOVEMENT_RAW_LOG VALUES(1782,0.10305227195417135E0,'2026-03-22 00:10:08.399000','2026-03-22 00:10:11.999000',2319)
COMMIT
INSERT INTO AGENT_MOVEMENT_RAW_LOG VALUES(1762,0.7716404055370568E0,'2026-03-22 00:10:08.699000','2026-03-22 00:10:12.299000',2320)
COMMIT
INSERT INTO AGENT_MOVEMENT_RAW_LOG VALUES(1764,0.4063719760935147E0,'2026-03-22 00:10:08.699000','2026-03-22 00:10:12.299000',2321)
COMMIT
INSERT INTO AGENT_MOVEMENT_RAW_LOG VALUES(1783,0.3750980743504837E0,'2026-03-22 00:10:08.699000','2026-03-22 00:10:12.299000',2322)
COMMIT
INSERT INTO AGENT_MOVEMENT_RAW_LOG VALUES(1766,0.4826966766882042E0,'2026-03-22 00:10:08.999000','2026-03-22 00:10:12.599000',2323)
COMMIT
INSERT INTO AGENT_MOVEMENT_RAW_LOG VALUES(1759,0.5399837186936478E0,'2026-03-22 00:10:09.299000','2026-03-22 00:10:12.899000',2324)
COMMIT
INSERT INTO AGENT_MOVEMENT_RAW_LOG VALUES(1760,0.3800355062427914E0,'2026-03-22 00:10:09.299000','2026-03-22 00:10:12.899000',2325)
COMMIT
INSERT INTO AGENT_MOVEMENT_RAW_LOG VALUES(1765,0.5277918482930962E0,'2026-03-22 00:10:09.299000','2026-03-22 00:10:12.899000',2326)
COMMIT
INSERT INTO AGENT_MOVEMENT_RAW_LOG VALUES(1768,0.44905331994833536E0,'2026-03-22 00:10:09.299000','2026-03-22 00:10:12.899000',2327)
COMMIT
INSERT INTO AGENT_MOVEMENT_RAW_LOG VALUES(1781,0.7300439501858452E0,'2026-03-22 00:10:09.299000','2026-03-22 00:10:12.899000',2328)
COMMIT
INSERT INTO AGENT_MOVEMENT_RAW_LOG VALUES(1806,0.8276070251254467E0,'2026-03-22 00:10:08.474000','2026-03-22 00:10:12.899000',2329)
COMMIT
INSERT INTO AGENT_MOVEMENT_RAW_LOG VALUES(1776,0.6622563696050338E0,'2026-03-22 00:10:09.599000','2026-03-22 00:10:13.199000',2330)
COMMIT
INSERT INTO AGENT_MOVEMENT_RAW_LOG VALUES(1779,0.46964513161651594E0,'2026-03-22 00:10:09.599000','2026-03-22 00:10:13.199000',2331)
COMMIT
INSERT INTO AGENT_MOVEMENT_RAW_LOG VALUES(1798,0.372282896110997E0,'2026-03-22 00:10:09.599000','2026-03-22 00:10:13.199000',2332)
COMMIT
INSERT INTO AGENT_MOVEMENT_RAW_LOG VALUES(1767,0.4825010652528351E0,'2026-03-22 00:10:09.899000','2026-03-22 00:10:13.499000',2333)
COMMIT
INSERT INTO AGENT_MOVEMENT_RAW_LOG VALUES(1769,0.6727440027680547E0,'2026-03-22 00:10:09.899000','2026-03-22 00:10:13.499000',2334)
COMMIT
INSERT INTO AGENT_MOVEMENT_RAW_LOG VALUES(1778,0.6526093234386457E0,'2026-03-22 00:10:09.899000','2026-03-22 00:10:13.499000',2335)
COMMIT
INSERT INTO AGENT_MOVEMENT_RAW_LOG VALUES(1780,0.26311682505417455E0,'2026-03-22 00:10:09.899000','2026-03-22 00:10:13.499000',2336)
COMMIT
INSERT INTO AGENT_MOVEMENT_RAW_LOG VALUES(1761,0.3238171379553407E0,'2026-03-22 00:10:10.499000','2026-03-22 00:10:14.099000',2337)
COMMIT
INSERT INTO AGENT_MOVEMENT_RAW_LOG VALUES(1763,0.5683360559674249E0,'2026-03-22 00:10:10.799000','2026-03-22 00:10:14.399000',2338)
COMMIT
INSERT INTO AGENT_MOVEMENT_RAW_LOG VALUES(1807,0.9034712134839584E0,'2026-03-22 00:10:09.886000','2026-03-22 00:10:14.399000',2339)
COMMIT
INSERT INTO AGENT_MOVEMENT_RAW_LOG VALUES(1812,0.6068159998027383E0,'2026-03-22 00:10:03.416000','2026-03-22 00:10:14.591000',2340)
COMMIT
INSERT INTO AGENT_MOVEMENT_RAW_LOG VALUES(1814,0.5185563125808826E0,'2026-03-22 00:10:03.416000','2026-03-22 00:10:14.591000',2341)
COMMIT
INSERT INTO AGENT_MOVEMENT_RAW_LOG VALUES(1799,0.21195970528810631E0,'2026-03-22 00:10:11.099000','2026-03-22 00:10:14.699000',2342)
COMMIT
INSERT INTO AGENT_MOVEMENT_RAW_LOG VALUES(1777,0.5911202651209833E0,'2026-03-22 00:10:11.399000','2026-03-22 00:10:14.999000',2343)
COMMIT
INSERT INTO AGENT_MOVEMENT_RAW_LOG VALUES(1758,0.2034545316181238E0,'2026-03-22 00:10:11.999000','2026-03-22 00:10:15.599000',2344)
COMMIT
INSERT INTO AGENT_MOVEMENT_RAW_LOG VALUES(1782,0.11340717417060238E0,'2026-03-22 00:10:11.999000','2026-03-22 00:10:15.599000',2345)
COMMIT
INSERT INTO AGENT_MOVEMENT_RAW_LOG VALUES(1762,0.7733951786252382E0,'2026-03-22 00:10:12.299000','2026-03-22 00:10:15.899000',2346)
COMMIT
INSERT INTO AGENT_MOVEMENT_RAW_LOG VALUES(1764,0.4040641203406367E0,'2026-03-22 00:10:12.299000','2026-03-22 00:10:15.899000',2347)
COMMIT
INSERT INTO AGENT_MOVEMENT_RAW_LOG VALUES(1783,0.40014404686012506E0,'2026-03-22 00:10:12.299000','2026-03-22 00:10:15.899000',2348)
COMMIT
INSERT INTO AGENT_MOVEMENT_RAW_LOG VALUES(1766,0.47861164694608826E0,'2026-03-22 00:10:12.599000','2026-03-22 00:10:16.199000',2349)
COMMIT
INSERT INTO AGENT_MOVEMENT_RAW_LOG VALUES(1759,0.5284393743940449E0,'2026-03-22 00:10:12.899000','2026-03-22 00:10:16.499000',2350)
COMMIT
INSERT INTO AGENT_MOVEMENT_RAW_LOG VALUES(1760,0.38350093217713577E0,'2026-03-22 00:10:12.899000','2026-03-22 00:10:16.499000',2351)
COMMIT
INSERT INTO AGENT_MOVEMENT_RAW_LOG VALUES(1765,0.5296837899311367E0,'2026-03-22 00:10:12.899000','2026-03-22 00:10:16.499000',2352)
COMMIT
INSERT INTO AGENT_MOVEMENT_RAW_LOG VALUES(1768,0.4491231231184706E0,'2026-03-22 00:10:12.899000','2026-03-22 00:10:16.499000',2353)
COMMIT
INSERT INTO AGENT_MOVEMENT_RAW_LOG VALUES(1781,0.7317558469870576E0,'2026-03-22 00:10:12.899000','2026-03-22 00:10:16.499000',2354)
COMMIT
INSERT INTO AGENT_MOVEMENT_RAW_LOG VALUES(1776,0.6613907871025152E0,'2026-03-22 00:10:13.199000','2026-03-22 00:10:16.799000',2355)
COMMIT
INSERT INTO AGENT_MOVEMENT_RAW_LOG VALUES(1779,0.48620773461628064E0,'2026-03-22 00:10:13.199000','2026-03-22 00:10:16.799000',2356)
COMMIT
INSERT INTO AGENT_MOVEMENT_RAW_LOG VALUES(1798,0.4012091860526489E0,'2026-03-22 00:10:13.199000','2026-03-22 00:10:16.799000',2357)
COMMIT
INSERT INTO AGENT_MOVEMENT_RAW_LOG VALUES(1767,0.48685172855661574E0,'2026-03-22 00:10:13.499000','2026-03-22 00:10:17.099000',2358)
COMMIT
INSERT INTO AGENT_MOVEMENT_RAW_LOG VALUES(1769,0.6540569794694749E0,'2026-03-22 00:10:13.499000','2026-03-22 00:10:17.099000',2359)
COMMIT
INSERT INTO AGENT_MOVEMENT_RAW_LOG VALUES(1778,0.6536384056854214E0,'2026-03-22 00:10:13.499000','2026-03-22 00:10:17.099000',2360)
COMMIT
INSERT INTO AGENT_MOVEMENT_RAW_LOG VALUES(1780,0.2870830882848168E0,'2026-03-22 00:10:13.499000','2026-03-22 00:10:17.099000',2361)
COMMIT
INSERT INTO AGENT_MOVEMENT_RAW_LOG VALUES(1761,0.3212629235490901E0,'2026-03-22 00:10:14.099000','2026-03-22 00:10:17.699000',2362)
COMMIT
INSERT INTO AGENT_MOVEMENT_RAW_LOG VALUES(1763,0.5685919539997052E0,'2026-03-22 00:10:14.399000','2026-03-22 00:10:17.999000',2363)
COMMIT
INSERT INTO AGENT_MOVEMENT_RAW_LOG VALUES(1799,0.20945930116004682E0,'2026-03-22 00:10:14.699000','2026-03-22 00:10:18.299000',2364)
COMMIT
INSERT INTO AGENT_MOVEMENT_RAW_LOG VALUES(1809,0.4316970575540591E0,'2026-03-22 00:10:08.474000','2026-03-22 00:10:18.299000',2365)
COMMIT
INSERT INTO FLOWCHART_ENTRIES_RAW_LOG VALUES(48,1809,NULL,'2026-03-22 00:10:18.299000')
COMMIT
INSERT INTO DESTROYED_AGENTS_RAW_LOG VALUES(1809,'2026-03-22 00:10:18.299000',24)
COMMIT
INSERT INTO AGENT_MOVEMENT_RAW_LOG VALUES(1777,0.5920763641666249E0,'2026-03-22 00:10:14.999000','2026-03-22 00:10:18.599000',2366)
COMMIT
INSERT INTO AGENT_MOVEMENT_RAW_LOG VALUES(1758,0.20539419061266753E0,'2026-03-22 00:10:15.599000','2026-03-22 00:10:19.199000',2367)
COMMIT
INSERT INTO AGENT_MOVEMENT_RAW_LOG VALUES(1782,0.10737242901971375E0,'2026-03-22 00:10:15.599000','2026-03-22 00:10:19.199000',2368)
COMMIT
INSERT INTO AGENT_MOVEMENT_RAW_LOG VALUES(1762,0.7761110225428235E0,'2026-03-22 00:10:15.899000','2026-03-22 00:10:19.499000',2369)
COMMIT
INSERT INTO AGENT_MOVEMENT_RAW_LOG VALUES(1764,0.4415696623235274E0,'2026-03-22 00:10:15.899000','2026-03-22 00:10:19.499000',2370)
COMMIT
INSERT INTO AGENT_MOVEMENT_RAW_LOG VALUES(1783,0.397769866156649E0,'2026-03-22 00:10:15.899000','2026-03-22 00:10:19.499000',2371)
COMMIT
INSERT INTO AGENT_MOVEMENT_RAW_LOG VALUES(1766,0.475085923923956E0,'2026-03-22 00:10:16.199000','2026-03-22 00:10:19.799000',2372)
COMMIT
INSERT INTO AGENT_MOVEMENT_RAW_LOG VALUES(1759,0.5197587789039948E0,'2026-03-22 00:10:16.499000','2026-03-22 00:10:20.099000',2373)
COMMIT
INSERT INTO AGENT_MOVEMENT_RAW_LOG VALUES(1760,0.3847963227947853E0,'2026-03-22 00:10:16.499000','2026-03-22 00:10:20.099000',2374)
COMMIT
INSERT INTO AGENT_MOVEMENT_RAW_LOG VALUES(1765,0.5341302727090036E0,'2026-03-22 00:10:16.499000','2026-03-22 00:10:20.099000',2375)
COMMIT
INSERT INTO AGENT_MOVEMENT_RAW_LOG VALUES(1768,0.452432413046703E0,'2026-03-22 00:10:16.499000','2026-03-22 00:10:20.099000',2376)
COMMIT
INSERT INTO AGENT_MOVEMENT_RAW_LOG VALUES(1781,0.7309538167850193E0,'2026-03-22 00:10:16.499000','2026-03-22 00:10:20.099000',2377)
COMMIT
INSERT INTO AGENT_MOVEMENT_RAW_LOG VALUES(1776,0.6503132752768175E0,'2026-03-22 00:10:16.799000','2026-03-22 00:10:20.399000',2378)
COMMIT
INSERT INTO AGENT_MOVEMENT_RAW_LOG VALUES(1779,0.48037475354879255E0,'2026-03-22 00:10:16.799000','2026-03-22 00:10:20.399000',2379)
COMMIT
INSERT INTO AGENT_MOVEMENT_RAW_LOG VALUES(1798,0.3835509406083628E0,'2026-03-22 00:10:16.799000','2026-03-22 00:10:20.399000',2380)
COMMIT
INSERT INTO AGENT_MOVEMENT_RAW_LOG VALUES(1767,0.4928632670632343E0,'2026-03-22 00:10:17.099000','2026-03-22 00:10:20.699000',2381)
COMMIT
INSERT INTO AGENT_MOVEMENT_RAW_LOG VALUES(1769,0.6471198446176977E0,'2026-03-22 00:10:17.099000','2026-03-22 00:10:20.699000',2382)
COMMIT
INSERT INTO AGENT_MOVEMENT_RAW_LOG VALUES(1778,0.6527536018603732E0,'2026-03-22 00:10:17.099000','2026-03-22 00:10:20.699000',2383)
COMMIT
INSERT INTO AGENT_MOVEMENT_RAW_LOG VALUES(1780,0.2796754270389406E0,'2026-03-22 00:10:17.099000','2026-03-22 00:10:20.699000',2384)
COMMIT
INSERT INTO AGENT_MOVEMENT_RAW_LOG VALUES(1804,0.5995011026871238E0,'2026-03-22 00:10:14.591000','2026-03-22 00:10:20.699000',2385)
COMMIT
INSERT INTO AGENT_MOVEMENT_RAW_LOG VALUES(1761,0.3188705336520387E0,'2026-03-22 00:10:17.699000','2026-03-22 00:10:21.299000',2386)
COMMIT
INSERT INTO AGENT_MOVEMENT_RAW_LOG VALUES(1763,0.5669333638900289E0,'2026-03-22 00:10:17.999000','2026-03-22 00:10:21.599000',2387)
COMMIT
INSERT INTO AGENT_MOVEMENT_RAW_LOG VALUES(1799,0.21008867608950005E0,'2026-03-22 00:10:18.299000','2026-03-22 00:10:21.899000',2388)
COMMIT
INSERT INTO AGENT_MOVEMENT_RAW_LOG VALUES(1777,0.5886680443855168E0,'2026-03-22 00:10:18.599000','2026-03-22 00:10:22.199000',2389)
COMMIT
INSERT INTO AGENT_MOVEMENT_RAW_LOG VALUES(1808,0.3434222359808146E0,'2026-03-22 00:10:09.886000','2026-03-22 00:10:22.499000',2390)
COMMIT
INSERT INTO FLOWCHART_ENTRIES_RAW_LOG VALUES(49,1808,NULL,'2026-03-22 00:10:22.499000')
COMMIT
INSERT INTO DESTROYED_AGENTS_RAW_LOG VALUES(1808,'2026-03-22 00:10:22.499000',25)
COMMIT
INSERT INTO AGENT_MOVEMENT_RAW_LOG VALUES(1758,0.2073340734544851E0,'2026-03-22 00:10:19.199000','2026-03-22 00:10:22.799000',2391)
COMMIT
INSERT INTO AGENT_MOVEMENT_RAW_LOG VALUES(1782,0.1190230098881653E0,'2026-03-22 00:10:19.199000','2026-03-22 00:10:22.799000',2392)
COMMIT
INSERT INTO AGENT_MOVEMENT_RAW_LOG VALUES(1762,0.7792543710269407E0,'2026-03-22 00:10:19.499000','2026-03-22 00:10:23.099000',2393)
COMMIT
INSERT INTO AGENT_MOVEMENT_RAW_LOG VALUES(1764,0.4372802584294085E0,'2026-03-22 00:10:19.499000','2026-03-22 00:10:23.099000',2394)
COMMIT
INSERT INTO AGENT_MOVEMENT_RAW_LOG VALUES(1783,0.40108740233830725E0,'2026-03-22 00:10:19.499000','2026-03-22 00:10:23.099000',2395)
COMMIT
INSERT INTO AGENT_MOVEMENT_RAW_LOG VALUES(1766,0.4722021154170307E0,'2026-03-22 00:10:19.799000','2026-03-22 00:10:23.399000',2396)
COMMIT
INSERT INTO AGENT_MOVEMENT_RAW_LOG VALUES(1759,0.520882703582398E0,'2026-03-22 00:10:20.099000','2026-03-22 00:10:23.699000',2397)
COMMIT
INSERT INTO AGENT_MOVEMENT_RAW_LOG VALUES(1760,0.3831039635229633E0,'2026-03-22 00:10:20.099000','2026-03-22 00:10:23.699000',2398)
COMMIT
INSERT INTO AGENT_MOVEMENT_RAW_LOG VALUES(1765,0.5396708646681584E0,'2026-03-22 00:10:20.099000','2026-03-22 00:10:23.699000',2399)
COMMIT
INSERT INTO AGENT_MOVEMENT_RAW_LOG VALUES(1768,0.45442001650035024E0,'2026-03-22 00:10:20.099000','2026-03-22 00:10:23.699000',2400)
COMMIT
INSERT INTO AGENT_MOVEMENT_RAW_LOG VALUES(1781,0.7265338406554532E0,'2026-03-22 00:10:20.099000','2026-03-22 00:10:23.699000',2401)
COMMIT
INSERT INTO AGENT_MOVEMENT_RAW_LOG VALUES(1776,0.6517936159629247E0,'2026-03-22 00:10:20.399000','2026-03-22 00:10:23.999000',2402)
COMMIT
INSERT INTO AGENT_MOVEMENT_RAW_LOG VALUES(1779,0.4513327133134683E0,'2026-03-22 00:10:20.399000','2026-03-22 00:10:23.999000',2403)
COMMIT
INSERT INTO AGENT_MOVEMENT_RAW_LOG VALUES(1798,0.3832579235265774E0,'2026-03-22 00:10:20.399000','2026-03-22 00:10:23.999000',2404)
COMMIT
INSERT INTO AGENT_MOVEMENT_RAW_LOG VALUES(1767,0.5184725024440869E0,'2026-03-22 00:10:20.699000','2026-03-22 00:10:24.299000',2405)
COMMIT
INSERT INTO AGENT_MOVEMENT_RAW_LOG VALUES(1769,0.6696001660313243E0,'2026-03-22 00:10:20.699000','2026-03-22 00:10:24.299000',2406)
COMMIT
INSERT INTO AGENT_MOVEMENT_RAW_LOG VALUES(1778,0.6494308429762929E0,'2026-03-22 00:10:20.699000','2026-03-22 00:10:24.299000',2407)
COMMIT
INSERT INTO AGENT_MOVEMENT_RAW_LOG VALUES(1780,0.25967877778720105E0,'2026-03-22 00:10:20.699000','2026-03-22 00:10:24.299000',2408)
COMMIT
INSERT INTO AGENT_MOVEMENT_RAW_LOG VALUES(1814,0.3957399271629271E0,'2026-03-22 00:10:14.591000','2026-03-22 00:10:24.299000',2409)
COMMIT
INSERT INTO AGENT_MOVEMENT_RAW_LOG VALUES(1812,0.592954173774699E0,'2026-03-22 00:10:14.591000','2026-03-22 00:10:24.299000',2410)
COMMIT
INSERT INTO AGENT_MOVEMENT_RAW_LOG VALUES(1761,0.31667101373946255E0,'2026-03-22 00:10:21.299000','2026-03-22 00:10:24.899000',2411)
COMMIT
INSERT INTO AGENT_MOVEMENT_RAW_LOG VALUES(1806,0.42158268437526386E0,'2026-03-22 00:10:14.591000','2026-03-22 00:10:24.899000',2412)
COMMIT
INSERT INTO FLOWCHART_ENTRIES_RAW_LOG VALUES(50,1806,NULL,'2026-03-22 00:10:24.899000')
COMMIT
INSERT INTO DESTROYED_AGENTS_RAW_LOG VALUES(1806,'2026-03-22 00:10:24.899000',26)
COMMIT
INSERT INTO AGENT_MOVEMENT_RAW_LOG VALUES(1763,0.565904605378554E0,'2026-03-22 00:10:21.599000','2026-03-22 00:10:25.199000',2413)
COMMIT
INSERT INTO AGENT_MOVEMENT_RAW_LOG VALUES(1799,0.18559338781797077E0,'2026-03-22 00:10:21.899000','2026-03-22 00:10:25.499000',2414)
COMMIT
INSERT INTO AGENT_MOVEMENT_RAW_LOG VALUES(1777,0.5992642408825815E0,'2026-03-22 00:10:22.199000','2026-03-22 00:10:25.799000',2415)
COMMIT
INSERT INTO AGENT_MOVEMENT_RAW_LOG VALUES(1812,0.39521809819789766E0,'2026-03-22 00:10:24.299000','2026-03-22 00:10:25.799000',2416)
COMMIT
INSERT INTO AGENT_MOVEMENT_RAW_LOG VALUES(1758,0.20927416601829968E0,'2026-03-22 00:10:22.799000','2026-03-22 00:10:26.399000',2417)
COMMIT
INSERT INTO AGENT_MOVEMENT_RAW_LOG VALUES(1782,0.1197369284498131E0,'2026-03-22 00:10:22.799000','2026-03-22 00:10:26.399000',2418)
COMMIT
INSERT INTO AGENT_MOVEMENT_RAW_LOG VALUES(1762,0.7827459204492753E0,'2026-03-22 00:10:23.099000','2026-03-22 00:10:26.699000',2419)
COMMIT
INSERT INTO AGENT_MOVEMENT_RAW_LOG VALUES(1764,0.40697682282458325E0,'2026-03-22 00:10:23.099000','2026-03-22 00:10:26.699000',2420)
COMMIT
INSERT INTO AGENT_MOVEMENT_RAW_LOG VALUES(1783,0.4129352321640931E0,'2026-03-22 00:10:23.099000','2026-03-22 00:10:26.699000',2421)
COMMIT
INSERT INTO AGENT_MOVEMENT_RAW_LOG VALUES(1766,0.4699496570169482E0,'2026-03-22 00:10:23.399000','2026-03-22 00:10:26.999000',2422)
COMMIT
INSERT INTO AGENT_MOVEMENT_RAW_LOG VALUES(1811,0.47820406029183415E0,'2026-03-22 00:10:03.680000','2026-03-22 00:10:26.999000',2423)
COMMIT
INSERT INTO AGENT_MOVEMENT_RAW_LOG VALUES(1813,0.4687704436804449E0,'2026-03-22 00:10:03.680000','2026-03-22 00:10:26.999000',2424)
COMMIT
INSERT INTO AGENT_MOVEMENT_RAW_LOG VALUES(1815,0.43140430060951745E0,'2026-03-22 00:10:03.680000','2026-03-22 00:10:26.999000',2425)
COMMIT
INSERT INTO AGENT_MOVEMENT_RAW_LOG VALUES(1759,0.5303537799279786E0,'2026-03-22 00:10:23.699000','2026-03-22 00:10:27.299000',2426)
COMMIT
INSERT INTO AGENT_MOVEMENT_RAW_LOG VALUES(1760,0.3784694028032314E0,'2026-03-22 00:10:23.699000','2026-03-22 00:10:27.299000',2427)
COMMIT
INSERT INTO AGENT_MOVEMENT_RAW_LOG VALUES(1765,0.5457938466894373E0,'2026-03-22 00:10:23.699000','2026-03-22 00:10:27.299000',2428)
COMMIT
INSERT INTO AGENT_MOVEMENT_RAW_LOG VALUES(1768,0.4520316724323349E0,'2026-03-22 00:10:23.699000','2026-03-22 00:10:27.299000',2429)
COMMIT
INSERT INTO AGENT_MOVEMENT_RAW_LOG VALUES(1781,0.7502944876751642E0,'2026-03-22 00:10:23.699000','2026-03-22 00:10:27.299000',2430)
COMMIT
INSERT INTO AGENT_MOVEMENT_RAW_LOG VALUES(1807,0.3542358474003544E0,'2026-03-22 00:10:15.035000','2026-03-22 00:10:27.299000',2431)
COMMIT
INSERT INTO FLOWCHART_ENTRIES_RAW_LOG VALUES(51,1807,NULL,'2026-03-22 00:10:27.299000')
COMMIT
INSERT INTO DESTROYED_AGENTS_RAW_LOG VALUES(1807,'2026-03-22 00:10:27.299000',27)
COMMIT
INSERT INTO AGENT_MOVEMENT_RAW_LOG VALUES(1776,0.6461517928924344E0,'2026-03-22 00:10:23.999000','2026-03-22 00:10:27.599000',2432)
COMMIT
INSERT INTO AGENT_MOVEMENT_RAW_LOG VALUES(1779,0.42106382266690806E0,'2026-03-22 00:10:23.999000','2026-03-22 00:10:27.599000',2433)
COMMIT
INSERT INTO AGENT_MOVEMENT_RAW_LOG VALUES(1798,0.3874818332529172E0,'2026-03-22 00:10:23.999000','2026-03-22 00:10:27.599000',2434)
COMMIT
INSERT INTO AGENT_MOVEMENT_RAW_LOG VALUES(1767,0.5181255277869012E0,'2026-03-22 00:10:24.299000','2026-03-22 00:10:27.899000',2435)
COMMIT
INSERT INTO AGENT_MOVEMENT_RAW_LOG VALUES(1769,0.6934794776015616E0,'2026-03-22 00:10:24.299000','2026-03-22 00:10:27.899000',2436)
COMMIT
INSERT INTO AGENT_MOVEMENT_RAW_LOG VALUES(1778,0.6467109093228407E0,'2026-03-22 00:10:24.299000','2026-03-22 00:10:27.899000',2437)
COMMIT
INSERT INTO AGENT_MOVEMENT_RAW_LOG VALUES(1780,0.25758788449065034E0,'2026-03-22 00:10:24.299000','2026-03-22 00:10:27.899000',2438)
COMMIT
INSERT INTO AGENT_MOVEMENT_RAW_LOG VALUES(1761,0.3147193650048252E0,'2026-03-22 00:10:24.899000','2026-03-22 00:10:28.499000',2439)
COMMIT
INSERT INTO AGENT_MOVEMENT_RAW_LOG VALUES(1804,0.6888732103267884E0,'2026-03-22 00:10:22.173000','2026-03-22 00:10:28.499000',2440)
COMMIT
INSERT INTO FLOWCHART_ENTRIES_RAW_LOG VALUES(52,1804,NULL,'2026-03-22 00:10:28.499000')
COMMIT
INSERT INTO DESTROYED_AGENTS_RAW_LOG VALUES(1804,'2026-03-22 00:10:28.499000',28)
COMMIT
INSERT INTO AGENT_MOVEMENT_RAW_LOG VALUES(1763,0.5645444705734638E0,'2026-03-22 00:10:25.199000','2026-03-22 00:10:28.799000',2441)
COMMIT
INSERT INTO AGENT_MOVEMENT_RAW_LOG VALUES(1799,0.21163809975966286E0,'2026-03-22 00:10:25.499000','2026-03-22 00:10:29.099000',2442)
COMMIT
INSERT INTO AGENT_MOVEMENT_RAW_LOG VALUES(1777,0.613486107014619E0,'2026-03-22 00:10:25.799000','2026-03-22 00:10:29.399000',2443)
COMMIT
INSERT INTO AGENT_MOVEMENT_RAW_LOG VALUES(1814,0.8147657704321012E0,'2026-03-22 00:10:24.299000','2026-03-22 00:10:29.399000',2444)
COMMIT
INSERT INTO AGENT_MOVEMENT_RAW_LOG VALUES(1813,0.35680624700495395E0,'2026-03-22 00:10:26.999000','2026-03-22 00:10:29.699000',2445)
COMMIT
INSERT INTO AGENT_MOVEMENT_RAW_LOG VALUES(1815,0.43601382929924104E0,'2026-03-22 00:10:26.999000','2026-03-22 00:10:29.699000',2446)
COMMIT
INSERT INTO AGENT_MOVEMENT_RAW_LOG VALUES(1758,0.21121445470377279E0,'2026-03-22 00:10:26.399000','2026-03-22 00:10:29.999000',2447)
COMMIT
INSERT INTO AGENT_MOVEMENT_RAW_LOG VALUES(1782,0.12206519724628936E0,'2026-03-22 00:10:26.399000','2026-03-22 00:10:29.999000',2448)
COMMIT
INSERT INTO AGENT_MOVEMENT_RAW_LOG VALUES(1762,0.786094569089973E0,'2026-03-22 00:10:26.699000','2026-03-22 00:10:30.299000',2449)
COMMIT
INSERT INTO AGENT_MOVEMENT_RAW_LOG VALUES(1764,0.4616734653761225E0,'2026-03-22 00:10:26.699000','2026-03-22 00:10:30.299000',2450)
COMMIT
INSERT INTO AGENT_MOVEMENT_RAW_LOG VALUES(1783,0.3835400002174656E0,'2026-03-22 00:10:26.699000','2026-03-22 00:10:30.299000',2451)
COMMIT
INSERT INTO AGENT_MOVEMENT_RAW_LOG VALUES(1815,0.2618122669244878E0,'2026-03-22 00:10:29.699000','2026-03-22 00:10:30.299000',2452)
COMMIT
INSERT INTO AGENT_MOVEMENT_RAW_LOG VALUES(1766,0.4684266097603706E0,'2026-03-22 00:10:26.999000','2026-03-22 00:10:30.599000',2453)
COMMIT
INSERT INTO AGENT_MOVEMENT_RAW_LOG VALUES(1759,0.5401612190045652E0,'2026-03-22 00:10:27.299000','2026-03-22 00:10:30.899000',2454)
COMMIT
INSERT INTO AGENT_MOVEMENT_RAW_LOG VALUES(1760,0.3783402110630529E0,'2026-03-22 00:10:27.299000','2026-03-22 00:10:30.899000',2455)
COMMIT
INSERT INTO AGENT_MOVEMENT_RAW_LOG VALUES(1765,0.5517381439138611E0,'2026-03-22 00:10:27.299000','2026-03-22 00:10:30.899000',2456)
COMMIT
INSERT INTO AGENT_MOVEMENT_RAW_LOG VALUES(1768,0.44639717830147196E0,'2026-03-22 00:10:27.299000','2026-03-22 00:10:30.899000',2457)
COMMIT
INSERT INTO AGENT_MOVEMENT_RAW_LOG VALUES(1781,0.7327689573824164E0,'2026-03-22 00:10:27.299000','2026-03-22 00:10:30.899000',2458)
COMMIT
INSERT INTO AGENT_MOVEMENT_RAW_LOG VALUES(1776,0.6436347800259318E0,'2026-03-22 00:10:27.599000','2026-03-22 00:10:31.199000',2459)
COMMIT
INSERT INTO AGENT_MOVEMENT_RAW_LOG VALUES(1798,0.37851392676686113E0,'2026-03-22 00:10:27.599000','2026-03-22 00:10:31.199000',2460)
COMMIT
INSERT INTO AGENT_MOVEMENT_RAW_LOG VALUES(1767,0.5078630329103698E0,'2026-03-22 00:10:27.899000','2026-03-22 00:10:31.499000',2461)
COMMIT
INSERT INTO AGENT_MOVEMENT_RAW_LOG VALUES(1769,0.6978171589680815E0,'2026-03-22 00:10:27.899000','2026-03-22 00:10:31.499000',2462)
COMMIT
INSERT INTO AGENT_MOVEMENT_RAW_LOG VALUES(1778,0.6494922719008314E0,'2026-03-22 00:10:27.899000','2026-03-22 00:10:31.499000',2463)
COMMIT
INSERT INTO AGENT_MOVEMENT_RAW_LOG VALUES(1779,0.6913228530890312E0,'2026-03-22 00:10:27.599000','2026-03-22 00:10:31.499000',2464)
COMMIT
INSERT INTO AGENT_MOVEMENT_RAW_LOG VALUES(1780,0.2565548746103746E0,'2026-03-22 00:10:27.899000','2026-03-22 00:10:31.499000',2465)
COMMIT
INSERT INTO AGENT_MOVEMENT_RAW_LOG VALUES(1761,0.31311681865895846E0,'2026-03-22 00:10:28.499000','2026-03-22 00:10:32.099000',2466)
COMMIT
INSERT INTO AGENT_MOVEMENT_RAW_LOG VALUES(1763,0.5638484196851484E0,'2026-03-22 00:10:28.799000','2026-03-22 00:10:32.399000',2467)
COMMIT
INSERT INTO AGENT_MOVEMENT_RAW_LOG VALUES(1799,0.21217563641467047E0,'2026-03-22 00:10:29.099000','2026-03-22 00:10:32.699000',2468)
COMMIT
INSERT INTO AGENT_MOVEMENT_RAW_LOG VALUES(1777,0.6133341976762104E0,'2026-03-22 00:10:29.399000','2026-03-22 00:10:32.999000',2469)
COMMIT
INSERT INTO AGENT_MOVEMENT_RAW_LOG VALUES(1758,0.2131549256193541E0,'2026-03-22 00:10:29.999000','2026-03-22 00:10:33.599000',2470)
COMMIT
INSERT INTO AGENT_MOVEMENT_RAW_LOG VALUES(1782,0.11938445324068431E0,'2026-03-22 00:10:29.999000','2026-03-22 00:10:33.599000',2471)
COMMIT
INSERT INTO AGENTS_RAW_LOG VALUES(1816,19,'<population>[108]','2026-03-22 00:10:33.837000',256)
COMMIT
DELETE FROM AGENTS_RAW_LOG WHERE ID=1816
INSERT INTO AGENTS_RAW_LOG VALUES(1816,19,'root.<population>[108]','2026-03-22 00:10:33.837000',256)
COMMIT
INSERT INTO AGENT_MOVEMENT_RAW_LOG VALUES(1762,0.7889741104046314E0,'2026-03-22 00:10:30.299000','2026-03-22 00:10:33.899000',2472)
COMMIT
INSERT INTO AGENT_MOVEMENT_RAW_LOG VALUES(1764,0.4390977412244073E0,'2026-03-22 00:10:30.299000','2026-03-22 00:10:33.899000',2473)
COMMIT
INSERT INTO AGENT_MOVEMENT_RAW_LOG VALUES(1783,0.3770334012304789E0,'2026-03-22 00:10:30.299000','2026-03-22 00:10:33.899000',2474)
COMMIT
INSERT INTO AGENTS_RAW_LOG VALUES(1817,19,'<population>[109]','2026-03-22 00:10:34.091000',257)
COMMIT
DELETE FROM AGENTS_RAW_LOG WHERE ID=1817
INSERT INTO AGENTS_RAW_LOG VALUES(1817,19,'root.<population>[109]','2026-03-22 00:10:34.091000',257)
COMMIT
INSERT INTO AGENT_MOVEMENT_RAW_LOG VALUES(1766,0.4678793798043312E0,'2026-03-22 00:10:30.599000','2026-03-22 00:10:34.199000',2475)
COMMIT
INSERT INTO AGENTS_RAW_LOG VALUES(1818,19,'<population>[110]','2026-03-22 00:10:34.281000',258)
COMMIT
DELETE FROM AGENTS_RAW_LOG WHERE ID=1818
INSERT INTO AGENTS_RAW_LOG VALUES(1818,19,'root.<population>[110]','2026-03-22 00:10:34.281000',258)
COMMIT
INSERT INTO AGENTS_RAW_LOG VALUES(1819,19,'<population>[111]','2026-03-22 00:10:34.397000',259)
COMMIT
DELETE FROM AGENTS_RAW_LOG WHERE ID=1819
INSERT INTO AGENTS_RAW_LOG VALUES(1819,19,'root.<population>[111]','2026-03-22 00:10:34.397000',259)
COMMIT
INSERT INTO AGENT_MOVEMENT_RAW_LOG VALUES(1759,0.5406780289424403E0,'2026-03-22 00:10:30.899000','2026-03-22 00:10:34.499000',2476)
COMMIT
INSERT INTO AGENT_MOVEMENT_RAW_LOG VALUES(1760,0.3781665652435173E0,'2026-03-22 00:10:30.899000','2026-03-22 00:10:34.499000',2477)
COMMIT
INSERT INTO AGENT_MOVEMENT_RAW_LOG VALUES(1765,0.5570504518609202E0,'2026-03-22 00:10:30.899000','2026-03-22 00:10:34.499000',2478)
COMMIT
INSERT INTO AGENT_MOVEMENT_RAW_LOG VALUES(1768,0.44074217028000184E0,'2026-03-22 00:10:30.899000','2026-03-22 00:10:34.499000',2479)
COMMIT
INSERT INTO AGENT_MOVEMENT_RAW_LOG VALUES(1781,0.7304918699875933E0,'2026-03-22 00:10:30.899000','2026-03-22 00:10:34.499000',2480)
COMMIT
INSERT INTO AGENT_MOVEMENT_RAW_LOG VALUES(1800,0.5676994000012884E0,'2026-03-22 00:09:55.200000','2026-03-22 00:10:34.499000',2481)
COMMIT
INSERT INTO AGENTS_RAW_LOG VALUES(1820,19,'<population>[112]','2026-03-22 00:10:34.759000',260)
COMMIT
DELETE FROM AGENTS_RAW_LOG WHERE ID=1820
INSERT INTO AGENTS_RAW_LOG VALUES(1820,19,'root.<population>[112]','2026-03-22 00:10:34.759000',260)
COMMIT
INSERT INTO AGENT_MOVEMENT_RAW_LOG VALUES(1776,0.6554205207798189E0,'2026-03-22 00:10:31.199000','2026-03-22 00:10:34.799000',2482)
COMMIT
INSERT INTO AGENT_MOVEMENT_RAW_LOG VALUES(1798,0.3922070596163306E0,'2026-03-22 00:10:31.199000','2026-03-22 00:10:34.799000',2483)
COMMIT
INSERT INTO AGENTS_RAW_LOG VALUES(1821,19,'<population>[113]','2026-03-22 00:10:34.850000',261)
COMMIT
DELETE FROM AGENTS_RAW_LOG WHERE ID=1821
INSERT INTO AGENTS_RAW_LOG VALUES(1821,19,'root.<population>[113]','2026-03-22 00:10:34.850000',261)
COMMIT
INSERT INTO AGENTS_RAW_LOG VALUES(1822,19,'<population>[114]','2026-03-22 00:10:35.080000',262)
COMMIT
DELETE FROM AGENTS_RAW_LOG WHERE ID=1822
INSERT INTO AGENTS_RAW_LOG VALUES(1822,19,'root.<population>[114]','2026-03-22 00:10:35.080000',262)
COMMIT
INSERT INTO AGENT_MOVEMENT_RAW_LOG VALUES(1767,0.5115922816185418E0,'2026-03-22 00:10:31.499000','2026-03-22 00:10:35.099000',2484)
COMMIT
INSERT INTO AGENT_MOVEMENT_RAW_LOG VALUES(1769,0.691941719047381E0,'2026-03-22 00:10:31.499000','2026-03-22 00:10:35.099000',2485)
COMMIT
INSERT INTO AGENT_MOVEMENT_RAW_LOG VALUES(1778,0.6518593798717524E0,'2026-03-22 00:10:31.499000','2026-03-22 00:10:35.099000',2486)
COMMIT
INSERT INTO AGENT_MOVEMENT_RAW_LOG VALUES(1779,0.4799444931083782E0,'2026-03-22 00:10:31.499000','2026-03-22 00:10:35.099000',2487)
COMMIT
INSERT INTO AGENT_MOVEMENT_RAW_LOG VALUES(1780,0.2618247381244736E0,'2026-03-22 00:10:31.499000','2026-03-22 00:10:35.099000',2488)
COMMIT
INSERT INTO AGENTS_RAW_LOG VALUES(1823,19,'<population>[115]','2026-03-22 00:10:35.198000',263)
COMMIT
DELETE FROM AGENTS_RAW_LOG WHERE ID=1823
INSERT INTO AGENTS_RAW_LOG VALUES(1823,19,'root.<population>[115]','2026-03-22 00:10:35.198000',263)
COMMIT
INSERT INTO AGENTS_RAW_LOG VALUES(1824,19,'<population>[116]','2026-03-22 00:10:35.363000',264)
COMMIT
DELETE FROM AGENTS_RAW_LOG WHERE ID=1824
INSERT INTO AGENTS_RAW_LOG VALUES(1824,19,'root.<population>[116]','2026-03-22 00:10:35.363000',264)
COMMIT
INSERT INTO AGENT_MOVEMENT_RAW_LOG VALUES(1761,0.3120474523654544E0,'2026-03-22 00:10:32.099000','2026-03-22 00:10:35.699000',2489)
COMMIT
INSERT INTO AGENT_MOVEMENT_RAW_LOG VALUES(1801,0.5794720048902526E0,'2026-03-22 00:09:56.700000','2026-03-22 00:10:35.699000',2490)
COMMIT
INSERT INTO AGENT_MOVEMENT_RAW_LOG VALUES(1763,0.5628526735782241E0,'2026-03-22 00:10:32.399000','2026-03-22 00:10:35.999000',2491)
COMMIT
INSERT INTO AGENT_MOVEMENT_RAW_LOG VALUES(1799,0.216154698637496E0,'2026-03-22 00:10:32.699000','2026-03-22 00:10:36.299000',2492)
COMMIT
INSERT INTO AGENT_MOVEMENT_RAW_LOG VALUES(1812,0.7247080630729394E0,'2026-03-22 00:10:30.426000','2026-03-22 00:10:36.299000',2493)
COMMIT
INSERT INTO AGENT_MOVEMENT_RAW_LOG VALUES(1777,0.6064873391924291E0,'2026-03-22 00:10:32.999000','2026-03-22 00:10:36.599000',2494)
COMMIT
INSERT INTO AGENT_MOVEMENT_RAW_LOG VALUES(1758,0.21509556441199698E0,'2026-03-22 00:10:33.599000','2026-03-22 00:10:37.199000',2495)
COMMIT
INSERT INTO AGENT_MOVEMENT_RAW_LOG VALUES(1782,0.11657128119399902E0,'2026-03-22 00:10:33.599000','2026-03-22 00:10:37.199000',2496)
COMMIT
INSERT INTO AGENT_MOVEMENT_RAW_LOG VALUES(1762,0.7907075348441088E0,'2026-03-22 00:10:33.899000','2026-03-22 00:10:37.499000',2497)
COMMIT
INSERT INTO AGENT_MOVEMENT_RAW_LOG VALUES(1764,0.41918521365268824E0,'2026-03-22 00:10:33.899000','2026-03-22 00:10:37.499000',2498)
COMMIT
INSERT INTO AGENT_MOVEMENT_RAW_LOG VALUES(1783,0.3531856667204362E0,'2026-03-22 00:10:33.899000','2026-03-22 00:10:37.499000',2499)
COMMIT
INSERT INTO AGENT_MOVEMENT_RAW_LOG VALUES(1811,0.4633832597357116E0,'2026-03-22 00:10:26.999000','2026-03-22 00:10:37.499000',2500)
COMMIT
INSERT INTO AGENT_MOVEMENT_RAW_LOG VALUES(1766,0.468373735286164E0,'2026-03-22 00:10:34.199000','2026-03-22 00:10:37.799000',2501)
COMMIT
INSERT INTO AGENT_MOVEMENT_RAW_LOG VALUES(1759,0.5318123462211934E0,'2026-03-22 00:10:34.499000','2026-03-22 00:10:38.099000',2502)
COMMIT
INSERT INTO AGENT_MOVEMENT_RAW_LOG VALUES(1760,0.3778134918934062E0,'2026-03-22 00:10:34.499000','2026-03-22 00:10:38.099000',2503)
COMMIT
INSERT INTO AGENT_MOVEMENT_RAW_LOG VALUES(1765,0.5617740053353432E0,'2026-03-22 00:10:34.499000','2026-03-22 00:10:38.099000',2504)
COMMIT
INSERT INTO AGENT_MOVEMENT_RAW_LOG VALUES(1768,0.4327074923141109E0,'2026-03-22 00:10:34.499000','2026-03-22 00:10:38.099000',2505)
COMMIT
INSERT INTO AGENT_MOVEMENT_RAW_LOG VALUES(1781,0.7330385618777213E0,'2026-03-22 00:10:34.499000','2026-03-22 00:10:38.099000',2506)
COMMIT
INSERT INTO AGENT_MOVEMENT_RAW_LOG VALUES(1800,0.2018589724666776E0,'2026-03-22 00:10:34.499000','2026-03-22 00:10:38.099000',2507)
COMMIT
INSERT INTO AGENT_MOVEMENT_RAW_LOG VALUES(1776,0.6529105174977302E0,'2026-03-22 00:10:34.799000','2026-03-22 00:10:38.399000',2508)
COMMIT
INSERT INTO AGENT_MOVEMENT_RAW_LOG VALUES(1798,0.40349518731009004E0,'2026-03-22 00:10:34.799000','2026-03-22 00:10:38.399000',2509)
COMMIT
INSERT INTO AGENT_MOVEMENT_RAW_LOG VALUES(1767,0.5019300473329968E0,'2026-03-22 00:10:35.099000','2026-03-22 00:10:38.699000',2510)
COMMIT
INSERT INTO AGENT_MOVEMENT_RAW_LOG VALUES(1769,0.6827514397806091E0,'2026-03-22 00:10:35.099000','2026-03-22 00:10:38.699000',2511)
COMMIT
INSERT INTO AGENT_MOVEMENT_RAW_LOG VALUES(1778,0.6528675136640905E0,'2026-03-22 00:10:35.099000','2026-03-22 00:10:38.699000',2512)
COMMIT
INSERT INTO AGENT_MOVEMENT_RAW_LOG VALUES(1779,0.46301395267727313E0,'2026-03-22 00:10:35.099000','2026-03-22 00:10:38.699000',2513)
COMMIT
INSERT INTO AGENT_MOVEMENT_RAW_LOG VALUES(1780,0.25641978401552906E0,'2026-03-22 00:10:35.099000','2026-03-22 00:10:38.699000',2514)
COMMIT
INSERT INTO AGENT_MOVEMENT_RAW_LOG VALUES(1819,0.5959612003353466E0,'2026-03-22 00:10:34.397000','2026-03-22 00:10:38.837000',2515)
COMMIT
INSERT INTO AGENT_MOVEMENT_RAW_LOG VALUES(1821,1.1102701993034703E0,'2026-03-22 00:10:34.850000','2026-03-22 00:10:38.837000',2516)
COMMIT
INSERT INTO AGENT_MOVEMENT_RAW_LOG VALUES(1823,0.42976764630537206E0,'2026-03-22 00:10:35.198000','2026-03-22 00:10:38.837000',2517)
COMMIT
INSERT INTO AGENT_MOVEMENT_RAW_LOG VALUES(1761,0.3118129076613453E0,'2026-03-22 00:10:35.699000','2026-03-22 00:10:39.299000',2518)
COMMIT
INSERT INTO AGENT_MOVEMENT_RAW_LOG VALUES(1801,0.3222153095945024E0,'2026-03-22 00:10:35.699000','2026-03-22 00:10:39.299000',2519)
COMMIT
INSERT INTO AGENTS_RAW_LOG VALUES(1825,19,'<population>[117]','2026-03-22 00:10:39.511000',265)
COMMIT
DELETE FROM AGENTS_RAW_LOG WHERE ID=1825
INSERT INTO AGENTS_RAW_LOG VALUES(1825,19,'root.<population>[117]','2026-03-22 00:10:39.511000',265)
COMMIT
INSERT INTO AGENT_MOVEMENT_RAW_LOG VALUES(1763,0.562702731364758E0,'2026-03-22 00:10:35.999000','2026-03-22 00:10:39.599000',2520)
COMMIT
INSERT INTO AGENTS_RAW_LOG VALUES(1826,19,'<population>[118]','2026-03-22 00:10:39.669000',266)
COMMIT
DELETE FROM AGENTS_RAW_LOG WHERE ID=1826
INSERT INTO AGENTS_RAW_LOG VALUES(1826,19,'root.<population>[118]','2026-03-22 00:10:39.669000',266)
COMMIT
INSERT INTO AGENT_MOVEMENT_RAW_LOG VALUES(1799,0.18771366582517546E0,'2026-03-22 00:10:36.299000','2026-03-22 00:10:39.899000',2521)
COMMIT
INSERT INTO AGENT_MOVEMENT_RAW_LOG VALUES(1777,0.6051820049835219E0,'2026-03-22 00:10:36.599000','2026-03-22 00:10:40.199000',2522)
COMMIT
INSERT INTO AGENT_MOVEMENT_RAW_LOG VALUES(1758,0.21703635608650684E0,'2026-03-22 00:10:37.199000','2026-03-22 00:10:40.799000',2523)
COMMIT
INSERT INTO AGENT_MOVEMENT_RAW_LOG VALUES(1782,0.11193305139708444E0,'2026-03-22 00:10:37.199000','2026-03-22 00:10:40.799000',2524)
COMMIT
INSERT INTO AGENT_MOVEMENT_RAW_LOG VALUES(1762,0.7907599187774789E0,'2026-03-22 00:10:37.499000','2026-03-22 00:10:41.099000',2525)
COMMIT
INSERT INTO AGENT_MOVEMENT_RAW_LOG VALUES(1764,0.39724190577792357E0,'2026-03-22 00:10:37.499000','2026-03-22 00:10:41.099000',2526)
COMMIT
INSERT INTO AGENT_MOVEMENT_RAW_LOG VALUES(1783,0.3734673022394186E0,'2026-03-22 00:10:37.499000','2026-03-22 00:10:41.099000',2527)
COMMIT
INSERT INTO AGENT_MOVEMENT_RAW_LOG VALUES(1766,0.46969191736029053E0,'2026-03-22 00:10:37.799000','2026-03-22 00:10:41.399000',2528)
COMMIT
INSERT INTO AGENT_MOVEMENT_RAW_LOG VALUES(1759,0.525199261584278E0,'2026-03-22 00:10:38.099000','2026-03-22 00:10:41.699000',2529)
COMMIT
INSERT INTO AGENT_MOVEMENT_RAW_LOG VALUES(1760,0.37731447025146253E0,'2026-03-22 00:10:38.099000','2026-03-22 00:10:41.699000',2530)
COMMIT
INSERT INTO AGENT_MOVEMENT_RAW_LOG VALUES(1765,0.5639988049034292E0,'2026-03-22 00:10:38.099000','2026-03-22 00:10:41.699000',2531)
COMMIT
INSERT INTO AGENT_MOVEMENT_RAW_LOG VALUES(1768,0.4303614240953648E0,'2026-03-22 00:10:38.099000','2026-03-22 00:10:41.699000',2532)
COMMIT
INSERT INTO AGENT_MOVEMENT_RAW_LOG VALUES(1781,0.7303499629349836E0,'2026-03-22 00:10:38.099000','2026-03-22 00:10:41.699000',2533)
COMMIT
INSERT INTO AGENT_MOVEMENT_RAW_LOG VALUES(1776,0.6586618668806309E0,'2026-03-22 00:10:38.399000','2026-03-22 00:10:41.999000',2534)
COMMIT
INSERT INTO AGENT_MOVEMENT_RAW_LOG VALUES(1798,0.3857055670443167E0,'2026-03-22 00:10:38.399000','2026-03-22 00:10:41.999000',2535)
COMMIT
INSERT INTO AGENT_MOVEMENT_RAW_LOG VALUES(1767,0.5124335455163619E0,'2026-03-22 00:10:38.699000','2026-03-22 00:10:42.299000',2536)
COMMIT
INSERT INTO AGENT_MOVEMENT_RAW_LOG VALUES(1769,0.6846948526742345E0,'2026-03-22 00:10:38.699000','2026-03-22 00:10:42.299000',2537)
COMMIT
INSERT INTO AGENT_MOVEMENT_RAW_LOG VALUES(1778,0.6504919626528249E0,'2026-03-22 00:10:38.699000','2026-03-22 00:10:42.299000',2538)
COMMIT
INSERT INTO AGENT_MOVEMENT_RAW_LOG VALUES(1779,0.43368190190537825E0,'2026-03-22 00:10:38.699000','2026-03-22 00:10:42.299000',2539)
COMMIT
INSERT INTO AGENT_MOVEMENT_RAW_LOG VALUES(1780,0.26152307841990363E0,'2026-03-22 00:10:38.699000','2026-03-22 00:10:42.299000',2540)
COMMIT
INSERT INTO AGENT_MOVEMENT_RAW_LOG VALUES(1801,0.013977349940326593E0,'2026-03-22 00:10:39.299000','2026-03-22 00:10:42.599000',2541)
COMMIT
INSERT INTO AGENT_MOVEMENT_RAW_LOG VALUES(1761,0.3129206034376759E0,'2026-03-22 00:10:39.299000','2026-03-22 00:10:42.899000',2542)
COMMIT
INSERT INTO AGENT_MOVEMENT_RAW_LOG VALUES(1763,0.5620232413356908E0,'2026-03-22 00:10:39.599000','2026-03-22 00:10:43.199000',2543)
COMMIT
INSERT INTO AGENT_MOVEMENT_RAW_LOG VALUES(1799,0.2151207938853841E0,'2026-03-22 00:10:39.899000','2026-03-22 00:10:43.499000',2544)
COMMIT
INSERT INTO AGENT_MOVEMENT_RAW_LOG VALUES(1777,0.6031763094132504E0,'2026-03-22 00:10:40.199000','2026-03-22 00:10:43.799000',2545)
COMMIT
INSERT INTO AGENT_MOVEMENT_RAW_LOG VALUES(1813,1.0197352353525753E0,'2026-03-22 00:10:38.837000','2026-03-22 00:10:43.799000',2546)
COMMIT
INSERT INTO AGENT_MOVEMENT_RAW_LOG VALUES(1800,0.1183806591710553E0,'2026-03-22 00:10:38.099000','2026-03-22 00:10:44.099000',2547)
COMMIT
INSERT INTO AGENT_MOVEMENT_RAW_LOG VALUES(1758,0.21897728477638595E0,'2026-03-22 00:10:40.799000','2026-03-22 00:10:44.399000',2548)
COMMIT
INSERT INTO AGENT_MOVEMENT_RAW_LOG VALUES(1782,0.11198546387358482E0,'2026-03-22 00:10:40.799000','2026-03-22 00:10:44.399000',2549)
COMMIT
INSERT INTO AGENT_MOVEMENT_RAW_LOG VALUES(1762,0.789675134755088E0,'2026-03-22 00:10:41.099000','2026-03-22 00:10:44.699000',2550)
COMMIT
INSERT INTO AGENT_MOVEMENT_RAW_LOG VALUES(1764,0.4623844204090569E0,'2026-03-22 00:10:41.099000','2026-03-22 00:10:44.699000',2551)
COMMIT
INSERT INTO AGENT_MOVEMENT_RAW_LOG VALUES(1783,0.4263654076031714E0,'2026-03-22 00:10:41.099000','2026-03-22 00:10:44.699000',2552)
COMMIT
INSERT INTO AGENT_MOVEMENT_RAW_LOG VALUES(1825,0.6396814588369454E0,'2026-03-22 00:10:39.511000','2026-03-22 00:10:44.766000',2553)
COMMIT
INSERT INTO AGENT_MOVEMENT_RAW_LOG VALUES(1826,1.1786449470530151E0,'2026-03-22 00:10:39.669000','2026-03-22 00:10:44.766000',2554)
COMMIT
INSERT INTO AGENT_MOVEMENT_RAW_LOG VALUES(1766,0.4717377810359697E0,'2026-03-22 00:10:41.399000','2026-03-22 00:10:44.999000',2555)
COMMIT
INSERT INTO AGENT_MOVEMENT_RAW_LOG VALUES(1759,0.527688587317957E0,'2026-03-22 00:10:41.699000','2026-03-22 00:10:45.299000',2556)
COMMIT
INSERT INTO AGENT_MOVEMENT_RAW_LOG VALUES(1760,0.37669354748481654E0,'2026-03-22 00:10:41.699000','2026-03-22 00:10:45.299000',2557)
COMMIT
INSERT INTO AGENT_MOVEMENT_RAW_LOG VALUES(1765,0.5616336258279889E0,'2026-03-22 00:10:41.699000','2026-03-22 00:10:45.299000',2558)
COMMIT
INSERT INTO AGENT_MOVEMENT_RAW_LOG VALUES(1768,0.43073785435982515E0,'2026-03-22 00:10:41.699000','2026-03-22 00:10:45.299000',2559)
COMMIT
INSERT INTO AGENT_MOVEMENT_RAW_LOG VALUES(1781,0.7453590497185448E0,'2026-03-22 00:10:41.699000','2026-03-22 00:10:45.299000',2560)
COMMIT
INSERT INTO AGENT_MOVEMENT_RAW_LOG VALUES(1776,0.648850686170762E0,'2026-03-22 00:10:41.999000','2026-03-22 00:10:45.599000',2561)
COMMIT
INSERT INTO AGENT_MOVEMENT_RAW_LOG VALUES(1798,0.39320614108497914E0,'2026-03-22 00:10:41.999000','2026-03-22 00:10:45.599000',2562)
COMMIT
INSERT INTO AGENT_MOVEMENT_RAW_LOG VALUES(1767,0.5158896192462112E0,'2026-03-22 00:10:42.299000','2026-03-22 00:10:45.899000',2563)
COMMIT
INSERT INTO AGENT_MOVEMENT_RAW_LOG VALUES(1769,0.7036728306639471E0,'2026-03-22 00:10:42.299000','2026-03-22 00:10:45.899000',2564)
COMMIT
INSERT INTO AGENT_MOVEMENT_RAW_LOG VALUES(1778,0.6480263478896169E0,'2026-03-22 00:10:42.299000','2026-03-22 00:10:45.899000',2565)
COMMIT
INSERT INTO AGENT_MOVEMENT_RAW_LOG VALUES(1779,0.4223673637530446E0,'2026-03-22 00:10:42.299000','2026-03-22 00:10:45.899000',2566)
COMMIT
INSERT INTO AGENT_MOVEMENT_RAW_LOG VALUES(1780,0.2562082032376573E0,'2026-03-22 00:10:42.299000','2026-03-22 00:10:45.899000',2567)
COMMIT
INSERT INTO AGENT_MOVEMENT_RAW_LOG VALUES(1801,0.333242966413895E0,'2026-03-22 00:10:42.599000','2026-03-22 00:10:46.199000',2568)
COMMIT
INSERT INTO AGENT_MOVEMENT_RAW_LOG VALUES(1761,0.3162376323113784E0,'2026-03-22 00:10:42.899000','2026-03-22 00:10:46.499000',2569)
COMMIT
INSERT INTO AGENT_MOVEMENT_RAW_LOG VALUES(1763,0.562925137678697E0,'2026-03-22 00:10:43.199000','2026-03-22 00:10:46.799000',2570)
COMMIT
INSERT INTO AGENT_MOVEMENT_RAW_LOG VALUES(1799,0.2011834854279996E0,'2026-03-22 00:10:43.499000','2026-03-22 00:10:47.099000',2571)
COMMIT
INSERT INTO AGENT_MOVEMENT_RAW_LOG VALUES(1777,0.6069073737649703E0,'2026-03-22 00:10:43.799000','2026-03-22 00:10:47.399000',2572)
COMMIT
INSERT INTO AGENT_MOVEMENT_RAW_LOG VALUES(1800,0.19547869052456385E0,'2026-03-22 00:10:44.099000','2026-03-22 00:10:47.699000',2573)
COMMIT
INSERT INTO AGENT_MOVEMENT_RAW_LOG VALUES(1758,0.22091833343702305E0,'2026-03-22 00:10:44.399000','2026-03-22 00:10:47.999000',2574)
COMMIT
INSERT INTO AGENT_MOVEMENT_RAW_LOG VALUES(1782,0.11327314792619744E0,'2026-03-22 00:10:44.399000','2026-03-22 00:10:47.999000',2575)
COMMIT
INSERT INTO AGENT_MOVEMENT_RAW_LOG VALUES(1762,0.7878333219238005E0,'2026-03-22 00:10:44.699000','2026-03-22 00:10:48.299000',2576)
COMMIT
INSERT INTO AGENT_MOVEMENT_RAW_LOG VALUES(1764,0.4496364904015278E0,'2026-03-22 00:10:44.699000','2026-03-22 00:10:48.299000',2577)
COMMIT
INSERT INTO AGENT_MOVEMENT_RAW_LOG VALUES(1783,0.4400303630467535E0,'2026-03-22 00:10:44.699000','2026-03-22 00:10:48.299000',2578)
COMMIT
INSERT INTO AGENT_MOVEMENT_RAW_LOG VALUES(1766,0.47439414061890894E0,'2026-03-22 00:10:44.999000','2026-03-22 00:10:48.599000',2579)
COMMIT
INSERT INTO AGENT_MOVEMENT_RAW_LOG VALUES(1759,0.5358559079699103E0,'2026-03-22 00:10:45.299000','2026-03-22 00:10:48.899000',2580)
COMMIT
INSERT INTO AGENT_MOVEMENT_RAW_LOG VALUES(1760,0.37597489359417197E0,'2026-03-22 00:10:45.299000','2026-03-22 00:10:48.899000',2581)
COMMIT
INSERT INTO AGENT_MOVEMENT_RAW_LOG VALUES(1765,0.5562816865279833E0,'2026-03-22 00:10:45.299000','2026-03-22 00:10:48.899000',2582)
COMMIT
INSERT INTO AGENT_MOVEMENT_RAW_LOG VALUES(1768,0.44005085362009727E0,'2026-03-22 00:10:45.299000','2026-03-22 00:10:48.899000',2583)
COMMIT
INSERT INTO AGENT_MOVEMENT_RAW_LOG VALUES(1781,0.7539562846694331E0,'2026-03-22 00:10:45.299000','2026-03-22 00:10:48.899000',2584)
COMMIT
INSERT INTO AGENT_MOVEMENT_RAW_LOG VALUES(1776,0.6535138951705475E0,'2026-03-22 00:10:45.599000','2026-03-22 00:10:49.199000',2585)
COMMIT
INSERT INTO AGENT_MOVEMENT_RAW_LOG VALUES(1798,0.384885239281313E0,'2026-03-22 00:10:45.599000','2026-03-22 00:10:49.199000',2586)
COMMIT
INSERT INTO AGENT_MOVEMENT_RAW_LOG VALUES(1767,0.5163943602300802E0,'2026-03-22 00:10:45.899000','2026-03-22 00:10:49.499000',2587)
COMMIT
INSERT INTO AGENT_MOVEMENT_RAW_LOG VALUES(1769,0.6688514094810106E0,'2026-03-22 00:10:45.899000','2026-03-22 00:10:49.499000',2588)
COMMIT
INSERT INTO AGENT_MOVEMENT_RAW_LOG VALUES(1778,0.650595428150197E0,'2026-03-22 00:10:45.899000','2026-03-22 00:10:49.499000',2589)
COMMIT
INSERT INTO AGENT_MOVEMENT_RAW_LOG VALUES(1779,0.4271968142457954E0,'2026-03-22 00:10:45.899000','2026-03-22 00:10:49.499000',2590)
COMMIT
INSERT INTO AGENT_MOVEMENT_RAW_LOG VALUES(1780,0.26499827952512556E0,'2026-03-22 00:10:45.899000','2026-03-22 00:10:49.499000',2591)
COMMIT
INSERT INTO AGENT_MOVEMENT_RAW_LOG VALUES(1801,0.3071289348782995E0,'2026-03-22 00:10:46.199000','2026-03-22 00:10:49.799000',2592)
COMMIT
INSERT INTO AGENT_MOVEMENT_RAW_LOG VALUES(1761,0.32224544169144E0,'2026-03-22 00:10:46.499000','2026-03-22 00:10:50.099000',2593)
COMMIT
INSERT INTO AGENT_MOVEMENT_RAW_LOG VALUES(1763,0.5633061586423247E0,'2026-03-22 00:10:46.799000','2026-03-22 00:10:50.399000',2594)
COMMIT
INSERT INTO AGENT_MOVEMENT_RAW_LOG VALUES(1799,0.18106862441500562E0,'2026-03-22 00:10:47.099000','2026-03-22 00:10:50.699000',2595)
COMMIT
INSERT INTO AGENT_MOVEMENT_RAW_LOG VALUES(1815,0.8413217416992745E0,'2026-03-22 00:10:44.766000','2026-03-22 00:10:50.699000',2596)
COMMIT
INSERT INTO AGENT_MOVEMENT_RAW_LOG VALUES(1777,0.5992100763129191E0,'2026-03-22 00:10:47.399000','2026-03-22 00:10:50.999000',2597)
COMMIT
INSERT INTO AGENT_MOVEMENT_RAW_LOG VALUES(1800,0.23742683381718693E0,'2026-03-22 00:10:47.699000','2026-03-22 00:10:51.299000',2598)
COMMIT
INSERT INTO AGENT_MOVEMENT_RAW_LOG VALUES(1758,0.22285948341949827E0,'2026-03-22 00:10:47.999000','2026-03-22 00:10:51.599000',2599)
COMMIT
INSERT INTO AGENT_MOVEMENT_RAW_LOG VALUES(1782,0.1087068512817327E0,'2026-03-22 00:10:47.999000','2026-03-22 00:10:51.599000',2600)
COMMIT
INSERT INTO AGENT_MOVEMENT_RAW_LOG VALUES(1762,0.7851060175699613E0,'2026-03-22 00:10:48.299000','2026-03-22 00:10:51.899000',2601)
COMMIT
INSERT INTO AGENT_MOVEMENT_RAW_LOG VALUES(1764,0.4345167672243144E0,'2026-03-22 00:10:48.299000','2026-03-22 00:10:51.899000',2602)
COMMIT
INSERT INTO AGENT_MOVEMENT_RAW_LOG VALUES(1783,0.3895347304462054E0,'2026-03-22 00:10:48.299000','2026-03-22 00:10:51.899000',2603)
COMMIT
INSERT INTO AGENT_MOVEMENT_RAW_LOG VALUES(1766,0.477734468731152E0,'2026-03-22 00:10:48.599000','2026-03-22 00:10:52.199000',2604)
COMMIT
INSERT INTO AGENT_MOVEMENT_RAW_LOG VALUES(1759,0.540621252079606E0,'2026-03-22 00:10:48.899000','2026-03-22 00:10:52.499000',2605)
COMMIT
INSERT INTO AGENT_MOVEMENT_RAW_LOG VALUES(1760,0.37518981051244266E0,'2026-03-22 00:10:48.899000','2026-03-22 00:10:52.499000',2606)
COMMIT
INSERT INTO AGENT_MOVEMENT_RAW_LOG VALUES(1765,0.5500107429918765E0,'2026-03-22 00:10:48.899000','2026-03-22 00:10:52.499000',2607)
COMMIT
INSERT INTO AGENT_MOVEMENT_RAW_LOG VALUES(1768,0.45437455382442055E0,'2026-03-22 00:10:48.899000','2026-03-22 00:10:52.499000',2608)
COMMIT
INSERT INTO AGENT_MOVEMENT_RAW_LOG VALUES(1781,0.7554776140119871E0,'2026-03-22 00:10:48.899000','2026-03-22 00:10:52.499000',2609)
COMMIT
INSERT INTO AGENT_MOVEMENT_RAW_LOG VALUES(1776,0.647344561537855E0,'2026-03-22 00:10:49.199000','2026-03-22 00:10:52.799000',2610)
COMMIT
INSERT INTO AGENT_MOVEMENT_RAW_LOG VALUES(1798,0.37340142569425194E0,'2026-03-22 00:10:49.199000','2026-03-22 00:10:52.799000',2611)
COMMIT
INSERT INTO AGENT_MOVEMENT_RAW_LOG VALUES(1767,0.509652698179718E0,'2026-03-22 00:10:49.499000','2026-03-22 00:10:53.099000',2612)
COMMIT
INSERT INTO AGENT_MOVEMENT_RAW_LOG VALUES(1769,0.6815432528950413E0,'2026-03-22 00:10:49.499000','2026-03-22 00:10:53.099000',2613)
COMMIT
INSERT INTO AGENT_MOVEMENT_RAW_LOG VALUES(1778,0.6498297673729142E0,'2026-03-22 00:10:49.499000','2026-03-22 00:10:53.099000',2614)
COMMIT
INSERT INTO AGENT_MOVEMENT_RAW_LOG VALUES(1779,0.454488524739915E0,'2026-03-22 00:10:49.499000','2026-03-22 00:10:53.099000',2615)
COMMIT
INSERT INTO AGENT_MOVEMENT_RAW_LOG VALUES(1780,0.2632035471597896E0,'2026-03-22 00:10:49.499000','2026-03-22 00:10:53.099000',2616)
COMMIT
INSERT INTO AGENT_MOVEMENT_RAW_LOG VALUES(1801,0.3177283264607268E0,'2026-03-22 00:10:49.799000','2026-03-22 00:10:53.399000',2617)
COMMIT
INSERT INTO AGENT_MOVEMENT_RAW_LOG VALUES(1814,0.38038290165166716E0,'2026-03-22 00:10:30.426000','2026-03-22 00:10:53.399000',2618)
COMMIT
INSERT INTO AGENT_MOVEMENT_RAW_LOG VALUES(1819,0.43918313001595644E0,'2026-03-22 00:10:38.837000','2026-03-22 00:10:53.399000',2619)
COMMIT
INSERT INTO AGENT_MOVEMENT_RAW_LOG VALUES(1821,0.45861550954997404E0,'2026-03-22 00:10:38.837000','2026-03-22 00:10:53.399000',2620)
COMMIT
INSERT INTO AGENT_MOVEMENT_RAW_LOG VALUES(1823,0.42662734428305354E0,'2026-03-22 00:10:38.837000','2026-03-22 00:10:53.399000',2621)
COMMIT
INSERT INTO FLOWCHART_ENTRIES_RAW_LOG VALUES(53,1814,NULL,'2026-03-22 00:10:53.399000')
COMMIT
INSERT INTO DESTROYED_AGENTS_RAW_LOG VALUES(1814,'2026-03-22 00:10:53.399000',29)
COMMIT
INSERT INTO AGENT_MOVEMENT_RAW_LOG VALUES(1761,0.3297552805298908E0,'2026-03-22 00:10:50.099000','2026-03-22 00:10:53.699000',2622)
COMMIT
INSERT INTO AGENT_MOVEMENT_RAW_LOG VALUES(1763,0.5648625339822038E0,'2026-03-22 00:10:50.399000','2026-03-22 00:10:53.999000',2623)
COMMIT
INSERT INTO AGENT_MOVEMENT_RAW_LOG VALUES(1799,0.20768150828264403E0,'2026-03-22 00:10:50.699000','2026-03-22 00:10:54.299000',2624)
COMMIT
INSERT INTO AGENT_MOVEMENT_RAW_LOG VALUES(1777,0.5951794400264E0,'2026-03-22 00:10:50.999000','2026-03-22 00:10:54.599000',2625)
COMMIT
INSERT INTO AGENT_MOVEMENT_RAW_LOG VALUES(1817,0.4916613717960144E0,'2026-03-22 00:10:34.091000','2026-03-22 00:10:54.599000',2626)
COMMIT
INSERT INTO AGENT_MOVEMENT_RAW_LOG VALUES(1816,0.44595910440093117E0,'2026-03-22 00:10:33.837000','2026-03-22 00:10:54.599000',2627)
COMMIT
INSERT INTO AGENT_MOVEMENT_RAW_LOG VALUES(1818,0.3927681594653529E0,'2026-03-22 00:10:34.281000','2026-03-22 00:10:54.599000',2628)
COMMIT
INSERT INTO AGENT_MOVEMENT_RAW_LOG VALUES(1820,0.4059355595732101E0,'2026-03-22 00:10:34.759000','2026-03-22 00:10:54.599000',2629)
COMMIT
INSERT INTO AGENT_MOVEMENT_RAW_LOG VALUES(1822,0.3965708244904062E0,'2026-03-22 00:10:35.080000','2026-03-22 00:10:54.599000',2630)
COMMIT
INSERT INTO AGENT_MOVEMENT_RAW_LOG VALUES(1824,0.35565109708012355E0,'2026-03-22 00:10:35.363000','2026-03-22 00:10:54.599000',2631)
COMMIT
INSERT INTO AGENT_MOVEMENT_RAW_LOG VALUES(1800,0.20543433082028303E0,'2026-03-22 00:10:51.299000','2026-03-22 00:10:54.899000',2632)
COMMIT
INSERT INTO AGENT_MOVEMENT_RAW_LOG VALUES(1758,0.2248007138507879E0,'2026-03-22 00:10:51.599000','2026-03-22 00:10:55.199000',2633)
COMMIT
INSERT INTO AGENT_MOVEMENT_RAW_LOG VALUES(1782,0.12398479559260676E0,'2026-03-22 00:10:51.599000','2026-03-22 00:10:55.199000',2634)
COMMIT
INSERT INTO AGENT_MOVEMENT_RAW_LOG VALUES(1762,0.7817786946389337E0,'2026-03-22 00:10:51.899000','2026-03-22 00:10:55.499000',2635)
COMMIT
INSERT INTO AGENT_MOVEMENT_RAW_LOG VALUES(1764,0.4181669335461415E0,'2026-03-22 00:10:51.899000','2026-03-22 00:10:55.499000',2636)
COMMIT
INSERT INTO AGENT_MOVEMENT_RAW_LOG VALUES(1783,0.36418122611215586E0,'2026-03-22 00:10:51.899000','2026-03-22 00:10:55.499000',2637)
COMMIT
INSERT INTO AGENT_MOVEMENT_RAW_LOG VALUES(1766,0.4817978059638341E0,'2026-03-22 00:10:52.199000','2026-03-22 00:10:55.799000',2638)
COMMIT
INSERT INTO AGENT_MOVEMENT_RAW_LOG VALUES(1759,0.5369033490073805E0,'2026-03-22 00:10:52.499000','2026-03-22 00:10:56.099000',2639)
COMMIT
INSERT INTO AGENT_MOVEMENT_RAW_LOG VALUES(1760,0.374378074681432E0,'2026-03-22 00:10:52.499000','2026-03-22 00:10:56.099000',2640)
COMMIT
INSERT INTO AGENT_MOVEMENT_RAW_LOG VALUES(1765,0.5443307898500171E0,'2026-03-22 00:10:52.499000','2026-03-22 00:10:56.099000',2641)
COMMIT
INSERT INTO AGENT_MOVEMENT_RAW_LOG VALUES(1768,0.4664514418038169E0,'2026-03-22 00:10:52.499000','2026-03-22 00:10:56.099000',2642)
COMMIT
INSERT INTO AGENT_MOVEMENT_RAW_LOG VALUES(1781,0.7438894710317613E0,'2026-03-22 00:10:52.499000','2026-03-22 00:10:56.099000',2643)
COMMIT
INSERT INTO AGENT_MOVEMENT_RAW_LOG VALUES(1813,0.8516793605462575E0,'2026-03-22 00:10:44.766000','2026-03-22 00:10:56.099000',2644)
COMMIT
INSERT INTO FLOWCHART_ENTRIES_RAW_LOG VALUES(54,1813,NULL,'2026-03-22 00:10:56.099000')
COMMIT
INSERT INTO DESTROYED_AGENTS_RAW_LOG VALUES(1813,'2026-03-22 00:10:56.099000',30)
COMMIT
INSERT INTO AGENT_MOVEMENT_RAW_LOG VALUES(1776,0.6567913059906044E0,'2026-03-22 00:10:52.799000','2026-03-22 00:10:56.399000',2645)
COMMIT
INSERT INTO AGENT_MOVEMENT_RAW_LOG VALUES(1798,0.4035829198855287E0,'2026-03-22 00:10:52.799000','2026-03-22 00:10:56.399000',2646)
COMMIT
INSERT INTO AGENT_MOVEMENT_RAW_LOG VALUES(1816,0.3638265295303789E0,'2026-03-22 00:10:54.599000','2026-03-22 00:10:56.399000',2647)
COMMIT
INSERT INTO AGENT_MOVEMENT_RAW_LOG VALUES(1818,0.31830957800705845E0,'2026-03-22 00:10:54.599000','2026-03-22 00:10:56.399000',2648)
COMMIT
INSERT INTO AGENT_MOVEMENT_RAW_LOG VALUES(1820,0.4125198656241385E0,'2026-03-22 00:10:54.599000','2026-03-22 00:10:56.399000',2649)
COMMIT
INSERT INTO AGENT_MOVEMENT_RAW_LOG VALUES(1822,0.29774814919032394E0,'2026-03-22 00:10:54.599000','2026-03-22 00:10:56.399000',2650)
COMMIT
INSERT INTO AGENT_MOVEMENT_RAW_LOG VALUES(1824,0.45666796822594463E0,'2026-03-22 00:10:54.599000','2026-03-22 00:10:56.399000',2651)
COMMIT
INSERT INTO AGENT_MOVEMENT_RAW_LOG VALUES(1767,0.530929641613039E0,'2026-03-22 00:10:53.099000','2026-03-22 00:10:56.699000',2652)
COMMIT
INSERT INTO AGENT_MOVEMENT_RAW_LOG VALUES(1769,0.7043114451987487E0,'2026-03-22 00:10:53.099000','2026-03-22 00:10:56.699000',2653)
COMMIT
INSERT INTO AGENT_MOVEMENT_RAW_LOG VALUES(1778,0.647239607745622E0,'2026-03-22 00:10:53.099000','2026-03-22 00:10:56.699000',2654)
COMMIT
INSERT INTO AGENT_MOVEMENT_RAW_LOG VALUES(1779,0.48691062301109006E0,'2026-03-22 00:10:53.099000','2026-03-22 00:10:56.699000',2655)
COMMIT
INSERT INTO AGENT_MOVEMENT_RAW_LOG VALUES(1780,0.275688431813557E0,'2026-03-22 00:10:53.099000','2026-03-22 00:10:56.699000',2656)
COMMIT
INSERT INTO AGENT_MOVEMENT_RAW_LOG VALUES(1823,0.5745174268779989E0,'2026-03-22 00:10:53.399000','2026-03-22 00:10:56.699000',2657)
COMMIT
INSERT INTO AGENT_MOVEMENT_RAW_LOG VALUES(1821,0.3090343711013667E0,'2026-03-22 00:10:53.399000','2026-03-22 00:10:56.699000',2658)
COMMIT
INSERT INTO AGENT_MOVEMENT_RAW_LOG VALUES(1825,0.5856085985354048E0,'2026-03-22 00:10:44.766000','2026-03-22 00:10:56.699000',2659)
COMMIT
INSERT INTO AGENT_MOVEMENT_RAW_LOG VALUES(1826,0.542179012484224E0,'2026-03-22 00:10:44.766000','2026-03-22 00:10:56.699000',2660)
COMMIT
INSERT INTO AGENT_MOVEMENT_RAW_LOG VALUES(1801,0.2798900338252646E0,'2026-03-22 00:10:53.399000','2026-03-22 00:10:56.999000',2661)
COMMIT
INSERT INTO AGENT_MOVEMENT_RAW_LOG VALUES(1761,0.33771454542298657E0,'2026-03-22 00:10:53.699000','2026-03-22 00:10:57.299000',2662)
COMMIT
INSERT INTO AGENT_MOVEMENT_RAW_LOG VALUES(1763,0.5652161486223278E0,'2026-03-22 00:10:53.999000','2026-03-22 00:10:57.599000',2663)
COMMIT
INSERT INTO AGENT_MOVEMENT_RAW_LOG VALUES(1799,0.22536530843444608E0,'2026-03-22 00:10:54.299000','2026-03-22 00:10:57.899000',2664)
COMMIT
INSERT INTO AGENT_MOVEMENT_RAW_LOG VALUES(1818,0.4056827191049259E0,'2026-03-22 00:10:56.399000','2026-03-22 00:10:57.899000',2665)
COMMIT
INSERT INTO AGENT_MOVEMENT_RAW_LOG VALUES(1820,0.4346879914602147E0,'2026-03-22 00:10:56.399000','2026-03-22 00:10:57.899000',2666)
COMMIT
INSERT INTO AGENT_MOVEMENT_RAW_LOG VALUES(1822,0.12821923486285203E0,'2026-03-22 00:10:56.399000','2026-03-22 00:10:57.899000',2667)
COMMIT
INSERT INTO AGENT_MOVEMENT_RAW_LOG VALUES(1824,0.2599667872768256E0,'2026-03-22 00:10:56.399000','2026-03-22 00:10:57.899000',2668)
COMMIT
INSERT INTO AGENT_MOVEMENT_RAW_LOG VALUES(1777,0.6076176164910686E0,'2026-03-22 00:10:54.599000','2026-03-22 00:10:58.199000',2669)
COMMIT
INSERT INTO AGENT_MOVEMENT_RAW_LOG VALUES(1822,5.359248925640619E-14,'2026-03-22 00:10:57.899000','2026-03-22 00:10:58.199000',2670)
COMMIT
INSERT INTO AGENT_MOVEMENT_RAW_LOG VALUES(1820,7.579122514774403E-14,'2026-03-22 00:10:57.899000','2026-03-22 00:10:58.199000',2671)
COMMIT
INSERT INTO AGENT_MOVEMENT_RAW_LOG VALUES(1824,7.579122514774403E-14,'2026-03-22 00:10:57.899000','2026-03-22 00:10:58.199000',2672)
COMMIT
INSERT INTO AGENT_MOVEMENT_RAW_LOG VALUES(1800,0.16263774890942104E0,'2026-03-22 00:10:54.899000','2026-03-22 00:10:58.499000',2673)
COMMIT
INSERT INTO AGENT_MOVEMENT_RAW_LOG VALUES(1824,5.359248925640619E-14,'2026-03-22 00:10:58.199000','2026-03-22 00:10:58.499000',2674)
COMMIT
INSERT INTO AGENT_MOVEMENT_RAW_LOG VALUES(1820,5.359248925640619E-14,'2026-03-22 00:10:58.199000','2026-03-22 00:10:58.499000',2675)
COMMIT
INSERT INTO AGENT_MOVEMENT_RAW_LOG VALUES(1758,0.22674200067959763E0,'2026-03-22 00:10:55.199000','2026-03-22 00:10:58.799000',2676)
COMMIT
INSERT INTO AGENT_MOVEMENT_RAW_LOG VALUES(1782,0.1280510785233619E0,'2026-03-22 00:10:55.199000','2026-03-22 00:10:58.799000',2677)
COMMIT
INSERT INTO AGENT_MOVEMENT_RAW_LOG VALUES(1762,0.7785730598035225E0,'2026-03-22 00:10:55.499000','2026-03-22 00:10:59.099000',2678)
COMMIT
INSERT INTO AGENT_MOVEMENT_RAW_LOG VALUES(1764,0.40108397271854146E0,'2026-03-22 00:10:55.499000','2026-03-22 00:10:59.099000',2679)
COMMIT
INSERT INTO AGENT_MOVEMENT_RAW_LOG VALUES(1783,0.37835472905438033E0,'2026-03-22 00:10:55.499000','2026-03-22 00:10:59.099000',2680)
COMMIT
INSERT INTO AGENT_MOVEMENT_RAW_LOG VALUES(1766,0.48625447994046406E0,'2026-03-22 00:10:55.799000','2026-03-22 00:10:59.399000',2681)
COMMIT
INSERT INTO AGENT_MOVEMENT_RAW_LOG VALUES(1819,0.8059055929084353E0,'2026-03-22 00:10:53.399000','2026-03-22 00:10:59.399000',2682)
COMMIT
INSERT INTO AGENT_MOVEMENT_RAW_LOG VALUES(1759,0.5291056297648078E0,'2026-03-22 00:10:56.099000','2026-03-22 00:10:59.699000',2683)
COMMIT
INSERT INTO AGENT_MOVEMENT_RAW_LOG VALUES(1760,0.37358550485461045E0,'2026-03-22 00:10:56.099000','2026-03-22 00:10:59.699000',2684)
COMMIT
INSERT INTO AGENT_MOVEMENT_RAW_LOG VALUES(1765,0.5407358641848464E0,'2026-03-22 00:10:56.099000','2026-03-22 00:10:59.699000',2685)
COMMIT
INSERT INTO AGENT_MOVEMENT_RAW_LOG VALUES(1768,0.4710051586593816E0,'2026-03-22 00:10:56.099000','2026-03-22 00:10:59.699000',2686)
COMMIT
INSERT INTO AGENT_MOVEMENT_RAW_LOG VALUES(1781,0.7461070420639279E0,'2026-03-22 00:10:56.099000','2026-03-22 00:10:59.699000',2687)
COMMIT
INSERT INTO AGENT_MOVEMENT_RAW_LOG VALUES(1776,0.6383373908397196E0,'2026-03-22 00:10:56.399000','2026-03-22 00:10:59.999000',2688)
COMMIT
INSERT INTO AGENT_MOVEMENT_RAW_LOG VALUES(1798,0.4016627190531757E0,'2026-03-22 00:10:56.399000','2026-03-22 00:10:59.999000',2689)
COMMIT
INSERT INTO AGENT_MOVEMENT_RAW_LOG VALUES(1817,0.7751317767498495E0,'2026-03-22 00:10:54.599000','2026-03-22 00:10:59.999000',2690)
COMMIT
INSERT INTO AGENT_MOVEMENT_RAW_LOG VALUES(1767,0.5135623124480612E0,'2026-03-22 00:10:56.699000','2026-03-22 00:11:00.299000',2691)
COMMIT
INSERT INTO AGENT_MOVEMENT_RAW_LOG VALUES(1769,0.6944690124730049E0,'2026-03-22 00:10:56.699000','2026-03-22 00:11:00.299000',2692)
COMMIT
INSERT INTO AGENT_MOVEMENT_RAW_LOG VALUES(1778,0.6493136764905111E0,'2026-03-22 00:10:56.699000','2026-03-22 00:11:00.299000',2693)
COMMIT
INSERT INTO AGENT_MOVEMENT_RAW_LOG VALUES(1779,0.48841241506936445E0,'2026-03-22 00:10:56.699000','2026-03-22 00:11:00.299000',2694)
COMMIT
INSERT INTO AGENT_MOVEMENT_RAW_LOG VALUES(1780,0.28031930509364517E0,'2026-03-22 00:10:56.699000','2026-03-22 00:11:00.299000',2695)
COMMIT
INSERT INTO AGENT_MOVEMENT_RAW_LOG VALUES(1801,0.29114328370665493E0,'2026-03-22 00:10:56.999000','2026-03-22 00:11:00.599000',2696)
COMMIT
INSERT INTO AGENT_MOVEMENT_RAW_LOG VALUES(1811,0.3820377641878745E0,'2026-03-22 00:10:38.837000','2026-03-22 00:11:00.599000',2697)
COMMIT
INSERT INTO FLOWCHART_ENTRIES_RAW_LOG VALUES(55,1811,NULL,'2026-03-22 00:11:00.599000')
COMMIT
INSERT INTO DESTROYED_AGENTS_RAW_LOG VALUES(1811,'2026-03-22 00:11:00.599000',31)
COMMIT
INSERT INTO AGENT_MOVEMENT_RAW_LOG VALUES(1820,0.19675063185139635E0,'2026-03-22 00:10:58.499000','2026-03-22 00:11:00.618000',2698)
COMMIT
INSERT INTO AGENT_MOVEMENT_RAW_LOG VALUES(1761,0.3459910362076958E0,'2026-03-22 00:10:57.299000','2026-03-22 00:11:00.899000',2699)
COMMIT
INSERT INTO AGENT_MOVEMENT_RAW_LOG VALUES(1821,0.3000382623542192E0,'2026-03-22 00:10:56.699000','2026-03-22 00:11:00.912000',2700)
COMMIT
INSERT INTO AGENT_MOVEMENT_RAW_LOG VALUES(1825,0.43667174110432416E0,'2026-03-22 00:10:56.699000','2026-03-22 00:11:00.912000',2701)
COMMIT
INSERT INTO AGENT_MOVEMENT_RAW_LOG VALUES(1826,0.5588908543862594E0,'2026-03-22 00:10:56.699000','2026-03-22 00:11:00.912000',2702)
COMMIT
INSERT INTO AGENT_MOVEMENT_RAW_LOG VALUES(1763,0.5666735610517469E0,'2026-03-22 00:10:57.599000','2026-03-22 00:11:01.199000',2703)
COMMIT
INSERT INTO AGENT_MOVEMENT_RAW_LOG VALUES(1799,0.1740788520560674E0,'2026-03-22 00:10:57.899000','2026-03-22 00:11:01.499000',2704)
COMMIT
INSERT INTO AGENT_MOVEMENT_RAW_LOG VALUES(1777,0.6266443939714625E0,'2026-03-22 00:10:58.199000','2026-03-22 00:11:01.799000',2705)
COMMIT
INSERT INTO AGENT_MOVEMENT_RAW_LOG VALUES(1800,0.1535577654531203E0,'2026-03-22 00:10:58.499000','2026-03-22 00:11:02.099000',2706)
COMMIT
INSERT INTO AGENT_MOVEMENT_RAW_LOG VALUES(1826,0.5709357629365569E0,'2026-03-22 00:11:00.912000','2026-03-22 00:11:02.099000',2707)
COMMIT
INSERT INTO AGENT_MOVEMENT_RAW_LOG VALUES(1821,0.6129700013684566E0,'2026-03-22 00:11:00.912000','2026-03-22 00:11:02.099000',2708)
COMMIT
INSERT INTO AGENT_MOVEMENT_RAW_LOG VALUES(1825,0.6393860455703024E0,'2026-03-22 00:11:00.912000','2026-03-22 00:11:02.099000',2709)
COMMIT
INSERT INTO AGENT_MOVEMENT_RAW_LOG VALUES(1758,0.22868331514857249E0,'2026-03-22 00:10:58.799000','2026-03-22 00:11:02.399000',2710)
COMMIT
INSERT INTO AGENT_MOVEMENT_RAW_LOG VALUES(1782,0.13004038750396107E0,'2026-03-22 00:10:58.799000','2026-03-22 00:11:02.399000',2711)
COMMIT
INSERT INTO AGENT_MOVEMENT_RAW_LOG VALUES(1762,0.7757924884186697E0,'2026-03-22 00:10:59.099000','2026-03-22 00:11:02.699000',2712)
COMMIT
INSERT INTO AGENT_MOVEMENT_RAW_LOG VALUES(1764,0.4368483876490133E0,'2026-03-22 00:10:59.099000','2026-03-22 00:11:02.699000',2713)
COMMIT
INSERT INTO AGENT_MOVEMENT_RAW_LOG VALUES(1783,0.3583827993117879E0,'2026-03-22 00:10:59.099000','2026-03-22 00:11:02.699000',2714)
COMMIT
INSERT INTO AGENT_MOVEMENT_RAW_LOG VALUES(1821,0.30693913032027514E0,'2026-03-22 00:11:02.099000','2026-03-22 00:11:02.699000',2715)
COMMIT
INSERT INTO AGENT_MOVEMENT_RAW_LOG VALUES(1825,0.32022654359146985E0,'2026-03-22 00:11:02.099000','2026-03-22 00:11:02.699000',2716)
COMMIT
INSERT INTO AGENT_MOVEMENT_RAW_LOG VALUES(1766,0.4909355211264113E0,'2026-03-22 00:10:59.399000','2026-03-22 00:11:02.999000',2717)
COMMIT
INSERT INTO AGENT_MOVEMENT_RAW_LOG VALUES(1812,0.3414194595749725E0,'2026-03-22 00:10:37.139000','2026-03-22 00:11:02.999000',2718)
COMMIT
INSERT INTO AGENT_MOVEMENT_RAW_LOG VALUES(1825,8.47371657641736E-14,'2026-03-22 00:11:02.699000','2026-03-22 00:11:02.999000',2719)
COMMIT
INSERT INTO FLOWCHART_ENTRIES_RAW_LOG VALUES(56,1812,NULL,'2026-03-22 00:11:02.999000')
COMMIT
INSERT INTO DESTROYED_AGENTS_RAW_LOG VALUES(1812,'2026-03-22 00:11:02.999000',32)
COMMIT
INSERT INTO AGENT_MOVEMENT_RAW_LOG VALUES(1759,0.5245177420265247E0,'2026-03-22 00:10:59.699000','2026-03-22 00:11:03.299000',2720)
COMMIT
INSERT INTO AGENT_MOVEMENT_RAW_LOG VALUES(1760,0.3728603137702166E0,'2026-03-22 00:10:59.699000','2026-03-22 00:11:03.299000',2721)
COMMIT
INSERT INTO AGENT_MOVEMENT_RAW_LOG VALUES(1765,0.5392999038818808E0,'2026-03-22 00:10:59.699000','2026-03-22 00:11:03.299000',2722)
COMMIT
INSERT INTO AGENT_MOVEMENT_RAW_LOG VALUES(1768,0.47388429099065105E0,'2026-03-22 00:10:59.699000','2026-03-22 00:11:03.299000',2723)
COMMIT
INSERT INTO AGENT_MOVEMENT_RAW_LOG VALUES(1781,0.7358222769150278E0,'2026-03-22 00:10:59.699000','2026-03-22 00:11:03.299000',2724)
COMMIT
INSERT INTO AGENT_MOVEMENT_RAW_LOG VALUES(1776,0.6271381664641017E0,'2026-03-22 00:10:59.999000','2026-03-22 00:11:03.599000',2725)
COMMIT
INSERT INTO AGENT_MOVEMENT_RAW_LOG VALUES(1798,0.3888304504903397E0,'2026-03-22 00:10:59.999000','2026-03-22 00:11:03.599000',2726)
COMMIT
INSERT INTO AGENT_MOVEMENT_RAW_LOG VALUES(1820,0.4875345231802114E0,'2026-03-22 00:11:00.618000','2026-03-22 00:11:03.599000',2727)
COMMIT
INSERT INTO AGENT_MOVEMENT_RAW_LOG VALUES(1767,0.5054491558462911E0,'2026-03-22 00:11:00.299000','2026-03-22 00:11:03.899000',2728)
COMMIT
INSERT INTO AGENT_MOVEMENT_RAW_LOG VALUES(1769,0.6765283055644586E0,'2026-03-22 00:11:00.299000','2026-03-22 00:11:03.899000',2729)
COMMIT
INSERT INTO AGENT_MOVEMENT_RAW_LOG VALUES(1778,0.6497750036653116E0,'2026-03-22 00:11:00.299000','2026-03-22 00:11:03.899000',2730)
COMMIT
INSERT INTO AGENT_MOVEMENT_RAW_LOG VALUES(1779,0.45364094823671075E0,'2026-03-22 00:11:00.299000','2026-03-22 00:11:03.899000',2731)
COMMIT
INSERT INTO AGENT_MOVEMENT_RAW_LOG VALUES(1780,0.28025150558273454E0,'2026-03-22 00:11:00.299000','2026-03-22 00:11:03.899000',2732)
COMMIT
INSERT INTO AGENT_MOVEMENT_RAW_LOG VALUES(1801,0.30502463465921026E0,'2026-03-22 00:11:00.599000','2026-03-22 00:11:04.199000',2733)
COMMIT
INSERT INTO AGENT_MOVEMENT_RAW_LOG VALUES(1761,0.354502645923835E0,'2026-03-22 00:11:00.899000','2026-03-22 00:11:04.499000',2734)
COMMIT
INSERT INTO AGENT_MOVEMENT_RAW_LOG VALUES(1763,0.5674950730831849E0,'2026-03-22 00:11:01.199000','2026-03-22 00:11:04.799000',2735)
COMMIT
INSERT INTO AGENT_MOVEMENT_RAW_LOG VALUES(1799,0.1951713572514012E0,'2026-03-22 00:11:01.499000','2026-03-22 00:11:05.099000',2736)
COMMIT
INSERT INTO AGENT_MOVEMENT_RAW_LOG VALUES(1777,0.6362093453651527E0,'2026-03-22 00:11:01.799000','2026-03-22 00:11:05.399000',2737)
COMMIT
INSERT INTO AGENT_MOVEMENT_RAW_LOG VALUES(1800,0.14724108609271166E0,'2026-03-22 00:11:02.099000','2026-03-22 00:11:05.699000',2738)
COMMIT
INSERT INTO AGENT_MOVEMENT_RAW_LOG VALUES(1758,0.23062462980965145E0,'2026-03-22 00:11:02.399000','2026-03-22 00:11:05.999000',2739)
COMMIT
INSERT INTO AGENT_MOVEMENT_RAW_LOG VALUES(1782,0.13589619541050318E0,'2026-03-22 00:11:02.399000','2026-03-22 00:11:05.999000',2740)
COMMIT
INSERT INTO AGENT_MOVEMENT_RAW_LOG VALUES(1762,0.7740345294301036E0,'2026-03-22 00:11:02.699000','2026-03-22 00:11:06.299000',2741)
COMMIT
INSERT INTO AGENT_MOVEMENT_RAW_LOG VALUES(1764,0.42705443196814424E0,'2026-03-22 00:11:02.699000','2026-03-22 00:11:06.299000',2742)
COMMIT
INSERT INTO AGENT_MOVEMENT_RAW_LOG VALUES(1783,0.40239019586967933E0,'2026-03-22 00:11:02.699000','2026-03-22 00:11:06.299000',2743)
COMMIT
INSERT INTO AGENT_MOVEMENT_RAW_LOG VALUES(1819,0.8038949810705318E0,'2026-03-22 00:11:00.912000','2026-03-22 00:11:06.299000',2744)
COMMIT
INSERT INTO FLOWCHART_ENTRIES_RAW_LOG VALUES(57,1819,NULL,'2026-03-22 00:11:06.299000')
COMMIT
INSERT INTO DESTROYED_AGENTS_RAW_LOG VALUES(1819,'2026-03-22 00:11:06.299000',33)
COMMIT
INSERT INTO AGENT_MOVEMENT_RAW_LOG VALUES(1766,0.4959413646523261E0,'2026-03-22 00:11:02.999000','2026-03-22 00:11:06.599000',2745)
COMMIT
INSERT INTO AGENT_MOVEMENT_RAW_LOG VALUES(1823,0.8512568856662339E0,'2026-03-22 00:11:00.912000','2026-03-22 00:11:06.599000',2746)
COMMIT
INSERT INTO AGENT_MOVEMENT_RAW_LOG VALUES(1759,0.526159846064588E0,'2026-03-22 00:11:03.299000','2026-03-22 00:11:06.899000',2747)
COMMIT
INSERT INTO AGENT_MOVEMENT_RAW_LOG VALUES(1760,0.3722472439285102E0,'2026-03-22 00:11:03.299000','2026-03-22 00:11:06.899000',2748)
COMMIT
INSERT INTO AGENT_MOVEMENT_RAW_LOG VALUES(1765,0.5393697063745998E0,'2026-03-22 00:11:03.299000','2026-03-22 00:11:06.899000',2749)
COMMIT
INSERT INTO AGENT_MOVEMENT_RAW_LOG VALUES(1768,0.47767539310740803E0,'2026-03-22 00:11:03.299000','2026-03-22 00:11:06.899000',2750)
COMMIT
INSERT INTO AGENT_MOVEMENT_RAW_LOG VALUES(1781,0.7222366252318825E0,'2026-03-22 00:11:03.299000','2026-03-22 00:11:06.899000',2751)
COMMIT
INSERT INTO AGENT_MOVEMENT_RAW_LOG VALUES(1776,0.6184713418930557E0,'2026-03-22 00:11:03.599000','2026-03-22 00:11:07.199000',2752)
COMMIT
INSERT INTO AGENT_MOVEMENT_RAW_LOG VALUES(1798,0.38876892225758064E0,'2026-03-22 00:11:03.599000','2026-03-22 00:11:07.199000',2753)
COMMIT
INSERT INTO AGENT_MOVEMENT_RAW_LOG VALUES(1767,0.4952927047018675E0,'2026-03-22 00:11:03.899000','2026-03-22 00:11:07.499000',2754)
COMMIT
INSERT INTO AGENT_MOVEMENT_RAW_LOG VALUES(1769,0.6906342438068206E0,'2026-03-22 00:11:03.899000','2026-03-22 00:11:07.499000',2755)
COMMIT
INSERT INTO AGENT_MOVEMENT_RAW_LOG VALUES(1778,0.6487008700300116E0,'2026-03-22 00:11:03.899000','2026-03-22 00:11:07.499000',2756)
COMMIT
INSERT INTO AGENT_MOVEMENT_RAW_LOG VALUES(1779,0.41871025856233873E0,'2026-03-22 00:11:03.899000','2026-03-22 00:11:07.499000',2757)
COMMIT
INSERT INTO AGENT_MOVEMENT_RAW_LOG VALUES(1780,0.2688627404070115E0,'2026-03-22 00:11:03.899000','2026-03-22 00:11:07.499000',2758)
COMMIT
INSERT INTO AGENT_MOVEMENT_RAW_LOG VALUES(1817,0.6191604315431826E0,'2026-03-22 00:11:00.618000','2026-03-22 00:11:07.499000',2759)
COMMIT
INSERT INTO FLOWCHART_ENTRIES_RAW_LOG VALUES(58,1817,NULL,'2026-03-22 00:11:07.499000')
COMMIT
INSERT INTO DESTROYED_AGENTS_RAW_LOG VALUES(1817,'2026-03-22 00:11:07.499000',34)
COMMIT
INSERT INTO AGENT_MOVEMENT_RAW_LOG VALUES(1801,0.35828855884301525E0,'2026-03-22 00:11:04.199000','2026-03-22 00:11:07.799000',2760)
COMMIT
INSERT INTO AGENT_MOVEMENT_RAW_LOG VALUES(1761,0.36322954943211105E0,'2026-03-22 00:11:04.499000','2026-03-22 00:11:08.099000',2761)
COMMIT
INSERT INTO AGENT_MOVEMENT_RAW_LOG VALUES(1763,0.5684538685795051E0,'2026-03-22 00:11:04.799000','2026-03-22 00:11:08.399000',2762)
COMMIT
INSERT INTO AGENT_MOVEMENT_RAW_LOG VALUES(1816,0.543759749132976E0,'2026-03-22 00:11:00.618000','2026-03-22 00:11:08.399000',2763)
COMMIT
INSERT INTO AGENT_MOVEMENT_RAW_LOG VALUES(1799,0.21218220278516978E0,'2026-03-22 00:11:05.099000','2026-03-22 00:11:08.699000',2764)
COMMIT
INSERT INTO AGENT_MOVEMENT_RAW_LOG VALUES(1777,0.6433475691855064E0,'2026-03-22 00:11:05.399000','2026-03-22 00:11:08.999000',2765)
COMMIT
INSERT INTO AGENT_MOVEMENT_RAW_LOG VALUES(1800,0.17673923168408717E0,'2026-03-22 00:11:05.699000','2026-03-22 00:11:09.299000',2766)
COMMIT
INSERT INTO AGENT_MOVEMENT_RAW_LOG VALUES(1815,0.47188015217478E0,'2026-03-22 00:10:51.741000','2026-03-22 00:11:09.299000',2767)
COMMIT
INSERT INTO FLOWCHART_ENTRIES_RAW_LOG VALUES(59,1815,NULL,'2026-03-22 00:11:09.299000')
COMMIT
INSERT INTO DESTROYED_AGENTS_RAW_LOG VALUES(1815,'2026-03-22 00:11:09.299000',35)
COMMIT
INSERT INTO AGENT_MOVEMENT_RAW_LOG VALUES(1758,0.23256592278017352E0,'2026-03-22 00:11:05.999000','2026-03-22 00:11:09.599000',2768)
COMMIT
INSERT INTO AGENT_MOVEMENT_RAW_LOG VALUES(1782,0.10403891599031104E0,'2026-03-22 00:11:05.999000','2026-03-22 00:11:09.599000',2769)
COMMIT
INSERT INTO AGENT_MOVEMENT_RAW_LOG VALUES(1762,0.773434206530284E0,'2026-03-22 00:11:06.299000','2026-03-22 00:11:09.899000',2770)
COMMIT
INSERT INTO AGENT_MOVEMENT_RAW_LOG VALUES(1764,0.45530126632363255E0,'2026-03-22 00:11:06.299000','2026-03-22 00:11:09.899000',2771)
COMMIT
INSERT INTO AGENT_MOVEMENT_RAW_LOG VALUES(1783,0.3803775592785855E0,'2026-03-22 00:11:06.299000','2026-03-22 00:11:09.899000',2772)
COMMIT
INSERT INTO AGENT_MOVEMENT_RAW_LOG VALUES(1766,0.5011281898869864E0,'2026-03-22 00:11:06.599000','2026-03-22 00:11:10.199000',2773)
COMMIT
INSERT INTO AGENT_MOVEMENT_RAW_LOG VALUES(1759,0.532225680641771E0,'2026-03-22 00:11:06.899000','2026-03-22 00:11:10.499000',2774)
COMMIT
INSERT INTO AGENT_MOVEMENT_RAW_LOG VALUES(1760,0.371783491849244E0,'2026-03-22 00:11:06.899000','2026-03-22 00:11:10.499000',2775)
COMMIT
INSERT INTO AGENT_MOVEMENT_RAW_LOG VALUES(1765,0.540385841021987E0,'2026-03-22 00:11:06.899000','2026-03-22 00:11:10.499000',2776)
COMMIT
INSERT INTO AGENT_MOVEMENT_RAW_LOG VALUES(1768,0.4717300036974276E0,'2026-03-22 00:11:06.899000','2026-03-22 00:11:10.499000',2777)
COMMIT
INSERT INTO AGENT_MOVEMENT_RAW_LOG VALUES(1781,0.7162649208946598E0,'2026-03-22 00:11:06.899000','2026-03-22 00:11:10.499000',2778)
COMMIT
INSERT INTO AGENT_MOVEMENT_RAW_LOG VALUES(1776,0.6173025806864056E0,'2026-03-22 00:11:07.199000','2026-03-22 00:11:10.799000',2779)
COMMIT
INSERT INTO AGENT_MOVEMENT_RAW_LOG VALUES(1798,0.38293406635209337E0,'2026-03-22 00:11:07.199000','2026-03-22 00:11:10.799000',2780)
COMMIT
INSERT INTO AGENT_MOVEMENT_RAW_LOG VALUES(1767,0.48802769250053146E0,'2026-03-22 00:11:07.499000','2026-03-22 00:11:11.099000',2781)
COMMIT
INSERT INTO AGENT_MOVEMENT_RAW_LOG VALUES(1769,0.6890741092523371E0,'2026-03-22 00:11:07.499000','2026-03-22 00:11:11.099000',2782)
COMMIT
INSERT INTO AGENT_MOVEMENT_RAW_LOG VALUES(1778,0.6492150235646457E0,'2026-03-22 00:11:07.499000','2026-03-22 00:11:11.099000',2783)
COMMIT
INSERT INTO AGENT_MOVEMENT_RAW_LOG VALUES(1779,0.4357055639150414E0,'2026-03-22 00:11:07.499000','2026-03-22 00:11:11.099000',2784)
COMMIT
INSERT INTO AGENT_MOVEMENT_RAW_LOG VALUES(1780,0.26656343989256537E0,'2026-03-22 00:11:07.499000','2026-03-22 00:11:11.099000',2785)
COMMIT
INSERT INTO AGENT_MOVEMENT_RAW_LOG VALUES(1801,0.35404662447603885E0,'2026-03-22 00:11:07.799000','2026-03-22 00:11:11.399000',2786)
COMMIT
INSERT INTO AGENT_MOVEMENT_RAW_LOG VALUES(1761,0.37201387149924453E0,'2026-03-22 00:11:08.099000','2026-03-22 00:11:11.699000',2787)
COMMIT
INSERT INTO AGENT_MOVEMENT_RAW_LOG VALUES(1826,0.793578243929095E0,'2026-03-22 00:11:07.643000','2026-03-22 00:11:11.699000',2788)
COMMIT
INSERT INTO AGENT_MOVEMENT_RAW_LOG VALUES(1763,0.5687889933815593E0,'2026-03-22 00:11:08.399000','2026-03-22 00:11:11.999000',2789)
COMMIT
INSERT INTO AGENT_MOVEMENT_RAW_LOG VALUES(1799,0.2068702246455813E0,'2026-03-22 00:11:08.699000','2026-03-22 00:11:12.299000',2790)
COMMIT
INSERT INTO AGENT_MOVEMENT_RAW_LOG VALUES(1777,0.6247355157451095E0,'2026-03-22 00:11:08.999000','2026-03-22 00:11:12.599000',2791)
COMMIT
INSERT INTO AGENT_MOVEMENT_RAW_LOG VALUES(1800,0.1807534134162593E0,'2026-03-22 00:11:09.299000','2026-03-22 00:11:12.899000',2792)
COMMIT
INSERT INTO AGENT_MOVEMENT_RAW_LOG VALUES(1758,0.2334609914762285E0,'2026-03-22 00:11:09.599000','2026-03-22 00:11:13.199000',2793)
COMMIT
INSERT INTO AGENT_MOVEMENT_RAW_LOG VALUES(1782,0.11234322605627206E0,'2026-03-22 00:11:09.599000','2026-03-22 00:11:13.199000',2794)
COMMIT
INSERT INTO AGENT_MOVEMENT_RAW_LOG VALUES(1762,0.773896868376601E0,'2026-03-22 00:11:09.899000','2026-03-22 00:11:13.499000',2795)
COMMIT
INSERT INTO AGENT_MOVEMENT_RAW_LOG VALUES(1764,0.4644661399448999E0,'2026-03-22 00:11:09.899000','2026-03-22 00:11:13.499000',2796)
COMMIT
INSERT INTO AGENT_MOVEMENT_RAW_LOG VALUES(1783,0.3625417125471971E0,'2026-03-22 00:11:09.899000','2026-03-22 00:11:13.499000',2797)
COMMIT
INSERT INTO AGENT_MOVEMENT_RAW_LOG VALUES(1766,0.5069122373435241E0,'2026-03-22 00:11:10.199000','2026-03-22 00:11:13.799000',2798)
COMMIT
INSERT INTO AGENT_MOVEMENT_RAW_LOG VALUES(1759,0.5378619356579006E0,'2026-03-22 00:11:10.499000','2026-03-22 00:11:14.099000',2799)
COMMIT
INSERT INTO AGENT_MOVEMENT_RAW_LOG VALUES(1760,0.3715681004712507E0,'2026-03-22 00:11:10.499000','2026-03-22 00:11:14.099000',2800)
COMMIT
INSERT INTO AGENT_MOVEMENT_RAW_LOG VALUES(1765,0.5418914260315802E0,'2026-03-22 00:11:10.499000','2026-03-22 00:11:14.099000',2801)
COMMIT
INSERT INTO AGENT_MOVEMENT_RAW_LOG VALUES(1768,0.45354732086486427E0,'2026-03-22 00:11:10.499000','2026-03-22 00:11:14.099000',2802)
COMMIT
INSERT INTO AGENT_MOVEMENT_RAW_LOG VALUES(1781,0.7115098424530683E0,'2026-03-22 00:11:10.499000','2026-03-22 00:11:14.099000',2803)
COMMIT
INSERT INTO AGENT_MOVEMENT_RAW_LOG VALUES(1776,0.6349250070908516E0,'2026-03-22 00:11:10.799000','2026-03-22 00:11:14.399000',2804)
COMMIT
INSERT INTO AGENT_MOVEMENT_RAW_LOG VALUES(1798,0.3792768756920934E0,'2026-03-22 00:11:10.799000','2026-03-22 00:11:14.399000',2805)
COMMIT
INSERT INTO AGENT_MOVEMENT_RAW_LOG VALUES(1767,0.48747895745124203E0,'2026-03-22 00:11:11.099000','2026-03-22 00:11:14.699000',2806)
COMMIT
INSERT INTO AGENT_MOVEMENT_RAW_LOG VALUES(1769,0.6590935074763012E0,'2026-03-22 00:11:11.099000','2026-03-22 00:11:14.699000',2807)
COMMIT
INSERT INTO AGENT_MOVEMENT_RAW_LOG VALUES(1778,0.6506993158126859E0,'2026-03-22 00:11:11.099000','2026-03-22 00:11:14.699000',2808)
COMMIT
INSERT INTO AGENT_MOVEMENT_RAW_LOG VALUES(1779,0.4548172434462833E0,'2026-03-22 00:11:11.099000','2026-03-22 00:11:14.699000',2809)
COMMIT
INSERT INTO AGENT_MOVEMENT_RAW_LOG VALUES(1780,0.272365755485483E0,'2026-03-22 00:11:11.099000','2026-03-22 00:11:14.699000',2810)
COMMIT
INSERT INTO AGENT_MOVEMENT_RAW_LOG VALUES(1801,0.32916033926247884E0,'2026-03-22 00:11:11.399000','2026-03-22 00:11:14.999000',2811)
COMMIT
INSERT INTO AGENT_MOVEMENT_RAW_LOG VALUES(1761,0.38097782508835454E0,'2026-03-22 00:11:11.699000','2026-03-22 00:11:15.299000',2812)
COMMIT
INSERT INTO AGENT_MOVEMENT_RAW_LOG VALUES(1763,0.5684628418035677E0,'2026-03-22 00:11:11.999000','2026-03-22 00:11:15.599000',2813)
COMMIT
INSERT INTO AGENT_MOVEMENT_RAW_LOG VALUES(1799,0.2085839451109082E0,'2026-03-22 00:11:12.299000','2026-03-22 00:11:15.899000',2814)
COMMIT
INSERT INTO AGENT_MOVEMENT_RAW_LOG VALUES(1818,0.6947598469228095E0,'2026-03-22 00:11:09.903000','2026-03-22 00:11:15.899000',2815)
COMMIT
INSERT INTO AGENT_MOVEMENT_RAW_LOG VALUES(1777,0.6168658174860291E0,'2026-03-22 00:11:12.599000','2026-03-22 00:11:16.199000',2816)
COMMIT
INSERT INTO AGENT_MOVEMENT_RAW_LOG VALUES(1800,0.1842554172534555E0,'2026-03-22 00:11:12.899000','2026-03-22 00:11:16.499000',2817)
COMMIT
INSERT INTO AGENT_MOVEMENT_RAW_LOG VALUES(1758,0.23095592676864254E0,'2026-03-22 00:11:13.199000','2026-03-22 00:11:16.799000',2818)
COMMIT
INSERT INTO AGENT_MOVEMENT_RAW_LOG VALUES(1782,0.13137048461297737E0,'2026-03-22 00:11:13.199000','2026-03-22 00:11:16.799000',2819)
COMMIT
INSERT INTO AGENT_MOVEMENT_RAW_LOG VALUES(1823,0.4156579047406484E0,'2026-03-22 00:11:07.643000','2026-03-22 00:11:16.799000',2820)
COMMIT
INSERT INTO FLOWCHART_ENTRIES_RAW_LOG VALUES(60,1823,NULL,'2026-03-22 00:11:16.799000')
COMMIT
INSERT INTO DESTROYED_AGENTS_RAW_LOG VALUES(1823,'2026-03-22 00:11:16.799000',36)
COMMIT
INSERT INTO AGENT_MOVEMENT_RAW_LOG VALUES(1762,0.7753528657388198E0,'2026-03-22 00:11:13.499000','2026-03-22 00:11:17.099000',2821)
COMMIT
INSERT INTO AGENT_MOVEMENT_RAW_LOG VALUES(1764,0.4543998199928742E0,'2026-03-22 00:11:13.499000','2026-03-22 00:11:17.099000',2822)
COMMIT
INSERT INTO AGENT_MOVEMENT_RAW_LOG VALUES(1783,0.4179697111848545E0,'2026-03-22 00:11:13.499000','2026-03-22 00:11:17.099000',2823)
COMMIT
INSERT INTO AGENT_MOVEMENT_RAW_LOG VALUES(1766,0.5133030855825959E0,'2026-03-22 00:11:13.799000','2026-03-22 00:11:17.399000',2824)
COMMIT
INSERT INTO AGENT_MOVEMENT_RAW_LOG VALUES(1759,0.5382002442105074E0,'2026-03-22 00:11:14.099000','2026-03-22 00:11:17.699000',2825)
COMMIT
INSERT INTO AGENT_MOVEMENT_RAW_LOG VALUES(1760,0.3719911388859299E0,'2026-03-22 00:11:14.099000','2026-03-22 00:11:17.699000',2826)
COMMIT
INSERT INTO AGENT_MOVEMENT_RAW_LOG VALUES(1765,0.5438387940629842E0,'2026-03-22 00:11:14.099000','2026-03-22 00:11:17.699000',2827)
COMMIT
INSERT INTO AGENT_MOVEMENT_RAW_LOG VALUES(1768,0.45135540066240615E0,'2026-03-22 00:11:14.099000','2026-03-22 00:11:17.699000',2828)
COMMIT
INSERT INTO AGENT_MOVEMENT_RAW_LOG VALUES(1781,0.7242326130684859E0,'2026-03-22 00:11:14.099000','2026-03-22 00:11:17.699000',2829)
COMMIT
INSERT INTO AGENT_MOVEMENT_RAW_LOG VALUES(1821,1.1184172363211242E0,'2026-03-22 00:11:13.398000','2026-03-22 00:11:17.699000',2830)
COMMIT
INSERT INTO AGENT_MOVEMENT_RAW_LOG VALUES(1776,0.6356153167923859E0,'2026-03-22 00:11:14.399000','2026-03-22 00:11:17.999000',2831)
COMMIT
INSERT INTO AGENT_MOVEMENT_RAW_LOG VALUES(1798,0.4042011746855733E0,'2026-03-22 00:11:14.399000','2026-03-22 00:11:17.999000',2832)
COMMIT
INSERT INTO AGENT_MOVEMENT_RAW_LOG VALUES(1767,0.49266457507502215E0,'2026-03-22 00:11:14.699000','2026-03-22 00:11:18.299000',2833)
COMMIT
INSERT INTO AGENT_MOVEMENT_RAW_LOG VALUES(1769,0.6576294207495708E0,'2026-03-22 00:11:14.699000','2026-03-22 00:11:18.299000',2834)
COMMIT
INSERT INTO AGENT_MOVEMENT_RAW_LOG VALUES(1778,0.6498362417105328E0,'2026-03-22 00:11:14.699000','2026-03-22 00:11:18.299000',2835)
COMMIT
INSERT INTO AGENT_MOVEMENT_RAW_LOG VALUES(1779,0.4468543085775141E0,'2026-03-22 00:11:14.699000','2026-03-22 00:11:18.299000',2836)
COMMIT
INSERT INTO AGENT_MOVEMENT_RAW_LOG VALUES(1780,0.2661182547374695E0,'2026-03-22 00:11:14.699000','2026-03-22 00:11:18.299000',2837)
COMMIT
INSERT INTO AGENT_MOVEMENT_RAW_LOG VALUES(1801,0.3054713094865417E0,'2026-03-22 00:11:14.999000','2026-03-22 00:11:18.599000',2838)
COMMIT
INSERT INTO AGENT_MOVEMENT_RAW_LOG VALUES(1761,0.39025296885752947E0,'2026-03-22 00:11:15.299000','2026-03-22 00:11:18.899000',2839)
COMMIT
INSERT INTO AGENT_MOVEMENT_RAW_LOG VALUES(1763,0.5675360087250185E0,'2026-03-22 00:11:15.599000','2026-03-22 00:11:19.199000',2840)
COMMIT
INSERT INTO AGENT_MOVEMENT_RAW_LOG VALUES(1799,0.20658049538221565E0,'2026-03-22 00:11:15.899000','2026-03-22 00:11:19.499000',2841)
COMMIT
INSERT INTO AGENT_MOVEMENT_RAW_LOG VALUES(1777,0.6224968598552281E0,'2026-03-22 00:11:16.199000','2026-03-22 00:11:19.799000',2842)
COMMIT
INSERT INTO AGENT_MOVEMENT_RAW_LOG VALUES(1816,0.430426624095835E0,'2026-03-22 00:11:09.903000','2026-03-22 00:11:19.799000',2843)
COMMIT
INSERT INTO FLOWCHART_ENTRIES_RAW_LOG VALUES(61,1816,NULL,'2026-03-22 00:11:19.799000')
COMMIT
INSERT INTO DESTROYED_AGENTS_RAW_LOG VALUES(1816,'2026-03-22 00:11:19.799000',37)
COMMIT
INSERT INTO AGENT_MOVEMENT_RAW_LOG VALUES(1800,0.17579246171200738E0,'2026-03-22 00:11:16.499000','2026-03-22 00:11:20.099000',2844)
COMMIT
INSERT INTO AGENT_MOVEMENT_RAW_LOG VALUES(1758,0.22662002669874298E0,'2026-03-22 00:11:16.799000','2026-03-22 00:11:20.399000',2845)
COMMIT
INSERT INTO AGENT_MOVEMENT_RAW_LOG VALUES(1782,0.1261036228201605E0,'2026-03-22 00:11:16.799000','2026-03-22 00:11:20.399000',2846)
COMMIT
INSERT INTO AGENT_MOVEMENT_RAW_LOG VALUES(1762,0.7776127837864536E0,'2026-03-22 00:11:17.099000','2026-03-22 00:11:20.699000',2847)
COMMIT
INSERT INTO AGENT_MOVEMENT_RAW_LOG VALUES(1764,0.43128611004094125E0,'2026-03-22 00:11:17.099000','2026-03-22 00:11:20.699000',2848)
COMMIT
INSERT INTO AGENT_MOVEMENT_RAW_LOG VALUES(1783,0.4179088272521291E0,'2026-03-22 00:11:17.099000','2026-03-22 00:11:20.699000',2849)
COMMIT
INSERT INTO AGENT_MOVEMENT_RAW_LOG VALUES(1766,0.5198680652810347E0,'2026-03-22 00:11:17.399000','2026-03-22 00:11:20.999000',2850)
COMMIT
INSERT INTO AGENT_MOVEMENT_RAW_LOG VALUES(1759,0.5331970635586447E0,'2026-03-22 00:11:17.699000','2026-03-22 00:11:21.299000',2851)
COMMIT
INSERT INTO AGENT_MOVEMENT_RAW_LOG VALUES(1760,0.3729863845803337E0,'2026-03-22 00:11:17.699000','2026-03-22 00:11:21.299000',2852)
COMMIT
INSERT INTO AGENT_MOVEMENT_RAW_LOG VALUES(1765,0.5467894470177533E0,'2026-03-22 00:11:17.699000','2026-03-22 00:11:21.299000',2853)
COMMIT
INSERT INTO AGENT_MOVEMENT_RAW_LOG VALUES(1768,0.4512310893893903E0,'2026-03-22 00:11:17.699000','2026-03-22 00:11:21.299000',2854)
COMMIT
INSERT INTO AGENT_MOVEMENT_RAW_LOG VALUES(1781,0.7450794203152938E0,'2026-03-22 00:11:17.699000','2026-03-22 00:11:21.299000',2855)
COMMIT
INSERT INTO AGENT_MOVEMENT_RAW_LOG VALUES(1776,0.6421046826615908E0,'2026-03-22 00:11:17.999000','2026-03-22 00:11:21.599000',2856)
COMMIT
INSERT INTO AGENT_MOVEMENT_RAW_LOG VALUES(1798,0.39615781935363886E0,'2026-03-22 00:11:17.999000','2026-03-22 00:11:21.599000',2857)
COMMIT
INSERT INTO AGENT_MOVEMENT_RAW_LOG VALUES(1822,0.9170823467888717E0,'2026-03-22 00:11:17.039000','2026-03-22 00:11:21.599000',2858)
COMMIT
INSERT INTO AGENT_MOVEMENT_RAW_LOG VALUES(1767,0.5036570428994132E0,'2026-03-22 00:11:18.299000','2026-03-22 00:11:21.899000',2859)
COMMIT
INSERT INTO AGENT_MOVEMENT_RAW_LOG VALUES(1769,0.6776170152998088E0,'2026-03-22 00:11:18.299000','2026-03-22 00:11:21.899000',2860)
COMMIT
INSERT INTO AGENT_MOVEMENT_RAW_LOG VALUES(1778,0.6486759208051389E0,'2026-03-22 00:11:18.299000','2026-03-22 00:11:21.899000',2861)
COMMIT
INSERT INTO AGENT_MOVEMENT_RAW_LOG VALUES(1779,0.4804408563484455E0,'2026-03-22 00:11:18.299000','2026-03-22 00:11:21.899000',2862)
COMMIT
INSERT INTO AGENT_MOVEMENT_RAW_LOG VALUES(1780,0.28036809713818733E0,'2026-03-22 00:11:18.299000','2026-03-22 00:11:21.899000',2863)
COMMIT
INSERT INTO AGENT_MOVEMENT_RAW_LOG VALUES(1801,0.2846667019228772E0,'2026-03-22 00:11:18.599000','2026-03-22 00:11:22.199000',2864)
COMMIT
INSERT INTO AGENT_MOVEMENT_RAW_LOG VALUES(1761,0.39919885939397237E0,'2026-03-22 00:11:18.899000','2026-03-22 00:11:22.499000',2865)
COMMIT
INSERT INTO AGENT_MOVEMENT_RAW_LOG VALUES(1763,0.5663656243950502E0,'2026-03-22 00:11:19.199000','2026-03-22 00:11:22.799000',2866)
COMMIT
INSERT INTO AGENT_MOVEMENT_RAW_LOG VALUES(1826,0.42795601403205114E0,'2026-03-22 00:11:13.398000','2026-03-22 00:11:22.799000',2867)
COMMIT
INSERT INTO FLOWCHART_ENTRIES_RAW_LOG VALUES(62,1826,242,'2026-03-22 00:11:22.799000')
COMMIT
INSERT INTO AGENTS_RAW_LOG VALUES(1827,19,'<population>[110]','2026-03-22 00:11:22.880000',267)
COMMIT
DELETE FROM AGENTS_RAW_LOG WHERE ID=1827
INSERT INTO AGENTS_RAW_LOG VALUES(1827,19,'root.<population>[110]','2026-03-22 00:11:22.880000',267)
COMMIT
INSERT INTO AGENT_MOVEMENT_RAW_LOG VALUES(1799,0.2022989463440868E0,'2026-03-22 00:11:19.499000','2026-03-22 00:11:23.099000',2868)
COMMIT
INSERT INTO AGENTS_RAW_LOG VALUES(1828,19,'<population>[111]','2026-03-22 00:11:23.116000',268)
COMMIT
DELETE FROM AGENTS_RAW_LOG WHERE ID=1828
INSERT INTO AGENTS_RAW_LOG VALUES(1828,19,'root.<population>[111]','2026-03-22 00:11:23.116000',268)
COMMIT
INSERT INTO AGENTS_RAW_LOG VALUES(1829,19,'<population>[112]','2026-03-22 00:11:23.246000',269)
COMMIT
DELETE FROM AGENTS_RAW_LOG WHERE ID=1829
INSERT INTO AGENTS_RAW_LOG VALUES(1829,19,'root.<population>[112]','2026-03-22 00:11:23.246000',269)
COMMIT
INSERT INTO AGENT_MOVEMENT_RAW_LOG VALUES(1777,0.6067255846421535E0,'2026-03-22 00:11:19.799000','2026-03-22 00:11:23.399000',2869)
COMMIT
INSERT INTO AGENT_MOVEMENT_RAW_LOG VALUES(1829,0.0E0,'2026-03-22 00:11:23.246000','2026-03-22 00:11:23.448000',2870)
COMMIT
INSERT INTO AGENT_MOVEMENT_RAW_LOG VALUES(1800,0.17613600596373769E0,'2026-03-22 00:11:20.099000','2026-03-22 00:11:23.699000',2871)
COMMIT
INSERT INTO AGENT_MOVEMENT_RAW_LOG VALUES(1758,0.22228415720310632E0,'2026-03-22 00:11:20.399000','2026-03-22 00:11:23.999000',2872)
COMMIT
INSERT INTO AGENT_MOVEMENT_RAW_LOG VALUES(1782,0.12843689888282758E0,'2026-03-22 00:11:20.399000','2026-03-22 00:11:23.999000',2873)
COMMIT
INSERT INTO AGENT_MOVEMENT_RAW_LOG VALUES(1762,0.7804569456428145E0,'2026-03-22 00:11:20.699000','2026-03-22 00:11:24.299000',2874)
COMMIT
INSERT INTO AGENT_MOVEMENT_RAW_LOG VALUES(1764,0.42577884623003626E0,'2026-03-22 00:11:20.699000','2026-03-22 00:11:24.299000',2875)
COMMIT
INSERT INTO AGENT_MOVEMENT_RAW_LOG VALUES(1783,0.38297828833559644E0,'2026-03-22 00:11:20.699000','2026-03-22 00:11:24.299000',2876)
COMMIT
INSERT INTO AGENT_MOVEMENT_RAW_LOG VALUES(1825,0.6470795940974694E0,'2026-03-22 00:11:19.150000','2026-03-22 00:11:24.299000',2877)
COMMIT
INSERT INTO AGENT_MOVEMENT_RAW_LOG VALUES(1766,0.526851024590984E0,'2026-03-22 00:11:20.999000','2026-03-22 00:11:24.599000',2878)
COMMIT
INSERT INTO AGENT_MOVEMENT_RAW_LOG VALUES(1759,0.5279470227447349E0,'2026-03-22 00:11:21.299000','2026-03-22 00:11:24.899000',2879)
COMMIT
INSERT INTO AGENT_MOVEMENT_RAW_LOG VALUES(1760,0.3741996406266009E0,'2026-03-22 00:11:21.299000','2026-03-22 00:11:24.899000',2880)
COMMIT
INSERT INTO AGENT_MOVEMENT_RAW_LOG VALUES(1765,0.5509398777812583E0,'2026-03-22 00:11:21.299000','2026-03-22 00:11:24.899000',2881)
COMMIT
INSERT INTO AGENT_MOVEMENT_RAW_LOG VALUES(1768,0.44909093512035975E0,'2026-03-22 00:11:21.299000','2026-03-22 00:11:24.899000',2882)
COMMIT
INSERT INTO AGENT_MOVEMENT_RAW_LOG VALUES(1781,0.7397550442197278E0,'2026-03-22 00:11:21.299000','2026-03-22 00:11:24.899000',2883)
COMMIT
INSERT INTO AGENT_MOVEMENT_RAW_LOG VALUES(1776,0.6723621643402808E0,'2026-03-22 00:11:21.599000','2026-03-22 00:11:25.199000',2884)
COMMIT
INSERT INTO AGENT_MOVEMENT_RAW_LOG VALUES(1798,0.38737595229818317E0,'2026-03-22 00:11:21.599000','2026-03-22 00:11:25.199000',2885)
COMMIT
INSERT INTO AGENT_MOVEMENT_RAW_LOG VALUES(1818,0.5135483583672679E0,'2026-03-22 00:11:17.039000','2026-03-22 00:11:25.199000',2886)
COMMIT
INSERT INTO FLOWCHART_ENTRIES_RAW_LOG VALUES(63,1818,NULL,'2026-03-22 00:11:25.199000')
COMMIT
INSERT INTO DESTROYED_AGENTS_RAW_LOG VALUES(1818,'2026-03-22 00:11:25.199000',38)
COMMIT
INSERT INTO AGENT_MOVEMENT_RAW_LOG VALUES(1767,0.49273038380527406E0,'2026-03-22 00:11:21.899000','2026-03-22 00:11:25.499000',2887)
COMMIT
INSERT INTO AGENT_MOVEMENT_RAW_LOG VALUES(1769,0.6809522665782995E0,'2026-03-22 00:11:21.899000','2026-03-22 00:11:25.499000',2888)
COMMIT
INSERT INTO AGENT_MOVEMENT_RAW_LOG VALUES(1778,0.6487906371479755E0,'2026-03-22 00:11:21.899000','2026-03-22 00:11:25.499000',2889)
COMMIT
INSERT INTO AGENT_MOVEMENT_RAW_LOG VALUES(1779,0.46308696453311365E0,'2026-03-22 00:11:21.899000','2026-03-22 00:11:25.499000',2890)
COMMIT
INSERT INTO AGENT_MOVEMENT_RAW_LOG VALUES(1780,0.2718857982517923E0,'2026-03-22 00:11:21.899000','2026-03-22 00:11:25.499000',2891)
COMMIT
INSERT INTO AGENT_MOVEMENT_RAW_LOG VALUES(1801,0.28739264042036355E0,'2026-03-22 00:11:22.199000','2026-03-22 00:11:25.799000',2892)
COMMIT
INSERT INTO AGENT_MOVEMENT_RAW_LOG VALUES(1761,0.4077157922388431E0,'2026-03-22 00:11:22.499000','2026-03-22 00:11:26.099000',2893)
COMMIT
INSERT INTO AGENT_MOVEMENT_RAW_LOG VALUES(1763,0.5653230107550731E0,'2026-03-22 00:11:22.799000','2026-03-22 00:11:26.399000',2894)
COMMIT
INSERT INTO AGENT_MOVEMENT_RAW_LOG VALUES(1799,0.20232200691755803E0,'2026-03-22 00:11:23.099000','2026-03-22 00:11:26.699000',2895)
COMMIT
INSERT INTO AGENT_MOVEMENT_RAW_LOG VALUES(1777,0.6026545589508122E0,'2026-03-22 00:11:23.399000','2026-03-22 00:11:26.999000',2896)
COMMIT
INSERT INTO AGENT_MOVEMENT_RAW_LOG VALUES(1800,0.17840159090360827E0,'2026-03-22 00:11:23.699000','2026-03-22 00:11:27.299000',2897)
COMMIT
INSERT INTO AGENT_MOVEMENT_RAW_LOG VALUES(1758,0.21794837364194292E0,'2026-03-22 00:11:23.999000','2026-03-22 00:11:27.599000',2898)
COMMIT
INSERT INTO AGENT_MOVEMENT_RAW_LOG VALUES(1782,0.13349214181667005E0,'2026-03-22 00:11:23.999000','2026-03-22 00:11:27.599000',2899)
COMMIT
INSERT INTO AGENT_MOVEMENT_RAW_LOG VALUES(1762,0.7835533611808312E0,'2026-03-22 00:11:24.299000','2026-03-22 00:11:27.899000',2900)
COMMIT
INSERT INTO AGENT_MOVEMENT_RAW_LOG VALUES(1764,0.46637466938100114E0,'2026-03-22 00:11:24.299000','2026-03-22 00:11:27.899000',2901)
COMMIT
INSERT INTO AGENT_MOVEMENT_RAW_LOG VALUES(1783,0.3651427485628951E0,'2026-03-22 00:11:24.299000','2026-03-22 00:11:27.899000',2902)
COMMIT
INSERT INTO AGENT_MOVEMENT_RAW_LOG VALUES(1766,0.5338776082343643E0,'2026-03-22 00:11:24.599000','2026-03-22 00:11:28.199000',2903)
COMMIT
INSERT INTO AGENT_MOVEMENT_RAW_LOG VALUES(1759,0.5270413569233937E0,'2026-03-22 00:11:24.899000','2026-03-22 00:11:28.499000',2904)
COMMIT
INSERT INTO AGENT_MOVEMENT_RAW_LOG VALUES(1760,0.37544545208638436E0,'2026-03-22 00:11:24.899000','2026-03-22 00:11:28.499000',2905)
COMMIT
INSERT INTO AGENT_MOVEMENT_RAW_LOG VALUES(1765,0.5555752509859481E0,'2026-03-22 00:11:24.899000','2026-03-22 00:11:28.499000',2906)
COMMIT
INSERT INTO AGENT_MOVEMENT_RAW_LOG VALUES(1768,0.4455519031102692E0,'2026-03-22 00:11:24.899000','2026-03-22 00:11:28.499000',2907)
COMMIT
INSERT INTO AGENT_MOVEMENT_RAW_LOG VALUES(1781,0.74974438146977E0,'2026-03-22 00:11:24.899000','2026-03-22 00:11:28.499000',2908)
COMMIT
INSERT INTO AGENT_MOVEMENT_RAW_LOG VALUES(1776,0.6816763750480633E0,'2026-03-22 00:11:25.199000','2026-03-22 00:11:28.799000',2909)
COMMIT
INSERT INTO AGENT_MOVEMENT_RAW_LOG VALUES(1798,0.39284688641013E0,'2026-03-22 00:11:25.199000','2026-03-22 00:11:28.799000',2910)
COMMIT
INSERT INTO AGENT_MOVEMENT_RAW_LOG VALUES(1767,0.4981990625110134E0,'2026-03-22 00:11:25.499000','2026-03-22 00:11:29.099000',2911)
COMMIT
INSERT INTO AGENT_MOVEMENT_RAW_LOG VALUES(1769,0.6850405837555548E0,'2026-03-22 00:11:25.499000','2026-03-22 00:11:29.099000',2912)
COMMIT
INSERT INTO AGENT_MOVEMENT_RAW_LOG VALUES(1778,0.649713622835712E0,'2026-03-22 00:11:25.499000','2026-03-22 00:11:29.099000',2913)
COMMIT
INSERT INTO AGENT_MOVEMENT_RAW_LOG VALUES(1779,0.43379615424813944E0,'2026-03-22 00:11:25.499000','2026-03-22 00:11:29.099000',2914)
COMMIT
INSERT INTO AGENT_MOVEMENT_RAW_LOG VALUES(1780,0.2668483638029036E0,'2026-03-22 00:11:25.499000','2026-03-22 00:11:29.099000',2915)
COMMIT
INSERT INTO AGENT_MOVEMENT_RAW_LOG VALUES(1824,0.7374249200312976E0,'2026-03-22 00:11:23.448000','2026-03-22 00:11:29.099000',2916)
COMMIT
INSERT INTO AGENT_MOVEMENT_RAW_LOG VALUES(1801,0.3020527870213696E0,'2026-03-22 00:11:25.799000','2026-03-22 00:11:29.399000',2917)
COMMIT
INSERT INTO AGENT_MOVEMENT_RAW_LOG VALUES(1821,0.40384418693524393E0,'2026-03-22 00:11:19.150000','2026-03-22 00:11:29.399000',2918)
COMMIT
INSERT INTO AGENT_MOVEMENT_RAW_LOG VALUES(1761,0.41437905754791915E0,'2026-03-22 00:11:26.099000','2026-03-22 00:11:29.699000',2919)
COMMIT
INSERT INTO AGENT_MOVEMENT_RAW_LOG VALUES(1763,0.5645816026207792E0,'2026-03-22 00:11:26.399000','2026-03-22 00:11:29.999000',2920)
COMMIT
INSERT INTO AGENT_MOVEMENT_RAW_LOG VALUES(1799,0.2102086499365183E0,'2026-03-22 00:11:26.699000','2026-03-22 00:11:30.299000',2921)
COMMIT
INSERT INTO AGENT_MOVEMENT_RAW_LOG VALUES(1777,0.5970474353073107E0,'2026-03-22 00:11:26.999000','2026-03-22 00:11:30.599000',2922)
COMMIT
INSERT INTO AGENT_MOVEMENT_RAW_LOG VALUES(1821,1.8730500534468062E0,'2026-03-22 00:11:29.399000','2026-03-22 00:11:30.599000',2923)
COMMIT
INSERT INTO FLOWCHART_ENTRIES_RAW_LOG VALUES(64,1821,NULL,'2026-03-22 00:11:30.599000')
COMMIT
INSERT INTO DESTROYED_AGENTS_RAW_LOG VALUES(1821,'2026-03-22 00:11:30.599000',39)
COMMIT
INSERT INTO AGENT_MOVEMENT_RAW_LOG VALUES(1800,0.18200339496319895E0,'2026-03-22 00:11:27.299000','2026-03-22 00:11:30.899000',2924)
COMMIT
